uid,name,description,species_taxon_id,species_name,confidence_score,condensate_type,infectious_agent_species_id,infectious_agent_species_name
03FC3A53,Synthetic Condensate 000074,,9606,Homo sapiens,3,synthetic,,
ECE45DA7,Synthetic Condensate 000150,,36200,Dissostichus mawsoni,3,synthetic,,
99074DA8,PCBP2 condensates,"The PCBP2 condensate is a biomolecular condensate formed as a result of phase separation of poly(C)-binding protein 2 (PCBP2). PCBP2 condensates sequester mitochondrial and mRNA-binding proteins, leading to the outside impairment of mitochondrial morphology and function, and BACE1 mRNA decay relative to amyloid deposition. Mitochondrial proteins sequestered by PCBP2 are not found in reported processing bodies (PB) or stress granules (SG).",10090,Mus musculus,5,biomolecular,,
904EB3AA,CEBPZ condensates,CEBPZ protein undergoes liquid-liquid phase separation. Affecting its phase separation seems to alleviate signs of liver fibrosis.,9606,Homo sapiens,3,biomolecular,,
D5A5F0CB,TRIM45 bodies,Cytoplasmic Puncta,9606,Homo sapiens,4,biomolecular,,
51029B16,mInsc-LGN-NuMA condensate,"The mInsc-LGN-NuMA condensate is a membraneless compartment that enables coexistence of competitive binding partners. The mInsc protein acts as a bridge, enabling local concentration of competitive NuMA and mInsc with LGN in the same condensate. The condensate is described to be important for spindle orientation machinery assembly during asymmetric cell division.",9606,Homo sapiens,4,biomolecular,,
6F419402,Cactin condensate,"Cactin condensates are droplet-like particles formed through liquid-liquid phase separation (LLPS) within the nucleus of Drosophila cells. These structures exhibit dynamic, liquid-like behaviors.",7227,Drosophila melanogaster,3,biomolecular,,
CCFFAF5A,Junctional condensate,"Tight junctions are cell-adhesion complexes between neighbouring cells. The membrane-associated scaffolding proteins ZO1 and ZO2 are required for tight junction supra-molecular construction and placement as continuous networks of adhesion strands. Recent research have shown that ZO proteins self-organize membrane-attached compartments by phase separation and identified the multivalent interactions of the conserved PDZ-SH3-GuK supra-domain as the mechanism underlying ZO phase separation.
The polarity protein PATJ protein is recruited to ZO-1 condensates and supports transition of ZO-1 into a condensed surface layer that elongates around the apical interface.",9606,Homo sapiens,4,biomolecular,,
19A54EA0,Sponge body,Sponge bodies are sub-cellular structures in the cytoplasm of oocyte and nurse cell in Drosophila ovaries. Sponge bodies are crucial in transcription regulation,7227,Drosophila melanogaster,1,biomolecular,,
46DAEB10,Synthetic Condensate 000167,,0,Chimeras,3,synthetic,,
FF8F0FD5,Synthetic Condensate 000384,Synthetic compound induces condensation of labelled tubulin in vitro and in cellulo,9606,Homo sapiens,4,synthetic,,
92558670,PML body,"PML bodies are nuclear condensates detected by the PML protein, as their name suggests. The PML protein polymerizes into spherical shells where it concentrates several unrelated partner proteins into the PML bodies. PML is found in nearly all normal human tissues and produces PML bodies, which play a role in gene regulation and cellular activities like DNA repair, cell cycle control, and cell fate decisions.",244,Planomicrobium okeanokoites,1,biomolecular,,
A0B10078,Nuclear Speckle,"Nuclear speckles are condensates involved in RNA processing defined by scaffolding proteins like SRRM2. During infection, HIV-1 hijacks these condensates to provide an environment for a protected site for viral reverse transcription and uncoating.",9606,Homo sapiens,4,infectious,1111676,Mycoplasma haemocanis (strain Illinois)
42323686,Synthetic Condensate 000212,,1140,Synechococcus elongatus (strain PCC 7942 / FACHB-805),3,synthetic,,
2D4CEA55,Stress Granule,Stress granules (SGs) are condensed membrane-less organelles that form dynamically as RNA and protein (RNP) phase separate during physiological stress. Mycobacterium tuberculosis (Mtb) infection induces formation of SGs. SGs are proposed to facilitate Mycobacterium tuberculosis (Mtb) pathogenesis by dampening mitochondrial metabolism and innate immunity.,9606,Homo sapiens,4,infectious,83332,Mycobacterium tuberculosis (strain ATCC 25618 / H37Rv)
A771B61B,Synthetic Condensate 000236,,559292,Saccharomyces cerevisiae (strain ATCC 204508 / S288c),3,synthetic,,
CF22E771,Synthetic Condensate 000181,,9606,Homo sapiens,3,synthetic,,
923DEEBC,IL-1b-induced INAVA condensates,IL-1β-Induced INAVA Condensates are a specific physiological manifestation of INAVA condensates formed in response to the inflammatory cytokine Interleukin-1β (IL-1β). They represent a rapid physiological inflammatory response that naturally resolves within a few hours through disassembly rather than protein degradation,9606,Homo sapiens,4,biomolecular,,
7231FD3C,Synthetic Condensate 000185,,9606,Homo sapiens,3,synthetic,,
576F0A76,Centrosome,"Cetrosomes are the main microtubule organising centers (MTOC) of animal cells and thus are critical in regulating cell-cycle progression. Centrosomes nucleate microtubules during mitosis, allowing for chromosomal segregation. Each centrosome contains 2 centrioles arranged perpendicularly and surrounded by pericentriolar material (PCM).",284812,Schizosaccharomyces pombe (strain 972 / ATCC 24843),1,biomolecular,,
01ADBBD5,Synthetic Condensate 000031,,9606,Homo sapiens,3,synthetic,,
0BA9F057,p53 condensate,p53 forms dynamic condensates in cells and in vitro. These condensates are proposed to have the anti-tumorigenic activity.,9606,Homo sapiens,4,biomolecular,,
5AAA2F68,Synthetic Condensate 000140,,9606,Homo sapiens,3,synthetic,,
CABCA76D,Synthetic Condensate 000018,,0,Chimeras,3,synthetic,,
D19EB1EA,SDC4 exosomal condensate,cell-membrane associated condensate driven by SDC4 critical for exosome formation and secretion,9606,Homo sapiens,4,biomolecular,,
B9AF1FB1,mInsc-Par6β-Par3 condensate,"The Par3 condensate enables the coexistence of mInsc and Par6β while their competitive binding to the same PDZ3 domain. The condensate exhibits dynamic and heterogeneous nature, allowing rapid component exchange with all three proteins colocalize and enrich within autonomously formed droplets.",9606,Homo sapiens,4,biomolecular,,
321ACA04,Mieap condensate,"Mieap biomolecular condensate (Mi-BC), is a membraneless organelle formed within mitochondria through liquid-liquid phase separation (LLPS)). These condensates play a crucial role in mitochondrial quality control by regulating the metabolism of cardiolipin (CL), a key phospholipid of the inner mitochondrial membrane.",9606,Homo sapiens,4,biomolecular,,
28F24DDF,Synthetic Condensate 000256,,0,Chimeras,3,synthetic,,
5050C028,CP29A condensate,"The CP29A condensates are membrane-less compartments that form within the chloroplasts of Arabidopsis thaliana, particularly during cold acclimation. These droplets are typically found in close proximity to chloroplast nucleoids. The formation of these condensates is driven by a prion-like domain (PLD) within the CP29A protein and is crucial for the plant's resistance to cold",3702,Arabidopsis thaliana,5,biomolecular,,
200B29C3,EML4-ALK condensates,"EML4-ALK fusion oncoprotein common to human cancers forms cytoplasmic biomoelcular condensates, which participate in MAPK signalling",9606,Homo sapiens,4,biomolecular,,
99EB68D3,Nuclear pore complex,"Nucleocytoplasmic exchange is mediated by nuclear pore complexes (NPCs). They're massive protein complexes that join the inner and outer nuclear membranes to create channels that span the nuclear envelope. Nucleoporins, which are made up of about 30 different protein components, assemble in many copies to form a complicated cylindrical architecture to the nuclear pores.",7227,Drosophila melanogaster,3,biomolecular,,
F6300417,Synthetic Condensate 000082,,6239,Caenorhabditis elegans,3,synthetic,,
C05F05FE,Synthetic Condensate 000079,,9606,Homo sapiens,3,synthetic,,
9CC59152,Nucleolus,"Nucleolus is the largest and the first membrane-less organelle which was identified. It is composed of a fibrillar centre (FC), dense fibrillar component (DFC) and granular component (GC).  The nucleolus is a dynamic structure that disassembles during mitosis and reassembles after cell division. The nucleolus is responsible for ribosome biogenesis in eucaryotic cells, which are essential macromolecular machines responsible for synthesizing all proteins required by the cell. The nucleoli are now known to act as sensors and regulators of cellular responses, such as apoptosis, DNA damage response, epigenetic modification, genome stability, proliferation, senescence and signal transduction.",10141,Cavia porcellus,1,biomolecular,,
86739B61,Synthetic Condensate 000279,"Morphology: In Vitro Droplet Formation,In Vitro Frap,In Vivo Droplet Formation,In Vivo Frap; Main protein: Q6NZI2; Partner Proteins: Q03135; In the absence of Cavin1 MBP–GBP–CAV1 did not undergo LLPS on its own. However, when GFP-labelled MBP–GBP–CAV1 was mixed with Cavin1 it was recruited to Cavin1 liquid droplets.",9606,Homo sapiens,1,synthetic,,
E5DE0AD2,Synthetic Condensate 000251,,9606,Homo sapiens,3,synthetic,,
BA10A4D8,Htt inclusion,"Inclusion bodies are insoluble aggregates of misfolded proteins inside the cell. A common pathogenic event in a range of neurodegenerative illnesses is aggregated proteins from the cytoplasm of nerve cells and glia. Misfolding and aggregation of huntingtin (Htt) protein results in Huntington's disease (HD), which is the most prevalent inherited neurodegenerative disease. The HD mutation causes an excessively long polyglutamine (polyQ) expansion in the Htt, which makes the protein more prone to aggregate.",559292,Saccharomyces cerevisiae (strain ATCC 204508 / S288c),5,biomolecular,,
394AC681,cGAS foci,The cytosolic DNA sensor cGMP-AMP (cGAMP) synthase (cGAS) detects both pathogenic and mislocalized DNA in the cytoplasm and activates innate immunity. The immunological response to cancer and pathogen infection is dependent on cGAS detection of cytosolic DNA. The spatial limitation of the DNA sensor cGAS prevents abnormal intracellular detection of self-DNA. The development of cytoplasmic foci containing cGAS and DNA is triggered by DNA emerging in the cytoplasm. Human cGAS (h-cGAS) constitutes an important therapeutic target for modulation of antiinflammatory responses that can contribute to the emergence of autoimmune disorders.,10090,Mus musculus,1,biomolecular,,
5253F164,YBX1 condensate,YBX1 is proposed to undergo liquid-liquid phase separation (LLPS) to form condensates in vitro and in cells . YBX1 condensates recruit microRNAs (such as miR-223) in vitro and into exosomes secreted by cultured cells.,9606,Homo sapiens,4,biomolecular,,
11FDE679,Synthetic Condensate 000054,,9606,Homo sapiens,1,synthetic,,
AE6B9C0B,BR-body,"Sinorhizobium meliloti 

Bacterial ribonucleoprotein body involved in RNA processing and decay, containing RNase E. 

strain: Sinorhizobium meliloti (1021) & synonym:  Rhizobium meliloti (1021)",266834,Rhizobium meliloti (strain 1021),5,biomolecular,,
7DC50CA0,Synthetic Condensate 000067,,6239,Caenorhabditis elegans,1,synthetic,,
B4E97D43,α-synuclein condensates,"In human cell models, stressors could promote the abnormal phase separation of α-synuclein, leading to the formation of solid-like, pathological aggregates. This process is linked to cellular stress, including the unfolded protein response, and is considered a key step preceding aggregation in neurodegenerative diseases. In C. elegans models expressing human α-synuclein, the environmental pollutant PHCZ accelerates the formation of α-synuclein condensates and reduces their fluidity, promoting a pathological solid-like state.",9606,Homo sapiens,4,biomolecular,,
B0349C78,Neuronal RNP granule,"Neuronal RNP granules are nonmembrane bound macromolecular condensates that concentrate certain sets of mRNAs and regulatory proteins, allowing them to travel longer distances to axons or dendrites. RNP granules in neurons have a dual role in regulating the translation of linked mRNAs: at rest, they impede mRNA translation, but once activated, they fuel local protein synthesis.",7227,Drosophila melanogaster,5,biomolecular,,
E94C8F89,Tau inclusion,"Inclusion bodies are insoluble aggregates of misfolded proteins inside the cell. A common pathogenic event in a range of neurodegenerative illnesses is aggregated proteins from the cytoplasm of nerve cells and glia. Alzheimer's disease, liquid Tau droplets insoluble Tau aggregates over time.",10090,Mus musculus,1,biomolecular,,
89D22CC2,Synthetic Condensate 000270,"Morphology: In Vitro Droplet Formation,In Vitro Frap,In Vivo Droplet Formation; Main protein: P35637; Partner Proteins: Q92804, Q01844, P09651; when P525L FUS droplets were aged in the presence of EWSR1, TAF15 and hnRNPA1, fiber formation was suppressed. P525L FUS interaction with the investigated RBPs was confirmed by assessing droplet co-localization",9606,Homo sapiens,1,synthetic,,
AC60E16F,Cojusome,"The conjusome plays an important role in the conjugation events that occur in Tetrahymena thermophila. The conjusome appears in the anterior of conjugant pairs during the early stages of new macronuclei (anlagen) development. It lacks a membrane, and is composed of a network of fibrous, electron dense material, containing background cytoplasm and ribosomes. Several proteins localize to this organelle, including Pdd1p, a chromodomain protein that participates in the formation of chromatin-containing structures in developing macronuclear anlagen",5911,Tetrahymena thermophila,4,biomolecular,,
353F5E6C,MORC3 nuclear body,"MORC3 forms phase-separated condensates with liquid-like properties in the cell nucleus, called MORC3 nuclear bodies (NBs). Nuclear bodies are membraneless organelles in the cell nucleus that concentrate certain nuclear proteins.",9606,Homo sapiens,5,biomolecular,,
1A0651A8,Synthetic Condensate 000370,"Morphology: In Vivo Droplet Formation,In Vivo Frap; Main protein: P35637; Partner Proteins: Q07352, Q15717; Expression of the FUS-IDR alone did not generate condensates. Expression of the TIS11B RBD alone is not sufficient for condensate formation. When we fused the RBD of TIS11B to the IDR of FUS to generate FUS TIS, we observed cytoplasmic mesh-like condensates that look very similar to wild-type TIS granules. In the context of two multivalent domains (TIS11B N/C-terminus or FUS-IDR), the RRM1/2 of HuR was sufficient for the generation of mesh-like condensates.",9606,Homo sapiens,1,synthetic,,
DFF57E3B,Synthetic Condensate 000241,,559292,Saccharomyces cerevisiae (strain ATCC 204508 / S288c),3,synthetic,,
F3208D05,Golgin condensate,"Biomolecular condensates are micron-scale compartments in eukaryotic cells that operate to concentrate proteins and nucleic acids but lack surrounding membranes. RNA metabolism, ribosome biogenesis, the DNA damage response, and signal transmission are all affected by these condensates. Recent research has discovered that multivalent macromolecular interactions promote liquid-liquid phase separation, which is a fundamental organizing principle for biomolecular condensates.",9606,Homo sapiens,1,biomolecular,,
92BB331A,Enzyme_shell proteins condensates,The shell protein PduBB0 interacts with the enzyme diol-dehy- dratase PduCDE and co-assemble into phase separated liquid droplets. The co-assembly of PduCDE and PduBB0 results in the enhancement of catalytic activity of the enzyme,99287,Salmonella typhimurium (strain LT2 / SGSC1412 / ATCC 700720),3,biomolecular,,
240400BD,Synthetic Condensate 000102,,6239,Caenorhabditis elegans,3,synthetic,,
0A37FC0B,FXR1 condensates,FXR1 undergoes phase separation to form mRNP granules in Late Spermatids (LS) and are indispensable for the male fertility in mice. FXR1 recruits translation factors like ELF4G3 into the condensates. The fusion of these FXR1 condensates with RNP granules in germ cells activate the translation of the stored mRNA .,10090,Mus musculus,5,biomolecular,,
691A1FB1,Nuclear pore complex,"Nucleocytoplasmic exchange is mediated by nuclear pore complexes (NPCs). They're massive protein complexes that join the inner and outer nuclear membranes to create channels that span the nuclear envelope. Nucleoporins, which are made up of about 30 different protein components, assemble in many copies to form a complicated cylindrical architecture to the nuclear pores.",559292,Saccharomyces cerevisiae (strain ATCC 204508 / S288c),1,biomolecular,,
97270867,α-synuclein condensates,Abnormal deposition of α-synuclein in the ventral tegmental area (VTA) of the brain in mice causing damage to dopaminergic neurons. This pathological aggregation of α-synuclein is linked to neuronal dysfunction and the impairment of fear memory.,10090,Mus musculus,5,biomolecular,,
6E61CE74,Numb/Pon condensate,"Numb is a neuroblast cell fate determinant that, along with Pon, forms a basal crescent and is segregated into the basal daughter cell to start the differentiation process. The complex exhibits remarkable binding specificity and liquid-liquid phase separation as a result of the multivalent Numb-Pon interaction.",7227,Drosophila melanogaster,5,biomolecular,,
5A5D4A50,AFAP1-AS1 condensates,The AFAP1-AS1 condensate is a biomolecular condensate formed as a result of phase separation of the long non-coding RNA actin filament associated protein 1 antisense RNA 1 (AFAP1-AS1). AFAP1-AS1 condensates regulate RNA alternative splicing by recruiting splicing factors such as serine and arginine rich splicing factor 1 and 3 (SRSF1 and SRSF3).,9606,Homo sapiens,4,biomolecular,,
8C2F96ED,Centrosome,"Cetrosomes are the main microtubule organising centers (MTOC) of animal cells and thus are critical in regulating cell-cycle progression. Centrosomes nucleate microtubules during mitosis, allowing for chromosomal segregation. Each centrosome contains 2 centrioles arranged perpendicularly and surrounded by pericentriolar material (PCM).",9606,Homo sapiens,1,biomolecular,,
99212B2A,Par complex,Par complex is an evolutionary conserved complex which is composed of Par3/Par6/aPKC. Par complex forms a phase separated  condensate under the plasma membrane and regulates polarity in numerous cell types.,10116,Rattus norvegicus,5,biomolecular,,
02CD31EB,Synthetic Condensate 000174,,9606,Homo sapiens,3,synthetic,,
88626044,TIFA-TRAF6 condensate,"TIFA undergoes liquid–liquid phase separation (LLPS) induced by ALPK1 in response to adenosine diphosphate (ADP)-β-D-manno-heptose (ADP-Hep) recognition. The phase separation of TIFA is primarily driven by ALPK1, the pT9-FHA domain, and the intrinsically disordered region segment. Simultaneously, TRAF6 exhibits phase separation during ADP-Hep-induced inflammation, a phenomenon observed consistently across various inflammatory signal pathways.",0,Chimeras,0,biomolecular,,
9638259C,Euchromatin,"Chromatin is a complex of DNA and histone proteins that regulates gene expression as well as packaging genetic material to fit inside the cell. The proper functioning of chromatin also necessitates a web of interactions between molecular complexes that alter chromatin shape and organization to change DNA accessibility to transcription factors, resulting in the activation or repression of target DNA locus. Chromatin is divided into three types based on its shape and compaction state: euchromatin, heterochromatin, and centromeric chromatin. Euchromatin is characterized by active genes, broader spacing between nucleosomes, greater accessibility to transcription machinery, and histone modifications and variations that favor active transcription.",9031,Gallus gallus,3,biomolecular,,
BBD49DEB,Synthetic Condensate 000376,,9606,Homo sapiens,3,synthetic,,
848A4BCD,Synthetic Condensate 000228,,0,Chimeras,3,synthetic,,
F5834E66,Synthetic Condensate 000310,"Morphology: In Vitro Droplet Formation,In Vitro Frap,In Vivo Droplet Formation,In Vivo Frap; Main protein: P45973; Partner Proteins: P68431, O43463, Q13263, P83916; HP1α and phos-HP1α undergo LLPS with DNA at lower concentrations; HP1α and phos-HP1α both have a much higher LLPS capacity with DNA than with H3K9me3-marked NAs; Mixing tTRIM28/HP1α or tTRIM28/HP1γ with NE also resulted in extensive punctum formation; The catalytic activity of SUV39H1 is dispensable for its localization as a catalytically inactive mutant, SUV39H1 H324K, still colocalizes with HP1α and HP1β to chromocenters.",9606,Homo sapiens,1,synthetic,,
453FB656,Mast cell extracellular granules (MCEGs),"Mast cell extracellular granules (MCEGs) are condensates found in the extracellular space, assembled through electrostatic interactions between glycosaminoglycans and polyamines.",10090,Mus musculus,2,biomolecular,,
88794875,Transcriptional condensate,"Transcriptional condensates are bimolecular condensates which form by phase separation of transcription factors, mediator cofactors and numerous nucleic-acid binding proteins at enhancer sites of gene loci, promoting bimolecular interactions which are necessary for gene expression.",4081,Solanum lycopersicum,1,biomolecular,,
F3106323,Sup35 condensate,"When yeast is under stress, Sup35 creates protective gels through pH-controlled liquid-like phase separation and gelation. Phase separation in this instance is facilitated by the N-terminal prion domain and controlled by the nearby pH sensor domain. The Sup35 translation factor is through this process protected from stress-related damage by phase separation, which aids in yeast survival",559292,Saccharomyces cerevisiae (strain ATCC 204508 / S288c),5,biomolecular,,
C4E5D2FC,Synthetic Condensate 000367,Morphology: In Vitro Droplet Formation; Main protein: P17844; Partner Proteins: P22087; The LC domains of DDX5 or hnRNPA2 were only weakly bound to the hydrogel droplets.,9606,Homo sapiens,1,synthetic,,
11D28AF1,GAS2L3 condensates,The GAS2L3 condensate is a biomolecular condensate formed as a result of growth arrest-specific 2 like 3 (GAS2L3) protein phase separation driven by the intrinsically disordered region (IDR) of GAS2L3. GAS2L3 condensates scaffolds CHMP4B at the cell midbody during cytokinesis to accelerate cell division and promote tumor growth.,9606,Homo sapiens,4,biomolecular,,
5B6CCA73,DDX1 body,"DDX1 body is a type of nuclear bodies. DDX1 bodies contain the protein DEAD box DDX1 protein, which  is a potential RNA unwinding protein linked to RNA processing and transport. Cleavage bodies and DDX1 bodies are frequently found colocalizing in the nucleus.",9606,Homo sapiens,4,biomolecular,,
91857CE7,Nucleolus,"Nucleolus is the largest and the first membrane-less organelle which was identified. It is composed of a fibrillar centre (FC), dense fibrillar component (DFC) and granular component (GC).  The nucleolus is a dynamic structure that disassembles during mitosis and reassembles after cell division. The nucleolus is responsible for ribosome biogenesis in eucaryotic cells, which are essential macromolecular machines responsible for synthesizing all proteins required by the cell. The nucleoli are now known to act as sensors and regulators of cellular responses, such as apoptosis, DNA damage response, epigenetic modification, genome stability, proliferation, senescence and signal transduction.",9606,Homo sapiens,1,biomolecular,,
9E05DBF7,c‐Maf condensates,"The c-Maf condensate is a biomolecular condensate formed as a result of phase separation of the transcription factor c-Maf. Alanine‐rich intrinsically disordered regions (IDRs) in c‐Maf drive hydrophobic interactions, enabling phase separation. c‐Maf recruits RNA Polymerase II via phase separation to establish transcriptional condensates that upregulate Mtbp transcription.",10090,Mus musculus,5,biomolecular,,
CE726F99,Postsynaptic density,"Postsynaptic density (PSD) is a condensed protein-rich sub-compartment beneath the postsynaptic plasma membranes of each synapse that constantly interchange their contents with bulk aqueous cytoplasm in synaptic spines.. The PSD is responsible for receiving, amplifying, and storing signals begun by presynaptic cells. PSDs are made up of tightly packed proteins that form assemblies that are a few hundred nanometers wide and 30–50 nanometers thick.",10090,Mus musculus,2,biomolecular,,
335D4357,SGF29 condensate,"SGF29 forms liquid-like nuclear condensates during senescence that localize at senescence-associated gene loci, recruiting transcriptional machinery. These condensates interact with chromatin and nascent RNA, regulating senescence-linked transcriptional programs and reinforcing cellular aging through activation of senescence genes.",9606,Homo sapiens,4,biomolecular,,
E1C65F8A,Nuclear dicing body,"Nuclear dicing bodies are nuclear bodies that play an  important role  in miRNAs  control  of gene expression. In plant cells, miRNA processing is a two-step process that takes place inside the nucleus by the enzyme Dicer-like1 (DCL1) and other proteins such as Serrate (SE), a zinc-finger domain protein, and Hyponastic Leaves1, a double-stranded RNA (dsRNA) binding-domain protein (HYL1). It is recently found that dicing bodies are phase separated condensates and their assembly is driven by the phase separation of SE.",3702,Arabidopsis thaliana,1,biomolecular,,
3743B201,Nucleolus,"Nucleolus is the largest and the first membrane-less organelle which was identified. It is composed of a fibrillar centre (FC), dense fibrillar component (DFC) and granular component (GC).  The nucleolus is a dynamic structure that disassembles during mitosis and reassembles after cell division. The nucleolus is responsible for ribosome biogenesis in eucaryotic cells, which are essential macromolecular machines responsible for synthesizing all proteins required by the cell. The nucleoli are now known to act as sensors and regulators of cellular responses, such as apoptosis, DNA damage response, epigenetic modification, genome stability, proliferation, senescence and signal transduction.",6239,Caenorhabditis elegans,5,biomolecular,,
7C2F7184,Transcription Elongation Condensate,"Transcription Elongation Condensate form at active gene loci during pause release and elongation. They re enriched with active Pol II (Ser5P, Ser2P) and co-localize with nascent RNA and DNA, especially at paused genes. These condensates are important for regulating transcriptional pause release and elongation.",9606,Homo sapiens,4,biomolecular,,
8E4C2D28,Synthetic Condensate 000124,,0,Chimeras,3,synthetic,,
3209C5A5,Synthetic Condensate 000193,,6239,Caenorhabditis elegans,3,synthetic,,
24B12ACB,Synthetic Condensate 000346,"Morphology: In Vitro Droplet Formation,In Vitro Frap; Main protein: Q96C19; Partner Proteins: P10636; EFhd2-tau droplets formed in the presence of calcium showed recovery after photobleaching, indicating that calcium influences the molecular dynamics of EFhd2-tau structures formed under molecular crowding conditions.",9606,Homo sapiens,1,synthetic,,
0AEBFC12,Synthetic Condensate 000361,"Morphology: In Vivo Droplet Formation,In Vivo Frap; Main protein: P81133; Partner Proteins: Q07352; the seemingly liquid-like condensates generated by FUS-TIS and SUMO-SIM-TIS have mesh-like morphologies in cells.",9606,Homo sapiens,1,synthetic,,
AF4EAC9D,BMP2K condensate,"BMP2K(BMP-2-inducible protein kinase), a key regulator of bone differentiation, forms cytoplasmic condensates (even though, it is described to have a nuclear localization signal (NLS)). Under hyperosmotic stress, these condensates increase in number while their average size decreases.",9606,Homo sapiens,4,biomolecular,,
EF55C906,BR-body,RNP granules are membrane-less organelles composed of RNA and proteins. RNA-binding proteins are key components of RNP granules. RNP granules deliver localized mRNAs delivered to areas of local protein synthesis. BR bodies are RNP granules which are assembled by RNase E in Caulobacter vibrioides.,190650,Caulobacter vibrioides (strain ATCC 19089 / CIP 103742 / CB 15),2,biomolecular,,
09A0EAB5,Centrosome,"Cetrosomes are the main microtubule organising centers (MTOC) of animal cells and thus are critical in regulating cell-cycle progression. Centrosomes nucleate microtubules during mitosis, allowing for chromosomal segregation. Each centrosome contains 2 centrioles arranged perpendicularly and surrounded by pericentriolar material (PCM).",8364,Xenopus tropicalis,1,biomolecular,,
9EE57072,PCBP2 condensates,"The PCBP2 condensate is a biomolecular condensate formed as a result of phase separation of poly(C)-binding protein 2 (PCBP2). PCBP2 condensates sequester mitochondrial and mRNA-binding proteins, leading to the outside impairment of mitochondrial morphology and function, and BACE1 mRNA decay relative to amyloid deposition. Mitochondrial proteins sequestered by PCBP2 are not found in reported processing bodies (PB) or stress granules (SG).",9606,Homo sapiens,4,biomolecular,,
96C56C72,Synthetic Condensate 000354,Morphology: In Vitro Droplet Formation; Main protein: P00879; Partner Proteins: P58555; The phenomenon of LLPS observed in vitro indicates that NosRca engages in multivalent interactions with Rubisco.,103690,Nostoc sp. (strain PCC 7120 / SAG 25.82 / UTEX 2576),1,synthetic,,
3DE2549A,PGL granules,"PGL granules are ribonucleoprotein condensates accumulating under heat stress (26°C) found in Caenorhabditis elegans. PGL granules are distinct from stress granules and P bodies in composition and dynamics. The granules serve as sites for mRNA storage and regulation, facilitating stress resistance and  evading autophagic degradation.",6239,Caenorhabditis elegans,5,biomolecular,,
62836ADF,WNK body,"WNK bodies are large distinct foci which form in the distal convoluted tubule (DCT) as the result of potassium imbalance. WNK body formation is dependent on kidney-specific WNK1 (KS-WNK1), a truncated kinase-defective WNK1 isoform that is strongly expressed in the DCT.",10090,Mus musculus,4,biomolecular,,
9A00E86C,DDR1 condensate,DDR1 condensate in vascular smooth muscle cells counteracts the stiffness/collagen-induced YAP-Hippo pathway.,10090,Mus musculus,2,biomolecular,,
6BD4AB7A,Synthetic Condensate 000182,,9606,Homo sapiens,3,synthetic,,
7BB9AA6C,D-granule,"Condensation of DIAPH3 proteins upon cellular stress, named as ""D-granule""",10090,Mus musculus,4,biomolecular,,
7C7AA953,METTL14 condensate,"The METTL14 condensate is formed through liquid-liquid phase separation (LLPS) of the methyltransferase-like 14 (METTL14) protein, mediated by phosphorylation. The condensate is thought to participate in the process of N6-methyladenosine (m6A) modification of mRNA. The condensate is studied in the context of Mycobacterium tuberculosis infection, during which, the condensate could be targeted to prevent condensate formation and preventing the modification of mRNA.",10090,Mus musculus,1,biomolecular,,
C4C56ED2,TDP-25 inclusions,TDP‐25 inclusions are studied in neurons and show amorphous morphology and gel‐like biophysical properties. Aggregation‐prone TDP‐25 fragment (residues 220‐414 of full‐length human TDP‐43) is known to be implicated in ALS/FTD pathogenesis.,9606,Homo sapiens,4,biomolecular,,
C555D4ED,DNA damage foci,"Double-strand breaks can be caused by a variety of physical and chemical factors, such as ionizing radiation and radiomimetic medicines, but they can also develop as secondary lesions during replication and DNA repair after exposure to a variety of genotoxins. Repair proteins aggregate at damaged areas in response to double strand breaks (DSB), forming membrane-less  subnuclear foci, supporting DNA repair. Rad52 DNA repair proteins assemble in liquid droplets at distinct DNA damage sites, which then fuse into a repair centre droplet.  Together with the repair centre droplet, Rad52 concentrates tubulin and projects short aster-like DIMs (aster-DIMs), which connect the repair center to longer DIMs, allowing damaged DNA to be mobilized to the nuclear periphery for repair. Collaboration between Rad52 liquid droplets and different types of nuclear filaments aids in the formation and function of the DNA repair centre.",559292,Saccharomyces cerevisiae (strain ATCC 204508 / S288c),1,biomolecular,,
205A679C,OsJAZ2 condensate,JAZ2 protein forms condensates in both Oryza sativa and Nicotiana benthamiana leaf cells in nucleus and cytosol,39946,Oryza sativa subsp. indica,5,biomolecular,,
290133E7,ESCRTs,ESCRT condensate  in yeast refers to the biomelcular condensate  formed by the early components of the Endosomal Sorting Complex Required for Transport (ESCRT) machinery at the membrane of the yeast lysosome or endosomes,559292,Saccharomyces cerevisiae (strain ATCC 204508 / S288c),3,biomolecular,,
7954D4A1,c‐Maf condensates,"The c-Maf condensate is a biomolecular condensate formed as a result of phase separation of the transcription factor c-Maf. Alanine‐rich intrinsically disordered regions (IDRs) in c‐Maf drive hydrophobic interactions, enabling phase separation. c‐Maf recruits RNA Polymerase II via phase separation to establish transcriptional condensates that upregulate Mtbp transcription.",9606,Homo sapiens,4,biomolecular,,
0BB92809,Trbd,Trbd phase separation in vitro depends on LR (linker region),7227,Drosophila melanogaster,5,biomolecular,,
8DF372A2,Synthetic Condensate 000069,,9606,Homo sapiens,3,synthetic,,
AF287C13,Synthetic Condensate 000326,"Morphology: In Vitro Droplet Formation,In Vitro Frap,In Vivo Droplet Formation,In Vivo Frap; Main protein: O43463; Partner Proteins: P68431, P83916, P45973, Q13185; no puncta formed under any of the conditions tested for HP1β, while two-thirds of the conditions tested for tSUV39H1-HP1β led to the formation of puncta. These observations suggest that a threshold multivalent H3K9me3-CD interaction is required to form puncta in vitro; The catalytic activity of SUV39H1 is dispensable for its localization as a catalytically inactive mutant, SUV39H1 H324K, still colocalizes with HP1α and HP1β to chromocenters.",9606,Homo sapiens,1,synthetic,,
DFAB25C5,Synthetic Condensate 000216,,9031,Gallus gallus,3,synthetic,,
D83843FA,Synthetic Condensate 000055,,9606,Homo sapiens,1,synthetic,,
E0298522,Synthetic Condensate 000165,,9606,Homo sapiens,1,synthetic,,
A331833B,p62-dependent P-bodies (pd-PBs),"PB-like assemblies are smaller, distinct subassemblies of P-body components that form when canonical PBs are disrupted. Unlike canonical PBs, they are smaller and show increased interactions with SGs, often clustering around their surface.",10090,Mus musculus,4,biomolecular,,
19512460,Synthetic Condensate 000336,"Morphology: In Vitro Droplet Formation; Main protein: Q24168; Partner Proteins: O16810, Q7K2L1, Q9W102, Q24169, Q9Y1B2; ORC consists of a heterohexameric complex comprising the subunits Orc1-6. Drosophila ORC phase separates using interactions that require the N-terminal IDR of Orc1 but not Orc2.",7227,Drosophila melanogaster,1,synthetic,,
60DC040A,MUTator foci,"Mutator foci are perinuclear germline foci that connect with nuclear pores and P granules to promote short RNA amplification. Mutator foci are where RRF-1, a RdRP, and other Mutator complex proteins cluster. It is suggested that Mutator foci form as a result of MUT-16's liquid-liquid phase separation and they  have characteristics of phase-separated condensates.",6239,Caenorhabditis elegans,5,biomolecular,,
E11B6BAB,Synthetic Condensate 000195,,9606,Homo sapiens,3,synthetic,,
A3AA02E8,Synthetic Condensate 000061,,9606,Homo sapiens,3,synthetic,,
80B4651A,Granular component,"Granular component (GC) is one of the three substructures of the nucleolus. GC is the site where final maturation of the pre-ribosomal ribonucleoprotein and assembly with ribosomal proteins occur, after their transcription either in the fibrillar centres (FCs) or at the boundary between the FC and the dense fibrillar component (DFC) region.",9606,Homo sapiens,4,biomolecular,,
7137E280,Histone Locus Body,The Histone Locus Body (HLB) is a nucleus subdomain characterized by the concentration of components required for histone gene transcription and pre-mRNA processing. Histone mRNAs production takes place in HLBs.,7955,Danio rerio,5,biomolecular,,
9AFE287E,Synthetic Condensate 000149,,36200,Dissostichus mawsoni,3,synthetic,,
DEE660B4,Stress granule,"Stress granules (SGs) are condensed membrane-less organelles that form dynamically as RNA and protein (RNP) phase separate during physiological stress. When translation initiation is limited, SGs assemble and play a role in translational regulation and proteome buffering. Translationally stalled mRNAs, translation initiation factors, RNA-binding proteins, and non-RNA-binding proteins are among the constituents of SGs. SGs are one of the most important cellular stress relievers, yet their presence are temporary. Any condition that causes permanent presence of SGs, such as chronic stress or alterations in the structure of the components of SGs, can induce their pathological aggregation and degenerative effects.",9606,Homo sapiens,2,biomolecular,,
35EAEEF6,Stress granule,"Stress granules (SGs) are condensed membrane-less organelles that form dynamically as RNA and protein (RNP) phase separate during physiological stress. When translation initiation is limited, SGs assemble and play a role in translational regulation and proteome buffering. Translationally stalled mRNAs, translation initiation factors, RNA-binding proteins, and non-RNA-binding proteins are among the constituents of SGs. SGs are one of the most important cellular stress relievers, yet their presence are temporary. Any condition that causes permanent presence of SGs, such as chronic stress or alterations in the structure of the components of SGs, can induce their pathological aggregation and degenerative effects.",237561,Candida albicans (strain SC5314 / ATCC MYA-2876),1,biomolecular,,
2F09078B,Synthetic Condensate 000024,,0,Chimeras,3,synthetic,,
69D46933,Synthetic Condensate 000224,,4565,Triticum aestivum,3,synthetic,,
4270DBEE,Synthetic Condensate 000246,,10116,Rattus norvegicus,3,synthetic,,
1DA11FFF,Germ granule,"In many animals, maternal cytoplasmic factors called germ plasm regulate gamete production during embryogenesis. Germ plasm is a cytoplasmic determinant  composed mainly of RNAs and proteins and is inherited from the mother to the offspring inside the egg.",7227,Drosophila melanogaster,5,biomolecular,,
1E117272,Centrosome,"Cetrosomes are the main microtubule organising centers (MTOC) of animal cells and thus are critical in regulating cell-cycle progression. Centrosomes nucleate microtubules during mitosis, allowing for chromosomal segregation. Each centrosome contains 2 centrioles arranged perpendicularly and surrounded by pericentriolar material (PCM).",6239,Caenorhabditis elegans,1,biomolecular,,
48DB1DAF,Synthetic Condensate 000364,"Morphology: In Vitro Droplet Formation; Main protein: Q08211; Partner Proteins: P22087; strong binding of the N-terminal LC domain of FUS was observed and the LC domains of TAF15, DHX9 or nucleolin were trapped at a moderate intensity by the hydrogel droplets.",9606,Homo sapiens,1,synthetic,,
7BA5F8B6,Synthetic Condensate 000223,,83333,Escherichia coli (strain K12),3,synthetic,,
D5B33633,Carboxysome,Carboxysome is a bacterial organelle that has properties of a biomolecular condensate. Rubisco condensates formation is proposed to optimize the process of photosynthetic carbon fixation.,1140,Synechococcus elongatus (strain ATCC 33912 / PCC 7942 / FACHB-805),5,biomolecular,,
19D3735D,EWSR1 condensates,"The EWSR1 condensate is a biomolecular condensate that forms as a result of phase separation of EWS RNA-binding protein 1 (EWSR1), driven by its intrinsically disordered N‚Äêterminal and C‚Äêterminal domains, particularly C-terminal RNA recognition motifs. These condensates act as regulatory hubs by sequestering interacting factors (e.g., the m‚Å∂A reader YTHDF2), thereby altering RNA processing and stability.",9606,Homo sapiens,5,biomolecular,,
D417733D,Plectin condensates,Plectin (Plec) via its intrinsically disordered region (IDR)-mediated phase separation promotes osteoblast differentiation by sequestering Anxa2 through phase separation.,10090,Mus musculus,5,biomolecular,,
8E58DEA8,Synthetic Condensate 000081,,9606,Homo sapiens,3,synthetic,,
38EC0B30,Transcriptional condensate,"Transcriptional condensates are bimolecular condensates which form by phase separation of transcription factors, mediator cofactors and numerous nucleic-acid binding proteins at enhancer sites of gene loci, promoting bimolecular interactions which are necessary for gene expression.",9606,Homo sapiens,1,biomolecular,,
9BAE09A1,VRN1 nuclear body,"Vernalization 1 (VRN1) encodes an essential transcriptional repressor for plant vernalization that non-specifically binds DNA and has two B3 DNA-binding domains joined by an intrinsically disordered region. It has been demonstrated that VRN1 generates puncta in plant cell nuclei, pointing to the possibility that it regulates gene expression through LLPS to maintain the vernalized state.",3702,Arabidopsis thaliana,5,biomolecular,,
58AD3AE7,Nuclear pore complex,"Nucleocytoplasmic exchange is mediated by nuclear pore complexes (NPCs). They're massive protein complexes that join the inner and outer nuclear membranes to create channels that span the nuclear envelope. Nucleoporins, which are made up of about 30 different protein components, assemble in many copies to form a complicated cylindrical architecture to the nuclear pores.",44689,Dictyostelium discoideum,1,biomolecular,,
50E9090F,Synthetic Condensate 000137,,6239,Caenorhabditis elegans,3,synthetic,,
6AB35885,Synthetic Condensate 000052,,9606,Homo sapiens,3,synthetic,,
D7FE2080,Nucleolus,"Nucleolus is the largest and the first membrane-less organelle which was identified. It is composed of a fibrillar centre (FC), dense fibrillar component (DFC) and granular component (GC).  The nucleolus is a dynamic structure that disassembles during mitosis and reassembles after cell division. The nucleolus is responsible for ribosome biogenesis in eucaryotic cells, which are essential macromolecular machines responsible for synthesizing all proteins required by the cell. The nucleoli are now known to act as sensors and regulators of cellular responses, such as apoptosis, DNA damage response, epigenetic modification, genome stability, proliferation, senescence and signal transduction.",9913,Bos taurus,2,biomolecular,,
ED4B3785,Synthetic Condensate 000058,,9606,Homo sapiens,1,synthetic,,
041D4500,Synthetic Condensate 000036,,9606,Homo sapiens,1,synthetic,,
E03AA123,Stress Granule,"Stress granules are cytoplasmic biomolecular condensates that form under environmental stress like heat shock or high salt. They function as hubs to regulate stress responses, including thermotolerance, calcium signaling, and cell wall integrity.",235443,Cryptococcus neoformans var. grubii serotype A (strain H99 / ATCC 208821 / CBS 10515 / FGSC 9487),5,biomolecular,,
6EFBB8DD,Ddx3xb condensates,Ddx3xb condensates are ATP- and IDR-dependent assemblies identified in developing zebrafish embryos. The maintenance of liquid-like properties has been shown to facilitate mRNA translation during Maternal-to-zygotic (MZT) in early embryos.,7955,Danio rerio,5,biomolecular,,
56BF1CA9,Dense fibrillar component,Dense fibrillar component (DFC) is a substructure of nucleolus. Small nucleolar ribonucleoproteins (snoRNPs) splice and modify pre-ribosomal RNA transcripts in the DFC.,7227,Drosophila melanogaster,5,biomolecular,,
F5639AB0,Synthetic Condensate 000096,,9606,Homo sapiens,3,synthetic,,
735EA068,Synthetic Condensate 000330,"Morphology: In Vitro Droplet Formation; Main protein: Q3KPK4; Partner Proteins: Q8JGN5, Q9NQS7; The homologous complex from Xenopus laevis also phase-separated demonstrating evolutionary conservation of this property.",0,Chimeras,1,synthetic,,
70C83BD2,Assemblysome,Cytoplasmic condensates composed of ribosome‐nascent protein chain complexes,9606,Homo sapiens,4,biomolecular,,
7EEC7AD8,Cajal body,Cajal bodies are nuclear bodies which are composed of the scaffolding protein  Coilin and high concentrations of small nuclear ribonucleoproteins (snRNPs) which are involved in pre-mRNA splicing.These condensates are also suggested to contribute to RNA metabolism including snRNP biogenesis and telomerase biogenesis.,10116,Rattus norvegicus,4,biomolecular,,
318A8771,Synthetic Condensate 000319,"Morphology: In Vitro Droplet Formation; Main protein: P09651; Partner Proteins: P62995, Q07955, P38159; The number of phase-separated droplets decreased more than 10-fold when the transcription was performed in presence of individual proteins at the same total concentration as in the mixture of five. This suggests that this RNA-dependent phase-separation is driven here not simply by high protein concentrations, but involves interactions between specific proteins.",9606,Homo sapiens,1,synthetic,,
DFB52F78,Synthetic Condensate 000129,,9606,Homo sapiens,3,synthetic,,
984F3092,Synthetic Condensate 000063,,9606,Homo sapiens,3,synthetic,,
9F05356D,Synthetic Condensate 000062,,9606,Homo sapiens,3,synthetic,,
763F4AA2,Synthetic Condensate 000378,Mouse CAM,10090,Mus musculus,3,synthetic,,
B2E8AD81,Stress granule,"Stress granules (SGs) are condensed membrane-less organelles that form dynamically as RNA and protein (RNP) phase separate during physiological stress. When translation initiation is limited, SGs assemble and play a role in translational regulation and proteome buffering. Translationally stalled mRNAs, translation initiation factors, RNA-binding proteins, and non-RNA-binding proteins are among the constituents of SGs. SGs are one of the most important cellular stress relievers, yet their presence are temporary. Any condition that causes permanent presence of SGs, such as chronic stress or alterations in the structure of the components of SGs, can induce their pathological aggregation and degenerative effects.",10116,Rattus norvegicus,1,biomolecular,,
EA2D28A3,Synthetic Condensate 000095,,9606,Homo sapiens,3,synthetic,,
C65B6D56,Synthetic Condensate 000076,,9606,Homo sapiens,3,synthetic,,
A32542C0,Synthetic Condensate 000183,,10360,Human cytomegalovirus (strain AD169),3,synthetic,,
EC23E69A,Synthetic Condensate 000107,,9606,Homo sapiens,3,synthetic,,
AF5F0395,Synthetic Condensate 000141,,6239,Caenorhabditis elegans,1,synthetic,,
C9BBDF4E,RBFOX1 RNP granule,Rbfox1 is an low complexity domain containing protein that form liquid droplets and amyloid-like fibers and promiscuously links various nuclear and cytoplasmic RNP granules.,7227,Drosophila melanogaster,3,biomolecular,,
28F07613,Synthetic Condensate 000134,,559292,Saccharomyces cerevisiae (strain ATCC 204508 / S288c),3,synthetic,,
0F39F0A3,Spindle matrix,Spindle assembly which is an important step during mitosis requires microtubule polymerization. BuGZ phase separates and associates with microtubules and tubulin and this process leads to the assembly of spindle matrix.,8355,Xenopus laevis,1,biomolecular,,
03D56D03,Tau Condensate,"Inclusion bodies are insoluble aggregates of misfolded proteins inside the cell. A common pathogenic event in a range of neurodegenerative illnesses is aggregated proteins from the cytoplasm of nerve cells and glia. Alzheimer's disease, liquid Tau droplets insoluble Tau aggregates over time.",9606,Homo sapiens,3,biomolecular,,
92813D3C,Fus1 condensate,formin Fus1 forms condensates in S.pombe fusion focus. These condensates are suggested to support proper fusion formation and fusion.,284812,Schizosaccharomyces pombe (strain 972 / ATCC 24843),5,biomolecular,,
EF01EA24,TFAP2β condensates,The TFAP2β condensate is formed through phase separation of transcription factor AP-2 beta (TFAP2β). TFAP2β undergoes condensation in the nucleus to bind the zinc finger protein 131 (ZNF131) promoter.,9606,Homo sapiens,5,biomolecular,,
7F2B39AE,Synthetic Condensate 000262,,9606,Homo sapiens,3,synthetic,,
71F78BB1,Synthetic Condensate 000049,,9606,Homo sapiens,1,synthetic,,
CB5A3F31,Synthetic Condensate 000041,,6239,Caenorhabditis elegans,1,synthetic,,
52A3D75E,Pericentriolar compartment,"Cetrosomes are the main microtubule organising centers (MTOC) of animal cells and thus are critical in regulating cell-cycle progression. Centrosomes nucleate microtubules during mitosis, allowing for chromosomal segregation. Each centrosome contains 2 centrioles arranged perpendicularly and surrounded by pericentriolar material (PCM).",3702,Arabidopsis thaliana,1,biomolecular,,
11D8DE05,Synthetic Condensate 000317,"Morphology: In Vitro Droplet Formation,In Vitro Frap; Main protein: Q06787; Partner Proteins: Q14444; Using fluorescence microscopy, we observed that CAPRIN1 does not co–phase-separate with FMRP even at protein concentrations of 1 mM, but does so with pFMRP over a wide range of concentrations",9606,Homo sapiens,1,synthetic,,
7D39771A,Synthetic Condensate 000042,,284812,Schizosaccharomyces pombe (strain 972 / ATCC 24843),3,synthetic,,
85C30F04,Synthetic Condensate 000057,,9606,Homo sapiens,3,synthetic,,
97081F97,Synthetic Condensate 000088,,9606,Homo sapiens,3,synthetic,,
D551D4B1,Synthetic Condensate 000051,,0,Chimeras,3,synthetic,,
06422D8E,Synthetic Condensate 000175,,9606,Homo sapiens,1,synthetic,,
E8F4C1F2,Sint speckle,"SINT speckles are membraneless cytosolic speckles formed in response to cellular stress. SINT speckles partially colocalize with active TBK1, and TBK1 phosphorylation is reduced when SINTBAD and the SINT speckle component AZI2 are deleted. The acetyltransferase KAT2A (GCN5) regulates the dynamic production of SINT speckles, which is inhibited by heat shock protein-mediated chaperone action. The autophagy-initiating kinases ULK1/2 also suppress SINT speckle formation, and knocking these kinases out prevented focal TBK1 phosphorylation in a pathway-specific manner.",9606,Homo sapiens,1,biomolecular,,
9D926880,Synthetic Condensate 000034,,0,Chimeras,3,synthetic,,
F499BD52,BR-body,"Synechocystis sp. Strain PCC 6803

Cyanobacterial RNA processing condensate. 
Stress conditions induce the RNA helicase CrhR to form a single crescent localized exterior to the thylakoid membrane. Induced by low temperature stress (20°C).",1111708,Synechocystis sp. (strain ATCC 27184 / PCC 6803 / Kazusa),5,biomolecular,,
6B2C5D53,Sec-body,"Sec bodies are membraneless, reversible, liquid-like condensates forming in mammalian cells under stress—such as hyperosmotic conditions or amino acid starvation. They incorporate Composed mainly of endoplasmic reticulum exit site (ERES) proteins. Sec bodies are involved in regulating ER-to-Golgi transport.",10116,Rattus norvegicus,4,biomolecular,,
AC924507,Synthetic Condensate 000331,"Morphology: In Vivo Droplet Formation,In Vivo Frap; Main protein: P04150; Partner Proteins: Q15648; Dexamethasone (Dex) stimulation resulted in the formation of many foci containing both GR and Med1.",9606,Homo sapiens,1,synthetic,,
0B2C2654,Synthetic Condensate 000105,,9606,Homo sapiens,1,synthetic,,
0E37FC39,Cytoplasmic viral factory,Inclusions which form from concentrating of the replication machinary of RNA viruses. These inclusions favor enzymatic activities and protect the viral from getting recognized by the cellular receptors.,11285,Vesicular stomatitis Indiana virus (strain San Juan),4,biomolecular,,
F813C9D9,#NAME?,"+TIP body is the condensate at the growing tip of the microtubule. This body is concentrating proteins at the +TIP, interacting with other +TIP factors (e.g. Kar9 with Bim1, Bik1, or Mal3/Tip1/Tea2 network) and allowing for specialization of the microtubule.",559292,Saccharomyces cerevisiae (strain ATCC 204508 / S288c),5,biomolecular,,
DAAE2994,Synthetic Condensate 000235,,559292,Saccharomyces cerevisiae (strain ATCC 204508 / S288c),3,synthetic,,
00EEF43C,Synthetic Condensate 000314,"Morphology: In Vitro Droplet Formation,In Vitro Frap,In Vivo Droplet Formation,In Vivo Frap; Main protein: O65934; Partner Proteins: P9WI75, P9WHW5; Both AF647-labeled PknF and PstP were enriched in phosphorylated OG-Rv17471–310 droplets. However, unlike uniformly-distributed PknF, fluorescently labeled PstP appeared as foci on the surface of the droplets.",83332,Mycobacterium tuberculosis (strain ATCC 25618 / H37Rv),1,synthetic,,
5F622AE2,Synthetic Condensate 000372,"Morphology: In Vitro Droplet Formation,In Vitro Frap; Main protein: P32908; Partner Proteins: P47037, Q12158, P40541, Q04002, P40090; The observed cluster formation is induced by ATP-independent interactions between the cohesin holocomplex and DNA.",559292,Saccharomyces cerevisiae (strain ATCC 204508 / S288c),1,synthetic,,
FBAE0D06,Synthetic Condensate 000291,"Morphology: In Vivo Droplet Formation,In Vivo Frap; Main protein: Q64337; Partner Proteins: Q14145, Q16236; KEAP1- and NRF2-positive clusters are positive for endogenous p62 and require p62 to form. The ANCHOR mutants form p62-dependent biomolecular condensates that are spherical and contain p62, p62 pS351, polyUb, and NRF2.",0,Chimeras,1,synthetic,,
E7338DBF,Synthetic Condensate 000343,"Morphology: In Vitro Droplet Formation; Main protein: P53550; Partner Proteins: P25644, Q12517; The inherent ability of Pat1 to multimerize drives liquid-liquid phase separation with multivalent decapping enzyme complexes of Dcp1/Dcp2.",559292,Saccharomyces cerevisiae (strain ATCC 204508 / S288c),1,synthetic,,
B75B0A5E,SMN-Rpp20 complex,"Given that Rpp20 is found both in the cytoplasm and the nucleus, it is possible that Rpp20 has additional functions in the cytoplasm. Indeed, Rpp20 has been found to be a stress-responsive protein in the cytoplasm that is redistributed into cytoplasmic SMN granules in adverse conditions.",9606,Homo sapiens,2,biomolecular,,
1E07FF65,Neuronal RNP granule,"Neuronal RNP granules are nonmembrane bound macromolecular condensates that concentrate certain sets of mRNAs and regulatory proteins, allowing them to travel longer distances to axons or dendrites. RNP granules in neurons have a dual role in regulating the translation of linked mRNAs: at rest, they impede mRNA translation, but once activated, they fuel local protein synthesis.",10116,Rattus norvegicus,1,biomolecular,,
26E28FFB,Synthetic Condensate 000009,,559292,Saccharomyces cerevisiae (strain ATCC 204508 / S288c),1,synthetic,,
2A09918C,Synthetic Condensate 000359,"Morphology: In Vivo Droplet Formation; Main protein: O00444; Partner Proteins: Q05D60; assemblies of the CRY2clust-Deup1 C-terminus accumulated GFP-Plk4, a master kinase for centriole biogenesis",9606,Homo sapiens,1,synthetic,,
985E7A25,Synthetic Condensate 000077,,6239,Caenorhabditis elegans,3,synthetic,,
D12D7489,Synthetic Condensate 000333,"Morphology: In Vitro Droplet Formation,In Vivo Droplet Formation; Main protein: P06104; Partner Proteins: Q02796; Lge1 condensates can co-enrich both the E3 Bre1 and the E2 Rad6 in a catalytic shell.",559292,Saccharomyces cerevisiae (strain ATCC 204508 / S288c),1,synthetic,,
500EDC60,Synthetic Condensate 000260,,0,Chimeras,3,synthetic,,
AB997901,Synthetic Condensate 000089,,9606,Homo sapiens,3,synthetic,,
5C1EA71F,Synthetic Condensate 000098,,9606,Homo sapiens,3,synthetic,,
29DC92C3,Synthetic Condensate 000232,,9606,Homo sapiens,0,synthetic,,
88CBB25B,Synthetic Condensate 000222,,9606,Homo sapiens,3,synthetic,,
D1D776A9,Founder granule,"Founder granules are ribonucleoprotein (RNP) condensates formed by the agglomeration of oskar (osk) mRNA RNPs during late oogenesis in Drosophila. These granules are enriched at the posterior of the oocyte and are distinct from germ granules, they are transient and not inherited during embryogenesis. They serve to localize osk mRNA (as well as CycB and nos mRNA and others).",7227,Drosophila melanogaster,5,biomolecular,,
AD8D327D,Golgi ribbon,The protein GM130 (GOGA2) forms a membrane-bound RNA-dependent condensate that keeps the integrity of the Golgi ribbon.,9606,Homo sapiens,5,biomolecular,,
089DA44D,MARDO,MARDO (Mitochondria-Associated Ribonucleoprotein DOmain) is a mitochondria-associated condensate that is described to store maternal mRNAs in the oocyte,10090,Mus musculus,5,biomolecular,,
BCF8C0FA,FRQ condensate,"FRQ phase separates in a temperature-dependent manner, altering its phosphorylation by CK1.",367110,Neurospora crassa (strain ATCC 24698 / 74-OR23-1A / CBS 708.71 / DSM 1257 / FGSC 987),5,biomolecular,,
34881ED2,Nucleolus,"Nucleolus is the largest and the first membrane-less organelle which was identified. It is composed of a fibrillar centre (FC), dense fibrillar component (DFC) and granular component (GC).  The nucleolus is a dynamic structure that disassembles during mitosis and reassembles after cell division. The nucleolus is responsible for ribosome biogenesis in eucaryotic cells, which are essential macromolecular machines responsible for synthesizing all proteins required by the cell. The nucleoli are now known to act as sensors and regulators of cellular responses, such as apoptosis, DNA damage response, epigenetic modification, genome stability, proliferation, senescence and signal transduction.",10116,Rattus norvegicus,1,biomolecular,,
718A9EC3,P62 body,"Inclusion bodies are insoluble aggregates of misfolded proteins inside the cell. A common pathogenic event in a range of neurodegenerative illnesses is aggregated proteins from the cytoplasm of nerve cells and glia. Misfolding in P62 is linked to sporadic inclusion body myositis (s-IBM) through defect in selective autophagy and Amyotrophic lateral sclerosis (ALS) which is a neurodegenerative disease that affects motor neurons in the brain, brainstem, and spinal cord.",9606,Homo sapiens,4,biomolecular,,
5B76C479,Contractile ring condensate,"As the final stage of cell cycle, actin filaments, myosin-II (Myo2), and numerous other proteins form a cytokinetic contractile ring that invaginates the plasma membrane to form a furrow that cleaves the cell into two daughter cells, this process is known as cytokinesis. Anillins are scaffold proteins of cytokinesis organizing center and their impairment impairs cytokinesis in the fission yeast Schizosaccharomyces pombe, resulted from aberrant contractile rings.",284812,Schizosaccharomyces pombe (strain 972 / ATCC 24843),3,biomolecular,,
5D403D55,Synthetic Condensate 000119,,9606,Homo sapiens,3,synthetic,,
D02F3EC8,Peri-nucleolar condensate,"Peri-Nucleolar Condensates form at the nucleolar periphery during heat shock. Upon heat-shock the ribosomal biogenesis is halted and this can lead to accumulation of aggregation prone orphan ribosomal proteins (oRPs). Peri-nucleolar condensates mainly consist of oRPs and the Hsp70 co-chaperone Sis1/DnaJB6. The condensates are suggested to preserve oRPs in a liquid-like state, preventing their degradation and enabling their incorporation into functional ribosomes upon recovery from heat shock.",9606,Homo sapiens,4,biomolecular,,
7E3E5BC3,Synthetic Condensate 000358,"Morphology: In Vitro Droplet Formation,In Vitro Frap; Main protein: Q94ET8; Partner Proteins: P00877, P00873, P08475; Rubisco and the linker protein Essential Pyrenoid Component 1 (EPYC1), are both necessary and sufficient to phase separate and form liquid droplets.",3055,Chlamydomonas reinhardtii,1,synthetic,,
7CAF9006,Tam body,"RNase mitochondrial RNA processing (MRP) is an endoribonuclease that degrades particular mRNAs important in cell cycle regulation. In Saccharomyces cerevisiae RMP is named Tam body, which is a specialized processing body that is temporally and asymmetrically regulated during the cell cycle, they are involved in the degradation of cell cycle regulated and daughter cell localized transcripts.",559292,Saccharomyces cerevisiae (strain ATCC 204508 / S288c),1,biomolecular,,
1AE015A9,ALYREF condensates,"ALYREF condensates are formed by the ALYREF protein through phase separation. These condensates are important for maintaining genomic integrity, and their disruption is implicated in the side effects of certain drugs and in diseases like cancer.",9606,Homo sapiens,5,biomolecular,,
950D9077,Synthetic Condensate 000273,"Morphology: In Vitro Droplet Formation,In Vitro Frap; Main protein: P35637; Partner Proteins: P24928; the GFP:CTD fusion protein was avidly trapped by hydrogel droplets composed of the LC domain of TAF15. No trapping whatsoever was observed when the GFP:CTD test protein was exposed to either hnRNPA2 or CIRBP hydrogel droplets, and weak trapping was observed for FUS and EWS hydrogels.",9606,Homo sapiens,1,synthetic,,
A5CB8438,PcG body,Proteins from the Polycomb Group (PcG) are clustered in nuclear foci known as PcG bodies. PcG proteins regulate the expression of a wide range of genes by silencing them.,10090,Mus musculus,4,biomolecular,,
9C0C01E2,Synthetic Condensate 000254,,0,Chimeras,3,synthetic,,
671877C5,Synthetic Condensate 000209,,9606,Homo sapiens,3,synthetic,,
B15FE1AF,Hippo signalosome,The Hippo signalosome condensates are formed by LATS2 and its associated proteins in response to cytoskeletal reorganization. These dynamic condensates play a role in spatially organizing and regulating Hippo pathway signaling.,9606,Homo sapiens,4,biomolecular,,
D0109C64,Synthetic Condensate 000306,Morphology: In Vitro Droplet Formation; Main protein: Q01844; Partner Proteins: Q07802; FUS and EWSR1 form condensates in vitro that are larger than those observed with EBF1.,0,Chimeras,1,synthetic,,
940DCD6E,INAVA condensates,INAVA condensates are membraneless compartments formed via phase separation in response to cellular stressors-such as reactive oxygen species or proteasome inhibitors-to regulate protein ubiquitination and degradation.,9606,Homo sapiens,4,biomolecular,,
4E66F2E3,BAG2,"BAG2 condensates are found in the cytosol and triggered by several forms of stress, particularly hyper-osmotic stress. These condensates facilitate client degradation through the 20S proteasome, independent of ubiquitin. Unlike most condensates, BAG2 condensates do not contain RNA. These structures safeguard cell viability during stress and can move towards the client protein. Inhibition of the proteasome leads to the relocation of BAG2 condensates and autophagy markers to an aggresome-like structure.",9606,Homo sapiens,4,biomolecular,,
4543C70E,Synthetic Condensate 000118,,9606,Homo sapiens,3,synthetic,,
988B4B02,Plant Photobody,A tunable thermo-sensor in plants where in light induced conformational changes direct photo-body formation and condensate itself senses the temperature signals.,3702,Arabidopsis thaliana,4,biomolecular,,
54E74809,Nuclear pore complex,"Nucleocytoplasmic exchange is mediated by nuclear pore complexes (NPCs). They're massive protein complexes that join the inner and outer nuclear membranes to create channels that span the nuclear envelope. Nucleoporins, which are made up of about 30 different protein components, assemble in many copies to form a complicated cylindrical architecture to the nuclear pores.",8364,Xenopus tropicalis,3,biomolecular,,
3A3AD14F,Aggresome,"Aggresomes are dynamic and reversible structures that form under stressed conditions. Aggresomes are crucial for bacterial fitness, providing a mechanism for spatial and temporal control of protein aggregation.",83333,Escherichia coli (strain K12),5,biomolecular,,
AC87FF17,Synthetic Condensate 000021,,0,Chimeras,3,synthetic,,
9568789E,Synthetic Condensate 000022,,9606,Homo sapiens,3,synthetic,,
950B8BA2,Synthetic Condensate 000133,,9606,Homo sapiens,3,synthetic,,
ACCC2039,TIS granule,"The TIS granule is a filamentous condensate that shares a large surface area with the rough endoplasmic reticulum and is involved in membrane protein trafficking. Large unstructured areas in mRNAs which exist in Tis granules have a high proclivity for forming a ubiquitous intermolecular interaction network, which act as the condensate skeleton. Because the underlying RNA network precludes full fusing of spherical liquid-like condensates, Tis granule is an irregularly shaped membrane-less organelles. The large surface area created by the condensate surface and the interface with other organelles could enhance interactions.",9606,Homo sapiens,4,biomolecular,,
5FD407E4,Inclusion Body,"Tomato yellow mottle-associated virus (TYMaV) inclusion bodies are dynamic biomolecular condensates formed through liquid-liquid phase separation (LLPS) by viral proteins, such as N and P proteins. These condensates facilitate viral replication and intracellular transport, relying on host cytoskeletal components like myosins for motility and coalescence.",4100,Nicotiana benthamiana,4,infectious,1967841,Tomato yellow mottle-associated virus
F701F3BC,PcG body,Proteins from the Polycomb Group (PcG) are clustered in nuclear foci known as PcG bodies. PcG proteins regulate the expression of a wide range of genes by silencing them.,9606,Homo sapiens,1,biomolecular,,
437BC32B,TIFA-TRAF6 Condensate,TIFA-TRAF6 condensates cluster in a liquid-like state as “microreactors” for recruiting downstream signaling molecules affecting the ALPK1-TIFA-TRAF6 signaling pathway.,9606,Homo sapiens,4,biomolecular,,
3C81F809,Synthetic Condensate 000288,Morphology: In Vivo Droplet Formation; Main protein: Q01844; Partner Proteins: Q01543; confocal imaging showed that EWS-FLI1 was detectable as nuclear dot-like structures after lentiviral expression in MSCs whereas wild-type FLI1 exhibited a more diffuse pattern,9606,Homo sapiens,1,synthetic,,
3190BB68,inclusion body-associated granule (IBAG),Human respiratory syncytial virus (RSV) inclusion body associated granules (IBAGs) are condensates formed within viral inclusion bodies (IBs) that facilitate viral translation. These granules are host PABP-mediated and other recruit host translation initiation factors to enable viral protein synthesis,9606,Homo sapiens,4,infectious,11259,Human respiratory syncytial virus A
6838ABCD,Synthetic Condensate 000303,"Morphology: In Vitro Droplet Formation,In Vitro Frap,In Vivo Droplet Formation,In Vivo Frap; Main protein: O04425; Partner Proteins: Q84TD8; FLL2 promotes the phase separation of FCA to form nuclear bodies.",3702,Arabidopsis thaliana,1,synthetic,,
01BEC43A,Synthetic Condensate 000315,"Morphology: In Vivo Droplet Formation,In Vivo Frap; Main protein: P03520; Partner Proteins: P03521, P03523; fluid-like viroplasm is only observed in cells expressing all 3 viral proteins: N, P, and L",11285,Vesicular stomatitis Indiana virus (strain San Juan),1,synthetic,,
80EB2636,Synthetic Condensate 000255,,9606,Homo sapiens,3,synthetic,,
54D84D15,Viral factory,Inclusions which form from concentrating of the replication machinary of RNA viruses. These inclusions favor enzymatic activities and protect the viral from getting recognized by the cellular receptors.,9606,Homo sapiens,4,infectious,132484,Measles virus (strain Edmonston-Moraten vaccine)
D1F4711B,PARP1-DNA condensate,"A phase-separated biomolecular assembly is established at sites of DNA damage, primarily mediated by poly(ADP-ribose) polymerase 1 (PARP1) and its affinity for double-stranded DNA. The condensate functions to stabilize broken DNA ends, promote the recruitment of repair factors, and is subject to regulation by PARP1-mediated PARylation, which facilitates disassembly following the completion of repair.",9606,Homo sapiens,4,biomolecular,,
81D2A7B6,Nuclear stress body,Stress bodies which form in the nucleus in response to heat shock.,9606,Homo sapiens,1,biomolecular,,
1CF1AEDA,Heterochromatin,"Chromatin is a complex of DNA and histone proteins that regulates gene expression as well as packaging genetic material to fit inside the cell. The proper functioning of chromatin also necessitates a web of interactions between molecular complexes that alter chromatin shape and organization to change DNA accessibility to transcription factors, resulting in the activation or repression of target DNA locus. Chromatin is divided into three types based on its shape and compaction state: euchromatin, heterochromatin, and centromeric chromatin. Heterochromatin is related with gene silencing and is characterized by being less accessible than euchromatin and transcriptionally less active. In the nucleus, heterochromatin separates from euchromatin and is concentrated in the nuclear periphery and regions around the nucleolus.",7227,Drosophila melanogaster,1,biomolecular,,
2425F50D,Granular component,Granular component (GC) is one of the three substructures of the nucleolus. GC is the site where final maturation of the pre-ribosomal ribonucleoprotein and assembly with ribosomal proteins occur.,10090,Mus musculus,4,biomolecular,,
E9A74F70,Synthetic Condensate 000227,,10090,Mus musculus,3,synthetic,,
48F3BEDE,Synthetic Condensate 000099,,9606,Homo sapiens,3,synthetic,,
B4774FF5,Nucleolus,"Nucleolus is the largest and the first membrane-less organelle which was identified. It is composed of a fibrillar centre (FC), dense fibrillar component (DFC) and granular component (GC).  The nucleolus is a dynamic structure that disassembles during mitosis and reassembles after cell division. The nucleolus is responsible for ribosome biogenesis in eucaryotic cells, which are essential macromolecular machines responsible for synthesizing all proteins required by the cell. The nucleoli are now known to act as sensors and regulators of cellular responses, such as apoptosis, DNA damage response, epigenetic modification, genome stability, proliferation, senescence and signal transduction.",9685,Felis catus,2,biomolecular,,
C441AF4C,Stress granule,"Trypanosoma brucei

Stress granules in the unicellular protest and parasite Trypanosoma brucei form under heat shock and puromycin treatment, upon polysome disassembly, at the periphery of the cell and are distinct from P-bodies.",185431,Trypanosoma brucei brucei (strain 927/4 GUTat10.1),5,biomolecular,,
56808221,Signaling cluster,Signaling clusters are protein assemblies which form at the membrane surfaces. Signaling clusters are crucial for the regulation of cell signaling.,10116,Rattus norvegicus,1,biomolecular,,
B61E46D6,Synthetic Condensate 000104,,10090,Mus musculus,3,synthetic,,
07A7ED5B,Synthetic Condensate 000060,,6239,Caenorhabditis elegans,3,synthetic,,
E6406A9A,Synthetic Condensate 000356,"Morphology: In Vitro Droplet Formation; Main protein: Q92804; Partner Proteins: P22087; strong binding of the N-terminal LC domain of FUS was observed and the LC domains of TAF15, DHX9 or nucleolin were trapped at a moderate intensity by the hydrogel droplets.",9606,Homo sapiens,1,synthetic,,
7ADEF05E,Synthetic Condensate 000039,,9606,Homo sapiens,0,synthetic,,
DB817387,Degradosome,"Escherichia coli

Membrane-associated RNP assembly in Escherichia coli, involved in ribosomal RNA (rRNA) processing and mRNA degradation. Composed of three central components: RNA helicase B, RNase E and Polynucleotide phosphorylase (PNPase). Activity regulated by bacterial, regulatory small RNAs (sRNA). Synonymous with 'BR-bodies' described in other bacterial species. Evidence for most components listed as members is co-purification with RNase E.",83333,Escherichia coli (strain K12),1,biomolecular,,
38BEFE36,Synthetic Condensate 000277,"Morphology: In Vitro Droplet Formation,In Vivo Droplet Formation,In Vivo Frap; Main protein: Q8NC56; Partner Proteins: Q8WUX9; We propose that during nuclear reassembly LEM2 condenses into a liquid-like phase and coassembles with CHMP7 to form a macromolecular O-ring seal at the confluence between membranes, chromatin and the spindle.",9606,Homo sapiens,1,synthetic,,
4299E36E,Nucleolus,"Nucleolus is the largest and the first membrane-less organelle which was identified. It is composed of a fibrillar centre (FC), dense fibrillar component (DFC) and granular component (GC).  The nucleolus is a dynamic structure that disassembles during mitosis and reassembles after cell division. The nucleolus is responsible for ribosome biogenesis in eucaryotic cells, which are essential macromolecular machines responsible for synthesizing all proteins required by the cell. The nucleoli are now known to act as sensors and regulators of cellular responses, such as apoptosis, DNA damage response, epigenetic modification, genome stability, proliferation, senescence and signal transduction.",3702,Arabidopsis thaliana,2,biomolecular,,
7AFE7FE2,Pericentriolar material,"The Pericentriolar material or cen mRNA granule is a ribonucleoprotein (RNP) condensate that localizes to the Pericentriolar Material (PCM) of the Drosophila centrosome. This condensate acts as a platform for the local translation of Cen,  which is improtant for organizing the mitotic spindle and facilitating mitosis.",7227,Drosophila melanogaster,5,biomolecular,,
662EAB36,Transcription condensate,Transcription bodies of zebrafish embryo are enriched for initiating and elongating forms of RNA polymerase II as well as pioneer transcription factors such as Nanog and Sox19B. They are formed at the mir430 genomic locus and are enriched for miR430 micro RNA.,7955,Danio rerio,5,biomolecular,,
21740CDC,NAB3 nuclear body,"Nuclear bodies are membraneless, RNA-rich organelles in the cell nucleus that concentrate certain nuclear proteins and RNA-protein complexes.",559292,Saccharomyces cerevisiae (strain ATCC 204508 / S288c),5,biomolecular,,
8F2F7B5C,Heterochromatin,"Chromatin is a complex of DNA and histone proteins that regulates gene expression as well as packaging genetic material to fit inside the cell. The proper functioning of chromatin also necessitates a web of interactions between molecular complexes that alter chromatin shape and organization to change DNA accessibility to transcription factors, resulting in the activation or repression of target DNA locus. Chromatin is divided into three types based on its shape and compaction state: euchromatin, heterochromatin, and centromeric chromatin. Heterochromatin is related with gene silencing and is characterized by being less accessible than euchromatin and transcriptionally less active. In the nucleus, heterochromatin separates from euchromatin and is concentrated in the nuclear periphery and regions around the nucleolus.",3702,Arabidopsis thaliana,5,biomolecular,,
8F16FF3E,Nuclear pore complex,"Nucleocytoplasmic exchange is mediated by nuclear pore complexes (NPCs). They're massive protein complexes that join the inner and outer nuclear membranes to create channels that span the nuclear envelope. Nucleoporins, which are made up of about 30 different protein components, assemble in many copies to form a complicated cylindrical architecture to the nuclear pores.",7739,Branchiostoma floridae,3,biomolecular,,
E72E7219,Pericentriolar matrix,"Centrosomes are the main microtubule organising centers (MTOC) of animal cells and thus are critical in regulating cell-cycle progression. Centrosomes nucleate microtubules during mitosis, allowing for chromosomal segregation. Each centrosome contains 2 centrioles arranged perpendicularly and surrounded by pericentriolar material (PCM).",6239,Caenorhabditis elegans,1,biomolecular,,
C4912696,TopBP1 condensate,TopBP1 condensates are reversible and were shown to fuse. TopBP1 condensation is proposed to act as a molecular switch that amplifies ATR activity. ,9606,Homo sapiens,5,biomolecular,,
F345034F,Signaling cluster,Signaling clusters are protein assemblies which form at the membrane surfaces. Signaling clusters are crucial for the regulation of cell signaling.,9606,Homo sapiens,1,biomolecular,,
DAD1D2C8,SPOP/DAXX body,"SPOP/DAXX bodies are nuclear bodies which form by phase separation of SPOP/DAXX in the nucleus. SPOP and DAXX are suggested to interact with each other and together they colocalize at distinct spots in the nucleus and form  a different, largely spherical type of nuclear body distinct from nuclear speckles, PML bodies, nucleoli, and Cajal bodies; named SPOP/DAXX bodies. Mutations which disrupt the interaction between SPOP and DAXX localizes SPOP to nuclear speckles and DAXX to the PML bodies.",9606,Homo sapiens,5,biomolecular,,
03E7CE7B,NEDD4 condensates,"Mechanistically, hCINAP interacts with and prevents NEDD4 from forming cytoplasmic condensates that compartmentalize YAP1 and its kinase NLK, facilitating YAP1 phosphorylation at Ser128 and promoting YAP1 activation.",9606,Homo sapiens,5,biomolecular,,
D9A36668,Transcriptional condensate,"Transcriptional condensates are bimolecular condensates which form by phase separation of transcription factors, mediator cofactors and numerous nucleic-acid binding proteins at enhancer sites of gene loci, promoting bimolecular interactions which are necessary for gene expression.",10090,Mus musculus,5,biomolecular,,
D3B9EAFD,Synthetic Condensate 000362,"Morphology: In Vivo Droplet Formation; Main protein: Q13535; Partner Proteins: Q92547, Q99638; On fluorescence microscopy, optogenetic TopBP1 condensates co-localized with RAD9 and with phospho ATR.",9606,Homo sapiens,1,synthetic,,
FCE689D0,Synthetic Condensate 000238,,0,Chimeras,3,synthetic,,
2B1872D5,Balbiani body,"Germ plasm in developing oocytes of vertebrates is localized into a special membrane-less structure called Balbiani body (Bb).  Bb is packed with RNAs, mitochondria, Golgi and endoplasmic reticulum.",9606,Homo sapiens,4,biomolecular,,
89D152D3,Sup35 condensate,"When yeast is under stress, Sup35 creates protective gels through pH-controlled liquid-like phase separation and gelation. Phase separation in this instance is facilitated by the N-terminal prion domain and controlled by the nearby pH sensor domain. The Sup35 translation factor is through this process protected from stress-related damage by phase separation, which aids in yeast survival.",284812,Schizosaccharomyces pombe (strain 972 / ATCC 24843),5,biomolecular,,
6C24B33F,Synthetic Condensate 000116,,9606,Homo sapiens,3,synthetic,,
1EF72FBA,ERES,"ERESs (endoplasmic reticulum (ER) exit sites) are dynamic, liquid-like condensates formed by the phase separation of SEC16A and other early secretory pathway proteins. These condensates are described to be sensitive to the concentration of the kinase DYRK3. The SEC16A protein, particularly its intrinsically disordered regions (IDRs), plays a role in driving the liquid-liquid phase separation (LLPS) that forms these condensates",9606,Homo sapiens,4,biomolecular,,
00C0C35B,Synthetic Condensate 000282,"Morphology: In Vitro Droplet Formation,In Vitro Frap,In Vivo Droplet Formation,In Vivo Frap; Main protein: P14904; Partner Proteins: P35193, P38182; In vitro reconstitution experiments reveal that Atg19 and lipidated Atg8 are necessary and sufficient for selective sequestration of Ape1 droplets by membranes.",559292,Saccharomyces cerevisiae (strain ATCC 204508 / S288c),1,synthetic,,
01CA17F3,Centrosome,"Cetrosomes are the main microtubule organising centers (MTOC) of animal cells and thus are critical in regulating cell-cycle progression. Centrosomes nucleate microtubules during mitosis, allowing for chromosomal segregation. Each centrosome contains 2 centrioles arranged perpendicularly and surrounded by pericentriolar material (PCM).",10090,Mus musculus,1,biomolecular,,
FE3CB95B,Synthetic Condensate 000371,"Morphology: In Vivo Droplet Formation; Main protein: Q05D60; Partner Proteins: O94986, O00444; the CRY2clust fused-Deup1 C-terminus rapidly accumulated GFP-Cep152 at the condensates after photo-activation of CRY2clust; this effect was not observed with CRY2clust alone. Importantly, assemblies of the CRY2clust-Deup1 C-terminus accumulated GFP-Plk4, a master kinase for centriole biogenesis.",9606,Homo sapiens,1,synthetic,,
2E2EF814,Nuclear pore complex,"Nucleocytoplasmic exchange is mediated by nuclear pore complexes (NPCs). They're massive protein complexes that join the inner and outer nuclear membranes to create channels that span the nuclear envelope. Nucleoporins, which are made up of about 30 different protein components, assemble in many copies to form a complicated cylindrical architecture to the nuclear pores.",3702,Arabidopsis thaliana,3,biomolecular,,
44A42CE7,RBM15 condensate,"RBM15 form large condensates within the nucleus. Notably, these condensates exhibit a tendency to co-locatize partially with m6A-modified transcripts, displaying a particular affinity for STYK1 transcripts. The correlation between RBM15 condensates and the advancement of tumors is established through their association with the MAPK pathway in mouse cell lines",9606,Homo sapiens,3,biomolecular,,
917A6517,Synthetic Condensate 000120,,0,Chimeras,3,synthetic,,
1422620B,Synthetic Condensate 000017,,9606,Homo sapiens,3,synthetic,,
84137BFC,Synthetic Condensate 000112,,9606,Homo sapiens,3,synthetic,,
CE67A724,Cytoplasmic protein granule,Phase separated cytoplasmic proteins forming aggregates in the cytoplasm. A hallmark of neurodegenerative diseases is the accumulation of cytoplasmic protein aggregates in neurons.,559292,Saccharomyces cerevisiae (strain ATCC 204508 / S288c),1,biomolecular,,
A7832E2F,Synthetic Condensate 000252,,3702,Arabidopsis thaliana,3,synthetic,,
C4086E78,HIV core condensate,"HIV-1 NC, CA, RT, and IN, but not PR, phase separated in vitro and in live cells as HIV-1 biomlecular condensates (BMCs) in live cells. ",9606,Homo sapiens,4,infectious,11705,Human immunodeficiency virus type 1 group M subtype B (isolate WMJ22)
74574544,Synthetic Condensate 000020,,0,Chimeras,3,synthetic,,
0B6FB1B0,Synthetic Condensate 000115,,9606,Homo sapiens,3,synthetic,,
C6D11C2A,Synthetic Condensate 000217,,10090,Mus musculus,3,synthetic,,
D9D495C7,BR-body,"Agrobacterium tumefaciens

Condensate identified in Agrobacterium tumefaciens by RNase E-YFP fusion protein expression.",358,Agrobacterium tumefaciens,5,biomolecular,,
443AEDFE,Heterochromatin,"Chromatin is a complex of DNA and histone proteins that regulates gene expression as well as packaging genetic material to fit inside the cell. The proper functioning of chromatin also necessitates a web of interactions between molecular complexes that alter chromatin shape and organization to change DNA accessibility to transcription factors, resulting in the activation or repression of target DNA locus. Chromatin is divided into three types based on its shape and compaction state: euchromatin, heterochromatin, and centromeric chromatin. Heterochromatin is related with gene silencing and is characterized by being less accessible than euchromatin and transcriptionally less active. In the nucleus, heterochromatin separates from euchromatin and is concentrated in the nuclear periphery and regions around the nucleolus.",10090,Mus musculus,4,biomolecular,,
170524B4,Synthetic Condensate 000168,,0,Chimeras,1,synthetic,,
9A9D7F4D,Synthetic Condensate 000014,,9606,Homo sapiens,1,synthetic,,
2E092FC3,PML body,"PML bodies are nuclear condensates detected by the PML protein, as their name suggests. The PML protein polymerizes into spherical shells where it concentrates several unrelated partner proteins into the PML bodies. PML is found in nearly all normal human tissues and produces PML bodies, which play a role in gene regulation and cellular activities like DNA repair, cell cycle control, and cell fate decisions.",10090,Mus musculus,1,biomolecular,,
8B6B23E7,P6 inclusion body,"Cauliflower Mosaic Virus  forms inclusion bodies during infection, which are mostly made of the viral protein P6 and are the sites of viral activity.",3702,Arabidopsis thaliana,5,infectious,10641,Cauliflower mosaic virus
8FEE509A,Nuclear speckle,Nuclear speckles are nuclear condensates also known as interchromatin granule clusters. These condensates are enriched in pre-mRNA splicing factors located in the interchromatin region of the nucleoplasm.,10116,Rattus norvegicus,4,biomolecular,,
518B4F3F,Htt inclusion,"Inclusion bodies are insoluble aggregates of misfolded proteins inside the cell. A common pathogenic event in a range of neurodegenerative illnesses is aggregated proteins from the cytoplasm of nerve cells and glia. Misfolding and aggregation of huntingtin (Htt) protein results in Huntington's disease (HD), which is the most prevalent inherited neurodegenerative disease. The HD mutation causes an excessively long polyglutamine (polyQ) expansion in the Htt, which makes the protein more prone to aggregate.",9606,Homo sapiens,1,biomolecular,,
0CEEA3E8,Synthetic Condensate 000006,,0,Chimeras,3,synthetic,,
05A797AF,Presynaptic clusters,Presynaptic clusters are clusters of synaptic vesicles at presynaptic sites.  Synapsin is the abundant protein associated with synaptic vesicles condensates.,10090,Mus musculus,1,biomolecular,,
94A6FFB4,Synthetic Condensate 000253,,0,Chimeras,3,synthetic,,
7C7190F1,ABC transporter condensate,The ABC transporter (Rv1747) has a regulatory cytoplasmic module which undergoes phase separation and forms liquid- like condensates.,83332,Mycobacterium tuberculosis (strain ATCC 25618 / H37Rv),5,biomolecular,,
927B5294,Nur77 condensate,The Nur77 condensate is  formed through the liquid-liquid phase separation of the nuclear receptor Nur77 on ubiquitinated mitochondria.,9606,Homo sapiens,5,biomolecular,,
0A6B6B10,Synthetic Condensate 000350,"Morphology: In Vivo Droplet Formation; Main protein: P31483; Partner Proteins: Q13148; 1,6-Hd drastically dissociated the cytoplasmic aggregates of RBPs, mutant FUS and TIA1. Consistent with the decreased number of RBPs-induced aggregates, sequestration of TDP-43 into the aggregates was also significantly prevented.",9606,Homo sapiens,1,synthetic,,
F11B6494,Synthetic Condensate 000269,"Morphology: In Vitro Droplet Formation,In Vivo Droplet Formation,In Vivo Frap; Main protein: P46937; Partner Proteins: P28347; A similar colocalization of YAP and TEAD1 in droplets was observed in U-2 OS cells in response to hyperosmotic stress induced by PEG",9606,Homo sapiens,1,synthetic,,
7EC67CCE,Synthetic Condensate 000169,,0,Chimeras,3,synthetic,,
DA9A581A,DVL2 condensates,"Ubiquitination of Dvl2 through K63 by WWP2 leads to condensate formation, which activate Wnt signaling",9606,Homo sapiens,4,biomolecular,,
9F5326C7,Synthetic Condensate 000213,,10090,Mus musculus,3,synthetic,,
3393144B,P62 cluster,"Misfolding in P62 is linked to defect in selective autophagy and Amyotrophic lateral sclerosis (ALS) which is a neurodegenerative disease that affects motor neurons in the brain, brainstem, and spinal cord.",10090,Mus musculus,4,biomolecular,,
9B5B2FB8,Synthetic Condensate 000374,"Morphology: In Vivo Droplet Formation,In Vivo Frap; Main protein: P68400; Partner Proteins: Q9NYF0; CK2α diffusely localized to both the nucleus and cytoplasm when expressed by itself, whereas coexpression with DACT1–tdTomato resulted in exclusive sequestration of the cytoplasmic pool to the condensates",9606,Homo sapiens,1,synthetic,,
886620B0,Negri body,Negri bodies (NBs) are inclusions or viral factories in the cytoplasm of the host cell where rabies virus replicates.,10036,Mesocricetus auratus,4,infectious,11294,Rabies virus (strain CVS-11)
02F8D883,IFN-I transcriptional condensate,IRF3/IRF7 condensate stimulating IFN-I transcription.,9606,Homo sapiens,4,biomolecular,,
9BCF5950,Plant growth regulator,Signal transduction body that regulates growth based on light and,0,Chimeras,5,biomolecular,,
BAEB8AFB,Inclusion body,"Bovine Respiratory Syncytial Virus (bRSV) inclusion bodies (IBs) are membraneless cytoplasmic condensates formed during viral infection. Here, these IBs (N protein) are formed in the cells of African green monkey (Chlorocebus sabaeus).",60711,Chlorocebus sabaeus,1,infectious,11247,Bovine respiratory syncytial virus (strain A51908)
4F8E82B6,Chloroplast Stress granule,"Arabidopsis thaliana

Chloroplast stress granules assemble rapidly in response to stress (here heat stress) and disappear when the stress ceases. Their formation in the stroma of Arabidopsis thaliana chloroplasts is inhibited by treatment with a translation inhibitor and the granules are composed of a stable core and a fluid outer shell.",3702,Arabidopsis thaliana,2,biomolecular,,
97EBEFF3,Nucleolus,"Nucleolus is the largest and the first membrane-less organelle which was identified. It is composed of a fibrillar centre (FC), dense fibrillar component (DFC) and granular component (GC).  The nucleolus is a dynamic structure that disassembles during mitosis and reassembles after cell division. The nucleolus is responsible for ribosome biogenesis in eucaryotic cells, which are essential macromolecular machines responsible for synthesizing all proteins required by the cell. The nucleoli are now known to act as sensors and regulators of cellular responses, such as apoptosis, DNA damage response, epigenetic modification, genome stability, proliferation, senescence and signal transduction.",9986,Oryctolagus cuniculus,1,biomolecular,,
C582EEC7,NONO,"NONO partitions into condensates in mouse fibroblasts and lack colocalisation with Neat1 mRNA, suggesting a non-Neat1 paraspeckle type condensate",10090,Mus musculus,5,biomolecular,,
296927EE,Par complex,Par complex is an evolutionary conserved complex which is composed of Par3/Par6/aPKC. Par complex forms a phase separated  condensate under the plasma membrane and regulates polarity in numerous cell types.,10090,Mus musculus,3,biomolecular,,
A1835F71,Synthetic Condensate 000128,,9606,Homo sapiens,3,synthetic,,
A9BEEE91,Sirna body,"siRNA bodies are specific cytoplasmic foci in Arabidopsis thaliana which contain accumulated AGO7, SGS3 and RDR6.  siRNA ibodies are distinct from P-bodies, but become positive to stress granule markers under stress induced translational repression, implying that siRNA bodies may store stalled mRNAs.",3702,Arabidopsis thaliana,1,biomolecular,,
6F9FB6EF,Cleavage body,"Cleavage bodies are nuclear bodies which contain factors that are necessary for RNA transcription and/or processing. Cleavage bodies often colocalize with other nuclear bodies, such as DDX1 body and Cajal body",9606,Homo sapiens,4,biomolecular,,
1C4BF022,Cytoplasmic bodies,CBs is a collective term used for biomolecular condensates with members of ubiquitin ligases components. CBs are speculated function as aggresome precursors or storage compartments that segregate potentially harmful excess ubiquitin ligases molecules from the cytosol dilute phase.,9606,Homo sapiens,4,biomolecular,,
3B1261D3,Synthetic Condensate 000365,"Morphology: In Vitro Droplet Formation; Main protein: P35637; Partner Proteins: P22087; strong binding of the N-terminal LC domain of FUS was observed and the LC domains of TAF15, DHX9 or nucleolin were trapped at a moderate intensity by the hydrogel droplets.",9606,Homo sapiens,1,synthetic,,
21DC7D43,Cajal body,These are nuclear bodies proposed to be involved in RNA metabolism identified by their characteristic marker Coilin. High concentrations of splicing small nuclear ribonucleoproteins (snRNPs) are found in Cajal bodies. These condensates are also suggested to contribute to telomerase biogenesis.,7227,Drosophila melanogaster,5,biomolecular,,
6F24707C,Cajal body,Cajal bodies are nuclear bodies which are composed of the scaffolding protein  Coilin and high concentrations of small nuclear ribonucleoproteins (snRNPs) which are involved in pre-mRNA splicing.These condensates are also suggested to contribute to RNA metabolism including snRNP biogenesis and telomerase biogenesis.,9606,Homo sapiens,1,biomolecular,,
1A18FFC4,Paraspeckle,"Paraspeckles are nuclear condensates which are formed around the long non-coding RNA NEAT1. According to emerging data, paraspeckle formation is triggered by phase separation of associated RNA-binding proteins with intrinsically disordered regions, which results in an orderly arrangement of paraspeckle components along NEAT1.",9606,Homo sapiens,1,biomolecular,,
8BB8BA7F,Synthetic Condensate 000324,"Morphology: In Vitro Droplet Formation,In Vitro Frap; Main protein: Q13263; Partner Proteins: P68431, P83916, P45973, Q13185; H3K9me3 12xNA and the tTRIM28/HP1β complex also undergo phase separation, which depends on the H3K9me3-CD interaction because unmodified 12xNA and H3K9me3 12xNA failed to undergo phase separation with tTRIM28/HP1β and tTRIM28/HP1β(V23M), respectively; Mixing tTRIM28/HP1α or tTRIM28/HP1γ with NE also resulted in extensive punctum formation.",9606,Homo sapiens,1,synthetic,,
24475C75,Stress granule,"Stress granules (SGs) are condensed membrane-less organelles that form dynamically as RNA and protein (RNP) phase separate during physiological stress. When translation initiation is limited, SGs assemble and play a role in translational regulation and proteome buffering. Translationally stalled mRNAs, translation initiation factors, RNA-binding proteins, and non-RNA-binding proteins are among the constituents of SGs. SGs are one of the most important cellular stress relievers, yet their presence are temporary. Any condition that causes permanent presence of SGs, such as chronic stress or alterations in the structure of the components of SGs, can induce their pathological aggregation and degenerative effects.",3702,Arabidopsis thaliana,1,biomolecular,,
A3F53DF0,Synthetic Condensate 000272,"Morphology: In Vitro Droplet Formation; Main protein: P09651; Partner Proteins: P35637, P22626; Homotypic trapping of the GST:FUS LC by the mCherry:FUS LC hydrogel was sufficiently avid that GFP signal hardly decayed over the hour-long washout period. The hnRNPA1, TIA1 and CPEB2 LC domains bound to the hydrogel with more modest avidity; The mCherry:hnRNPA2 hydrogel also avidly trapped the LC domains of hnRNPA1, CIRBP and RBM3.",9606,Homo sapiens,1,synthetic,,
DD124B01,Synthetic Condensate 000205,,7227,Drosophila melanogaster,3,synthetic,,
979E1F4B,Synthetic Condensate 000033,,0,Chimeras,3,synthetic,,
EBDFEA1F,Synthetic Condensate 000296,"Morphology: In Vitro Droplet Formation,In Vitro Frap,In Vivo Droplet Formation; Main protein: Q92804; Partner Proteins: P35637; when P525L FUS droplets were aged in the presence of EWSR1, TAF15 and hnRNPA1, fiber formation was suppressed. P525L FUS interaction with the investigated RBPs was confirmed by assessing droplet co-localization",9606,Homo sapiens,1,synthetic,,
72FAB94F,Nucleolus,"Nucleolus is the largest and the first membrane-less organelle which was identified. It is composed of a fibrillar centre (FC), dense fibrillar component (DFC) and granular component (GC).  The nucleolus is a dynamic structure that disassembles during mitosis and reassembles after cell division. The nucleolus is responsible for ribosome biogenesis in eucaryotic cells, which are essential macromolecular machines responsible for synthesizing all proteins required by the cell. The nucleoli are now known to act as sensors and regulators of cellular responses, such as apoptosis, DNA damage response, epigenetic modification, genome stability, proliferation, senescence and signal transduction.",9823,Sus scrofa,4,biomolecular,,
873B6374,Synthetic Condensate 000122,,45920,Araneus diadematus,3,synthetic,,
7B858B7A,Cobl condensate,Condensates promoting actin nucleation,10090,Mus musculus,4,biomolecular,,
92722620,Synthetic Condensate 000059,,9606,Homo sapiens,1,synthetic,,
CA00D4B7,MEX3B granule,"With MEX3B identified as a constituent of P-bodies, additional non-colocalizing condensates composed of labeled MEX3B are observed in MCF7 cells.",9606,Homo sapiens,1,biomolecular,,
67BDE49F,Synthetic Condensate 000353,Morphology: In Vivo Droplet Formation; Main protein: O60885; Partner Proteins: O14686; MLL4 Q4092X MSCs had decreased intensity of BRD4 and MED1 condensates compared to the WT MSCs.,9606,Homo sapiens,1,synthetic,,
A1E2A3BE,Nucleolus,"Nucleolus is the largest and the first membrane-less organelle which was identified. It is composed of a fibrillar centre (FC), dense fibrillar component (DFC) and granular component (GC).  The nucleolus is a dynamic structure that disassembles during mitosis and reassembles after cell division. The nucleolus is responsible for ribosome biogenesis in eucaryotic cells, which are essential macromolecular machines responsible for synthesizing all proteins required by the cell. The nucleoli are now known to act as sensors and regulators of cellular responses, such as apoptosis, DNA damage response, epigenetic modification, genome stability, proliferation, senescence and signal transduction.",9031,Gallus gallus,1,biomolecular,,
1ED00101,Synthetic Condensate 000186,,9606,Homo sapiens,3,synthetic,,
48B2925C,Inclusion body,"Viral inclusion bodies formed by Nyamanini Virus are biomolecular condensates localizing to host nucelus.  These condensates are driven by the viral Nucleoprotein (N) and Phosphoprotein (P). Unique among mononegaviruses, these inclusion bodies recruit host nuclear speckles and are essential for viral replication.",9606,Homo sapiens,4,infectious,1557032,Nyamanini virus (isolate Tick/Thailand/39/1968)
75CAE956,Synthetic Condensate 000075,,6239,Caenorhabditis elegans,3,synthetic,,
3E806696,Stress granule,"Stress granules (SGs) are condensed membrane-less organelles that form dynamically as RNA and protein (RNP) phase separate during physiological stress. When translation initiation is limited, SGs assemble and play a role in translational regulation and proteome buffering. Translationally stalled mRNAs, translation initiation factors, RNA-binding proteins, and non-RNA-binding proteins are among the constituents of SGs. SGs are one of the most important cellular stress relievers, yet their presence are temporary. Any condition that causes permanent presence of SGs, such as chronic stress or alterations in the structure of the components of SGs, can induce their pathological aggregation and degenerative effects.",9031,Gallus gallus,1,biomolecular,,
28DCC277,Synthetic Condensate 000327,"Morphology: In Vitro Droplet Formation,In Vivo Droplet Formation; Main protein: O16810; Partner Proteins: Q9VSM9, Q7JVY2; Both tRFP-Cdc6 and eGFP-Cdt1 showed marked enrichment within ORC droplets. Moreover, although phase separation by Cdc6 was partially inhibited by ATP, all three initiator components can co-associate in a liquid phase in the presence of ATP.",7227,Drosophila melanogaster,1,synthetic,,
7EC836B8,BAZ2A bodies,"-BAZ2A bodies form in the nucleus and their presence is enhanced by increased concentrations of crowding agents (i.e. PEG8000) and their frequency and size is reduced with increased 16-hexanediol concentration.
https://pubmed.ncbi.nlm.nih.gov/38599210/",10090,Mus musculus,5,biomolecular,,
807266B4,Nuclear pore complex,"Nucleocytoplasmic exchange is mediated by nuclear pore complexes (NPCs). They're massive protein complexes that join the inner and outer nuclear membranes to create channels that span the nuclear envelope. Nucleoporins, which are made up of about 30 different protein components, assemble in many copies to form a complicated cylindrical architecture to the nuclear pores.",6239,Caenorhabditis elegans,5,biomolecular,,
33FCD62D,Centrosome,"Cetrosomes are the main microtubule organising centers (MTOC) of animal cells and thus are critical in regulating cell-cycle progression. Centrosomes nucleate microtubules during mitosis, allowing for chromosomal segregation. Each centrosome contains 2 centrioles arranged perpendicularly and surrounded by pericentriolar material (PCM).",3702,Arabidopsis thaliana,1,biomolecular,,
F1DB9E1E,Signaling cluster,Signaling clusters are protein assemblies which form at the membrane surfaces. Signaling clusters are crucial for the regulation of cell signaling.,10090,Mus musculus,1,biomolecular,,
EA3337F5,#NAME?,"The paper shows that human EB1 forms molecular condensates with TIP150 and MCAK through liquid–liquid phase separation to compartmentalize the kinetochore–microtubule plus-end machinery, ensuring accurate kinetochore–microtubule interactions during chromosome segregation in mitosis. The give evidence in vitro and in vivo in hela cells and also show formation of these condensates upon microinjection in drosophila syncitial embryos.",9606,Homo sapiens,5,biomolecular,,
A3E85EF1,Synthetic Condensate 000117,,9606,Homo sapiens,1,synthetic,,
870FBEC9,Synthetic Condensate 000218,,9031,Gallus gallus,1,synthetic,,
F15C9420,Synthetic Condensate 000300,Morphology: In Vivo Droplet Formation; Main protein: P43243; Partner Proteins: Q13148; MATR3 constructs that are capable of forming liquid-like droplets will recruit TDP43 carrying a disabled RRM1 domain or expressed fragments of TDP43 that encompass the PrL domain.,9606,Homo sapiens,1,synthetic,,
E0732220,CPEB4 granule,"The intrinsically disordered regions in the N-terminal domain of the unphosphorylated CPEB4 phase separate into inactive, liquid-like droplets, CPEB4 granules. This process is coordinated by Cdk1 through inactivating CPEB1 while activating CPEB4, controlling the dynamic and reversible regulation of CPEB4 with that of CPEB1, integrating phase-specific signal transduction pathways to control cell cycle progression.",8355,Xenopus laevis,5,biomolecular,,
BEB5E62D,Anisosome,Anisosomes are nuclear liquid spherical shells with liquid core formed by demixing of RNA-binding deficient TDP-43  protein molecules. Formation of anisosome droplets represent a liquid crystal formation and is important in age related neurodegenerative diseases.,9606,Homo sapiens,4,biomolecular,,
A13F0EB5,Synthetic Condensate 000320,"Morphology: In Vitro Droplet Formation,In Vitro Frap,In Vivo Droplet Formation,In Vivo Frap; Main protein: P00519; Partner Proteins: P16333; When the proteins(SH35+PRM5) were mixed in 1:1 ratio, both the droplet and bulk phases contained equal amounts of each molecule.",9606,Homo sapiens,1,synthetic,,
0808F6DD,P-body,"P-bodies are cytosolic biomolecular condensates that arise in response to environmental stress when translationally-arrested mRNAs and proteins phase separate at specific regions in the cytoplasm. In this way, P-bodies are important for translation regulation and proteome buffering.",284812,Schizosaccharomyces pombe (strain 972 / ATCC 24843),1,biomolecular,,
9DA71F79,Stress granule,"Stress granules are formed in response to a diverse set of cellular stresses including changes in temperature, pH, nutrient and oxygen availability. They represent a heterogenous class of ribonucleoprotein condensates with varying compositions and physical properties (e.g. viscosity, liquid-vs-solid-like nature) depending on the exact type of stress as well as the organism itself. It is now understood that nucleic composition is regulated in stress granule formation, and may be directly linked to its function",6239,Caenorhabditis elegans,3,biomolecular,,
88B1263E,Synthetic Condensate 000240,,0,Chimeras,3,synthetic,,
D57F7ABA,Synthetic Condensate 000274,"Morphology: In Vitro Droplet Formation,In Vitro Frap; Main protein: D0PV95; Partner Proteins: P01116, P15056, P04049; ATTO 550-labeled GDP-K-Ras4B proteins were then injected into the solution containing LAF1 droplets. GDP-K-Ras4B protein readily colocalizes in the liquid droplets. both B-Raf-RBD and C-Raf-RBD are not only able to bind to the membrane-associated signaling protein K-Ras4B, they are also able to localize in liquid condensates through interaction with K-Ras4B.",0,Chimeras,1,synthetic,,
4F6C34C9,senescence-associated nuclear proteasome foci,"Senescence-Associated Nuclear Proteasome foci (SANPs) are distinct nuclear structures in senescent cells containing active 26S proteasome and ubiquitin chains. They do not colocalize with other nuclear bodies, and are involved in protein degradation and mitochondrial regulation. They are nuclear foci",9606,Homo sapiens,4,biomolecular,,
EB3EADD3,Ubqln puncta,"Ubiquilins (UBQLNs) are multifunctional proteins that interact with a variety of components of the cell's protein quality control (PQC) machinery. UBQLN mutations are most frequently connected to amyotrophic lateral sclerosis (ALS), frontotemporal dementia (FTD), and other neurodegenerative diseases. Studies have shown that UBQLN proteins undergo phase separation and form condensates and pathogenic aggregates.",9606,Homo sapiens,4,biomolecular,,
CD2044AE,FXR-driven SARS-CoV-2 condensate,FXR-driven condensates formed by FXR proteins in coordination with the SARS-CoV-2 protein Nsp3. These condensates play a role in clustering viral replication organelles and recruiting the machinery necessary for efficient replication.,9606,Homo sapiens,4,infectious,2697049,Severe acute respiratory syndrome coronavirus 2
42CE018A,McdB condensate,"McdB protein Is crucial for organize ng reaction centers of Synechococcus elongatus where carbon dioxide in concerted into sugars. McdB condensates are suggested to enhance this process, as altering McdB affects phase separation properties and results in changes in organization of reaction centers.",1140,Synechococcus elongatus (strain PCC 7942 / FACHB-805),3,biomolecular,,
60F74988,Synthetic Condensate 000004,,9606,Homo sapiens,1,synthetic,,
D0F20FEF,Synthetic Condensate 000090,,9606,Homo sapiens,3,synthetic,,
BD836276,Synthetic Condensate 000030,,0,Chimeras,3,synthetic,,
504CA153,STD1 body,STD1 bodies are  nuclear puncta in yeast which controls the response to energy depletion by SNF1.,559292,Saccharomyces cerevisiae (strain ATCC 204508 / S288c),5,biomolecular,,
D8E9712B,Neuronal RNP granule,"Neuronal RNP granules are nonmembrane bound macromolecular condensates that concentrate certain sets of mRNAs and regulatory proteins, allowing them to travel longer distances to axons or dendrites. RNP granules in neurons have a dual role in regulating the translation of linked mRNAs: at rest, they impede mRNA translation, but once activated, they fuel local protein synthesis.",9606,Homo sapiens,1,biomolecular,,
12F82FB5,Synthetic Condensate 000142,"When GFP is super positively charged, it can induce phase separation of NICD.",0,Chimeras,3,synthetic,,
9A8A194B,Nuclear speckle,Nuclear speckles are nuclear condensates also known as interchromatin granule clusters. These condensates are enriched in pre-mRNA splicing factors located in the interchromatin region of the nucleoplasm.,3702,Arabidopsis thaliana,1,biomolecular,,
EF6CBD8C,Synthetic Condensate 000070,,9606,Homo sapiens,3,synthetic,,
49499F59,Synthetic Condensate 000132,,6239,Caenorhabditis elegans,3,synthetic,,
A7E9CBB4,Postsynaptic density,"Postsynaptic density (PSD) is a condensed protein-rich sub-compartment beneath the postsynaptic plasma membranes of each synapse that constantly interchange their contents with bulk aqueous cytoplasm in synaptic spines.. The PSD is responsible for receiving, amplifying, and storing signals begun by presynaptic cells. PSDs are made up of tightly packed proteins that form assemblies that are a few hundred nanometers wide and 30–50 nanometers thick.",10116,Rattus norvegicus,1,biomolecular,,
2EABBFCD,TBC1D2B condensate,"The TBC1D2B condensate forms through liquid-liquid phase separation (LLPS) upon autophagy induction, transitioning from a dilute state to spherical gel-like compartments with high protein mobility.",9606,Homo sapiens,4,biomolecular,,
217616E8,cytoplasmic Virion Assembly Compartments (cVACs),Herpesvirus forms cytoplasmic Virion Assembly Compartments (cVACs) in the cytoplasm of the infected cell. These compartments exhibit liquid-like properties.,9606,Homo sapiens,4,infectious,33708,Murid herpesvirus 4 
60F64496,P-body,"P-bodies are cytosolic biomolecular condensates that arise in response to environmental stress when translationally-arrested mRNAs and proteins phase separate at specific regions in the cytoplasm. In this way, P-bodies are important for translation regulation and proteome buffering.",3702,Arabidopsis thaliana,1,biomolecular,,
51D569B1,Synthetic Condensate 000294,"Morphology: In Vitro Droplet Formation,In Vitro Frap; Main protein: Q9JIR0; Partner Proteins: Q9JIR4; RIM and RIM-BP, via specific multivalent bindings, form dynamic and condensed assemblies through liquid-liquid phase separation.",10116,Rattus norvegicus,1,synthetic,,
3D208FE7,Pre-replication compartment (PRC),"pre-replication condensates (pre-RCs) are formed during Murine Cytomegalovirus (MCMV) infection. These condensates are membraneless assemblies (MLAs) that organize in the nucleus during the early (E) phase of infection, prior to viral DNA replication.",10090,Mus musculus,4,infectious,69156,Murid herpesvirus 1 (strain K181)
0C73AF1D,Synthetic Condensate 000242,,10090,Mus musculus,3,synthetic,,
93BC9B9E,Synthetic Condensate 000383,MAPK3 fused to FRB partitions into synthetic Sumo10-Sim6 condensates. ELK1 C-terminus (residues 206-428) fused to FRB also partions and showcases increased phosphorylation when partitioning into the condensate,9606,Homo sapiens,3,synthetic,,
E7B423DE,Mimi granules,mimi granules contain mRNAs and proteins involved in synaptic processes. Loss of these granules is associated with impaired nervous system maturity and neuropeptide-mediated signaling resulting in neurodegeneration phenotype,7227,Drosophila melanogaster,5,biomolecular,,
7EE86442,Synthetic Condensate 000355,"Morphology: In Vitro Droplet Formation,In Vivo Droplet Formation,In Vivo Frap; Main protein: P34216; Partner Proteins: P38182; Distinct domains within Ede1 bind Atg8 and mediate phase separation into condensates.",559292,Saccharomyces cerevisiae (strain ATCC 204508 / S288c),1,synthetic,,
0F56F502,G-body,G-bodies are cytoplasmic granules which form in yeast from the aggregation of glycolysis enzymes in response to hypoxic stress. The formation of G-bodies is linked to a higher consumption rate of glucose and increased cell survival.,559292,Saccharomyces cerevisiae (strain ATCC 204508 / S288c),1,biomolecular,,
C93AFFD2,Synthetic Condensate 000131,,9606,Homo sapiens,3,synthetic,,
6D2E8C29,Synthetic Condensate 000196,,8355,Xenopus laevis,1,synthetic,,
1A0B17A6,cGAS foci,The cytosolic DNA sensor cGMP-AMP (cGAMP) synthase (cGAS) detects both pathogenic and mislocalized DNA in the cytoplasm and activates innate immunity. The immunological response to cancer and pathogen infection is dependent on cGAS detection of cytosolic DNA. The spatial limitation of the DNA sensor cGAS prevents abnormal intracellular detection of self-DNA. The development of cytoplasmic foci containing cGAS and DNA is triggered by DNA emerging in the cytoplasm. Human cGAS (h-cGAS) constitutes an important therapeutic target for modulation of antiinflammatory responses that can contribute to the emergence of autoimmune disorders.,9606,Homo sapiens,1,biomolecular,,
EA58C052,Stress granule,"Aspergillus oryzae

Stress granule formed in the filamentous fungus Aspergillus oryzae under heat stress (45°C) and sorbitol-induced osmotic stress at the hyphal tip.",510516,Aspergillus oryzae (strain ATCC 42149 / RIB 40),5,biomolecular,,
69B7DAF2,Synthetic Condensate 000360,Morphology: In Vitro Droplet Formation; Main protein: Q94ET8; Partner Proteins: O03042; Hybrid Arabidopsis Rubisco containing the Chlamydomonas SSU could phase separate into liquid droplets with purified EPYC1 in vitro.,0,Chimeras,1,synthetic,,
20D775CC,Synthetic Condensate 000188,,9606,Homo sapiens,3,synthetic,,
DD98A56E,Balbiani body,"Germ plasm in developing oocytes of vertebrates is localized into a special membrane-less structure called Balbiani body (Bb).  Bb is packed with RNAs, mitochondria, Golgi and endoplasmic reticulum.",7955,Danio rerio,5,biomolecular,,
CDDB7C63,Synthetic Condensate 000147,"When GFP is super positively charged, it can induce phase separation of NICD.",0,Chimeras,3,synthetic,,
9ED295E5,Nucleolus,"Nucleolus is the largest and the first membrane-less organelle which was identified. It is composed of a fibrillar centre (FC), dense fibrillar component (DFC) and granular component (GC).  The nucleolus is a dynamic structure that disassembles during mitosis and reassembles after cell division. The nucleolus is responsible for ribosome biogenesis in eucaryotic cells, which are essential macromolecular machines responsible for synthesizing all proteins required by the cell. The nucleoli are now known to act as sensors and regulators of cellular responses, such as apoptosis, DNA damage response, epigenetic modification, genome stability, proliferation, senescence and signal transduction.",8128,Oreochromis niloticus,1,biomolecular,,
99286EFB,Synthetic Condensate 000038,,559292,Saccharomyces cerevisiae (strain ATCC 204508 / S288c),3,synthetic,,
403A9DB1,Synthetic Condensate 000002,,8355,Xenopus laevis,3,synthetic,,
D46705B1,Presynaptic clusters,Presynaptic clusters are clusters of synaptic vesicles at presynaptic sites.  Synapsin is the abundant protein associated with synaptic vesicles condensates.,7748,Lampetra fluviatilis,3,biomolecular,,
C5843A5F,miRISC condensate,"miRISC is a multi-protein assembly that identifies mRNAs targeted for repression using microRNAs (miRNAs). In vitro and in living cells, it is demonstrated that two core protein components of human miRISC, Argonaute2 (Ago2) and TNRC6B, condense into phase-separated droplets.",9606,Homo sapiens,5,biomolecular,,
34B41364,Chloroplast Stress granule,"Chlamydomonas reinhardtii

Chloroplast stress granules in the eukaryotic green alga assemble upon stress-induced disassembly of the Rubisco holoenzyme in the pyrenoid. This activates the RNA-binding activity of LSU (large Rubisco subunit, P00877), followed by its concurrent aggregation and binding to mRNAs that are released from polysomes.",3055,Chlamydomonas reinhardtii,5,biomolecular,,
ED61D366,FATZ-1 condensate,The FATZ condensate is formed through phase separation by the sarcomeric protein FATZ-1 creating a fuzzy complex with a polar architecture,9606,Homo sapiens,3,biomolecular,,
E019EF73,Ede1 condensate,Ede1 is an endocytic  protein. Excess Ede1 in yeast cells phase separates into large condensates which  are able recruit other endocytic proteins.,559292,Saccharomyces cerevisiae (strain ATCC 204508 / S288c),5,biomolecular,,
7CA99819,PodJ condensates,Caulobacter PodJ (a swarmer-cell-pole scaffold) condensates participate in regulation if asymmetric cell division (ACD) ,190650,Caulobacter vibrioides (strain ATCC 19089 / CIP 103742 / CB 15),5,biomolecular,,
B5B9A610,PML body,"As evidenced in its name, pml bodies are nuclear condensates identified by the PML protein. PML condensates are formed from homotypic PML:PML interactions. Composition of PML bodies change during cell cycle but their exact functions remain unclear",9606,Homo sapiens,2,biomolecular,,
5965E019,mtRNA granule,"Mitochondrial RNA (mtRNA) granules are RNA-rich granules located in close proximity to nucleoids inside mintochondria. mtRNA granules contain newly transcribed mtRNAS and various proteins participating in post-transcriptional processing and regulation of mtRNA, and mitoribosome assembly.",9606,Homo sapiens,1,biomolecular,,
75451661,Viral Factory,Cytoplasmic Ebola viral factories (VFs) are condensates that  grow over time associating with host vimentin.,9606,Homo sapiens,4,infectious,128952,Zaire ebolavirus (strain Mayinga-76)
117BB047,PARCL condensate,The condensates formed by PARCL (plant RNA-binding protein). PARCL exhibits chaperone activity and colocalizes with RNA.,3702,Arabidopsis thaliana,5,biomolecular,,
FB4E32DD,Presynaptic clusters and postsynaptic densities,"Presynaptic clusters are clusters of synaptic vesicles at presynaptic sites.  Synapsin is the abundant protein associated with synaptic vesicles condensates. Postsynaptic density (PSD) is a condensed protein-rich sub-compartment beneath the postsynaptic plasma membranes of each synapse that constantly interchange their contents with bulk aqueous cytoplasm in synaptic spines.. The PSD is responsible for receiving, amplifying, and storing signals begun by presynaptic cells. PSDs are made up of tightly packed proteins that form assemblies that are a few hundred nanometers wide and 30–50 nanometers thick.",9606,Homo sapiens,2,biomolecular,,
942898C4,Synthetic Condensate 000380,,9606,Homo sapiens,3,synthetic,,
98A5DA6D,Synthetic Condensate 000066,,9606,Homo sapiens,3,synthetic,,
36896B46,T-cell signalosome,"T-cell signalling is a dynamic process involving a large number of membrane and cytosolic proteins, involved in signal transduction.",9606,Homo sapiens,5,biomolecular,,
84374B0C,Synthetic Condensate 000158,,0,Chimeras,3,synthetic,,
37C8BA2F,Synthetic Condensate 000012,,284811,Ashbya gossypii (strain ATCC 10895 / CBS 109.51 / FGSC 9923 / NRRL Y-1056),1,synthetic,,
58F5AC37,Synthetic Condensate 000283,"Morphology: In Vitro Droplet Formation,In Vitro Frap; Main protein: P24928; Partner Proteins: P35637, Q01844, Q92804; the GFP:CTD fusion protein was avidly trapped by hydrogel droplets composed of the LC domain of TAF15. No trapping whatsoever was observed when the GFP:CTD test protein was exposed to either hnRNPA2 or CIRBP hydrogel droplets, and weak trapping was observed for FUS and EWS hydrogels.",9606,Homo sapiens,1,synthetic,,
900B1AFC,Synthetic Condensate 000265,,735330,Escherichia coli O70:NM,3,synthetic,,
28619EF7,NP bodies,"NP bodies are phase separated Pumilio (PUM)  condensates that are formed from inhibiting PUM proteins  by lncRNA NORAD, which prevents aberrant  ultimately mitosis.",9606,Homo sapiens,4,biomolecular,,
060EE9EF,Z-granule,"Early germline blastomeres of C elegans contain ZNFX-1, ZSP1, and WAGO-4, which localize to germ granules (P granules). These proteins detach from P granules later in germline development, forming a distinct liquid-like condensate called the Z-granule. Z-granules assemble into organized tri-condensate assemblages with P-granules and Mutator foci in adult germ cells, termed PZM granules.",6239,Caenorhabditis elegans,1,biomolecular,,
7FF4107C,Beta-Catenin Destruction Complex,"Destruction complex (DC), are condensates comprising scaffold proteins and kinases that regulate β-catenin stability. The centrosome nucleates DC. Enriching GSK3β partitioning on the centrosome controls β-catenin processing and prevents Wnt-driven embryonic stem cell differentiation to mesoderm.",9606,Homo sapiens,4,biomolecular,,
3FEF42AA,Synthetic Condensate 000379,Condensate composed of KDM2A and KDM4B.,9606,Homo sapiens,4,synthetic,,
B55775CA,SSB condensate,"Bacterial single-stranded DNA binding protein (SSB) form condenates that are described to store DNA repair proteins that interact with SSB. It was shoiwn that levated levels of single-stranded DNA during genomic stress might dissolve SSB condensates, enabling rapid mobilization of SSB and SSB-interacting proteins to sites of DNA damage.",83333,Escherichia coli (strain K12),1,biomolecular,,
A310D5D6,Synthetic Condensate 000126,,0,Chimeras,1,synthetic,,
5D6181E1,Synthetic Condensate 000293,"Morphology: In Vivo Droplet Formation; Main protein: Q14145; Partner Proteins: Q16236, Q13501; KEAP1- and NRF2-positive clusters are positive for endogenous p62 and require p62 to form. The ANCHOR mutants form p62-dependent biomolecular condensates that are spherical and contain p62, p62 pS351, polyUb, and NRF2.",9606,Homo sapiens,1,synthetic,,
C0C3C39E,Sec-body,Sec bodies are reversible non-membrane bound stress assemblies that incorporate components of the ER exit sites. These assemblies form in Drosophila S2 cells in response to amino-acid starvation.,7227,Drosophila melanogaster,4,biomolecular,,
075799D7,Synthetic Condensate 000085,,9606,Homo sapiens,1,synthetic,,
FBBE2A73,Synthetic Condensate 000275,"Morphology: In Vitro Droplet Formation,In Vitro Frap,In Vivo Droplet Formation,In Vivo Frap; Main protein: Q6ZN16; Partner Proteins: Q8NB46; ANKRD52 condensates are not completely colocalized with ASK3 condensates, but they move around and grow while sharing their phase boundaries",9606,Homo sapiens,1,synthetic,,
1A926453,Synthetic Condensate 000307,"Morphology: In Vitro Droplet Formation,In Vitro Frap; Main protein: P26599; Partner Proteins: P16333; Analogous droplets were also observed with an unrelated SH35-ligand5 pair and with the tetravalent RNA binding protein, PTB, interacting with an RNA oligonucleotide.",9606,Homo sapiens,1,synthetic,,
A0C76C25,Synthetic Condensate 000210,,8355,Xenopus laevis,3,synthetic,,
4081D115,Synthetic Condensate 000341,"Morphology: In Vitro Droplet Formation,In Vivo Droplet Formation; Main protein: Q02796; Partner Proteins: P06104, Q07457; Lge1 condensates can co-enrich both the E3 Bre1 and the E2 Rad6 in a catalytic shell.",559292,Saccharomyces cerevisiae (strain ATCC 204508 / S288c),1,synthetic,,
47E1BA53,Synthetic Condensate 000249,,9606,Homo sapiens,1,synthetic,,
37FB04D7,Synthetic Condensate 000157,,36200,Dissostichus mawsoni,3,synthetic,,
1AFBA5D2,Synthetic Condensate 000248,,559292,Saccharomyces cerevisiae (strain ATCC 204508 / S288c),3,synthetic,,
CB5AE2BC,Synthetic Condensate 000337,"Morphology: In Vivo Droplet Formation,In Vivo Frap; Main protein: P08775; Partner Proteins: Q8C1S0; Mediator and Pol II form condensates that coalesce, recover in FRAP, and are sensitive to hexanediol.",10090,Mus musculus,1,synthetic,,
54B206F5,Synthetic Condensate 000335,"Morphology: In Vivo Droplet Formation,In Vivo Frap; Main protein: P07621; Partner Proteins: P22996; The ParA motor is required to prevent the fusion of ParB condensates.",562,Escherichia coli,1,synthetic,,
BE14A044,Transcriptional condensate,"Transcriptional condensates are bimolecular condensates which form by phase separation of transcription factors, mediator cofactors and numerous nucleic-acid binding proteins at enhancer sites of gene loci, promoting bimolecular interactions which are necessary for gene expression.",559292,Saccharomyces cerevisiae (strain ATCC 204508 / S288c),3,biomolecular,,
23113A41,PML body,"PML bodies are nuclear condensates detected by the PML protein, as their name suggests. The PML protein polymerizes into spherical shells where it concentrates several unrelated partner proteins into the PML bodies. PML is found in nearly all normal human tissues and produces PML bodies, which play a role in gene regulation and cellular activities like DNA repair, cell cycle control, and cell fate decisions.",10116,Rattus norvegicus,1,biomolecular,,
6D6C8CDE,Synthetic Condensate 000237,,0,Chimeras,3,synthetic,,
D12E4DB9,Stress granule,"Stress granules (SGs) are condensed membrane-less organelles that form dynamically as RNA and protein (RNP) phase separate during physiological stress. When translation initiation is limited, SGs assemble and play a role in translational regulation and proteome buffering. Translationally stalled mRNAs, translation initiation factors, RNA-binding proteins, and non-RNA-binding proteins are among the constituents of SGs. SGs are one of the most important cellular stress relievers, yet their presence are temporary. Any condition that causes permanent presence of SGs, such as chronic stress or alterations in the structure of the components of SGs, can induce their pathological aggregation and degenerative effects.",10090,Mus musculus,1,biomolecular,,
C34F94B5,Synthetic Condensate 000199,,9606,Homo sapiens,3,synthetic,,
9095A454,#NAME?,#NAME?,284812,Schizosaccharomyces pombe (strain 972 / ATCC 24843),3,biomolecular,,
EA8B71D1,Pyrenoid,Pyrenoid is a liquid non-membranous structure in the chloroplast stroma of microalgae. Pyrenoids contain sequestrated Rubisco which is the CO2-fixing enzyme of photosynthesis. Concentration of Rubisco in pyrenoids is believed to increase photosynthesis efficiency.,3055,Chlamydomonas reinhardtii,1,biomolecular,,
15E34471,Synthetic Condensate 000334,"Morphology: In Vitro Droplet Formation,In Vivo Droplet Formation,In Vivo Frap; Main protein: Q12888; Partner Proteins: P16104; We observed that only the combination of H2AX-containing nucleosome arrays and rNTPs allowed the formation of 53BP1-GFP containing condensates",9606,Homo sapiens,1,synthetic,,
8908B6CB,DYRK3 speckle,"The dual specificity tyrosine-phosphorylation-regulated kinase 3 (DYRK3) phase separates and form speckles which are similar to P-granules in C. elegans. In its inactive form, DYRK3 prevents the dissolution of stress granules.",9606,Homo sapiens,1,biomolecular,,
50C2EE40,Presynaptic clusters,Presynaptic clusters are clusters of synaptic vesicles at presynaptic sites.  Synapsin is the abundant protein associated with synaptic vesicles condensates.,10090,Mus musculus,1,biomolecular,,
D47533BE,Synthetic Condensate 000286,"Morphology: In Vitro Droplet Formation; Main protein: Q7ZXV8; Partner Proteins: Q91820; The two zinc fingers in BuGZ directly bind to the kinase domain of AurA, which allows AurA to incorporate into the coacervates formed by BuGZ in vitro.",8355,Xenopus laevis,1,synthetic,,
A6D16FCC,Chromogranin condensates,Chromogranin condensates are liquid-like assemblies forming in the lumen of the Trans Golgi Network.  The mildly acidic environment inside the Golgi lumen promotes the formation of these condensates and recruits the clients proteins like proinsulin. The formation of liquid-like assemblies provides a mechanism for a receptor-independent sorting of cargo molecules.,10090,Mus musculus,4,biomolecular,,
78E86D56,Mitochondrial cloud,"Germ plasm in developing oocytes of vertebrates is localized into a special membrane-less structure called Balbiani body (Bb).  Bb is packed with RNAs, mitochondria, Golgi and endoplasmic reticulum. Bb in Xenopus is termed mitochondrial cloud .",8355,Xenopus laevis,1,biomolecular,,
8153499B,P-body,"Aspergillus oryzae

P-bodies in the filamentous fungus Aspergillus oryzae found throughout the hyphae. 
Constitutive mRNA processing bodies.",510516,Aspergillus oryzae (strain ATCC 42149 / RIB 40),5,biomolecular,,
43F5F736,Synthetic Condensate 000068,,0,Chimeras,3,synthetic,,
5E82D60E,Nucleolus,"Nucleolus is the largest and the first membrane-less organelle which was identified. It is composed of a fibrillar centre (FC), dense fibrillar component (DFC) and granular component (GC).  The nucleolus is a dynamic structure that disassembles during mitosis and reassembles after cell division. The nucleolus is responsible for ribosome biogenesis in eucaryotic cells, which are essential macromolecular machines responsible for synthesizing all proteins required by the cell. The nucleoli are now known to act as sensors and regulators of cellular responses, such as apoptosis, DNA damage response, epigenetic modification, genome stability, proliferation, senescence and signal transduction.",10090,Mus musculus,1,biomolecular,,
E92D4409,FtsZ condensate,"When encapsulated in artificial cell-like systems created by microfluidics and under specific circumstances, such as being in a GDP-bound state and on conditions simulating the crowded environment of the cytoplasm that promote its oligomerization, bacterial FtsZ can undergo phase separation and form condensates.",83333,Escherichia coli (strain K12),1,biomolecular,,
E86DA2C3,Nuclear body,"Nuclear bodies are membraneless, RNA-rich organelles in the cell nucleus that concentrate certain nuclear proteins and RNA-protein complexes.",10090,Mus musculus,1,biomolecular,,
8DB3D246,SCOTIN condensate,SCOTIN/SHISA-5 (with the help of its intrinsically disordered region (IDR)) forms biomolecular condensates along the membrane of endoplasmic reticulum (ER). It was showen to sequester Sec31/13 and impede ER-to-Golgi vesicle transport.,9606,Homo sapiens,4,biomolecular,,
50D32664,Synthetic Condensate 000192,,9606,Homo sapiens,3,synthetic,,
6DD039B3,Synthetic Condensate 000229,,9606,Homo sapiens,3,synthetic,,
2839F8E0,Synthetic Condensate 000108,,6239,Caenorhabditis elegans,3,synthetic,,
2B18F727,Synthetic Condensate 000056,,0,Chimeras,3,synthetic,,
E1879998,Synthetic Condensate 000375,"Morphology: In Vivo Droplet Formation,In Vivo Frap; Main protein: P11940; Partner Proteins: Q13283, Q13148, P31483, Q01085, Q04637, P55884, Q99700, Q53GS7, P35637; In cells expressing Opto-G3BP1, but not Opto-Control, all stress granule components that we examined, including PABP, TDP-43, TIA1, TIAR, eIF4G, eIF3η, ataxin 2, GLE1, and FUS, were recruited to optically induced granules",9606,Homo sapiens,1,synthetic,,
3BAE19B2,Synthetic Condensate 000201,,559292,Saccharomyces cerevisiae (strain ATCC 204508 / S288c),3,synthetic,,
04340D3C,Synthetic Condensate 000348,"Morphology: In Vitro Droplet Formation,In Vitro Frap,In Vivo Droplet Formation,In Vivo Frap; Main protein: Q03513; Partner Proteins: Q31NB3, Q31NB2; The SSUL modules do not replace RbcS, but bind close to the equatorial region of Rubisco between RbcL dimers, linking Rubisco molecules and inducing phase separation into a liquid-like matrix.",1140,Synechococcus elongatus (strain PCC 7942 / FACHB-805),1,synthetic,,
139BF52E,Synthetic Condensate 000072,,9606,Homo sapiens,1,synthetic,,
38D1B6BE,SARS-CoV-2 condensate,"The SARS CoV-2's nucleocapsid (N) protein binds the virus's RNA genome to and packages to forma membrane-bound virion. In cells, N forms condensates which recruits the stress granule protein G3BP1. Phase separation of the SARS-CoV-2 N protein might play a dual role in suppressing the host immune response which involves G3BP1 assembly to stress granules and packaging genomic RNA during virion formation.",9606,Homo sapiens,4,infectious,2697049,Severe acute respiratory syndrome coronavirus 2
D1D0EBED,Large dense-core vesicles,"Large dense-core vesicles (LDCVs) are large vesicles filled with multiple neuropeptides, hormones, and neurotransmitters that participate in various physiological processes. The formation of these vesicles is sensitive to pH and Ca2+ concentration",9606,Homo sapiens,5,biomolecular,,
6EB88474,Birc5b assembly,The chromosomal passenger protein birc5b localizes to the tips of astral microtubules and organizes microfilaments and germ plasm in the zebrafish embryo.,7955,Danio rerio,5,biomolecular,,
0971622F,Als5p amyloid,"In Candida albicans, soluble fragments of Als5p can form amyloid fibers.",237561,Candida albicans (strain SC5314 / ATCC MYA-2876),5,biomolecular,,
2612F8DB,Synthetic Condensate 000313,"Morphology: In Vitro Droplet Formation; Main protein: P22626; Partner Proteins: P0DTC9; N partitions into hnRNPA2, TDP-43, and FUS droplets",0,Chimeras,1,synthetic,,
F9F240AC,Presynaptic clusters,Presynaptic clusters are clusters of synaptic vesicles at presynaptic sites.  Synapsin is the abundant protein associated with synaptic vesicles condensates.,10116,Rattus norvegicus,1,biomolecular,,
943B2789,Synthetic Condensate 000008,,9606,Homo sapiens,3,synthetic,,
898BF675,Synthetic Condensate 000184,,9606,Homo sapiens,3,synthetic,,
D6EADA8A,RNP granule,RNP granules are membrane-less organelles composed of RNA and proteins. RNA-binding proteins are key components of RNP granules. RNP granules deliver localized mRNAs delivered to areas of local protein synthesis.,6239,Caenorhabditis elegans,1,biomolecular,,
0769205F,Synthetic Condensate 000206,,9606,Homo sapiens,3,synthetic,,
3C2A39A9,Synthetic Condensate 000261,,284812,Schizosaccharomyces pombe (strain 972 / ATCC 24843),3,synthetic,,
500D12F1,Synthetic Condensate 000381,Condensate formed by PARP1 and NCPs in vitro.,9606,Homo sapiens,3,synthetic,,
7C5C94C0,Transcriptional condensates,RNA Polymerase transition from a dispersed to clusters  as E.coli cells enter log phase in nutrient-rich media. These transcription condensates concentrate RNAP and transcription factors (such as NusA).,83333,Escherichia coli (strain K12),1,biomolecular,,
1070A586,Synthetic Condensate 000045,,9606,Homo sapiens,3,synthetic,,
0F455885,Synthetic Condensate 000172,,6239,Caenorhabditis elegans,3,synthetic,,
8F289D40,ELVA,"EndoLysosomal Cesicular Assemblies (ELVAs) are large, protein-rich compartments found in mouse oocytes. They sequester aggregated proteins and are characterized by the presence of lysosomal and autophagic markers. ELVAs are driven by the protein RUFY1, which forms a structural matrix within these assemblies.",10090,Mus musculus,2,biomolecular,,
CC266C53,Synthetic Condensate 000179,,9606,Homo sapiens,3,synthetic,,
294DEF4F,Synthetic Condensate 000159,,0,Chimeras,3,synthetic,,
214630CE,Synthetic Condensate 000289,"Morphology: In Vitro Droplet Formation,In Vitro Frap,In Vivo Droplet Formation,In Vivo Frap; Main protein: O96561; Partner Proteins: P16554; Isolated Numb PTB and Pon A1B3 solutions are clear under light microscope at room temperature (RT). Mixing the two proteins led to formation of numerous droplets",7227,Drosophila melanogaster,1,synthetic,,
B30D3E4B,Synthetic Condensate 000234,,6239,Caenorhabditis elegans,3,synthetic,,
0DCC03B3,Synthetic Condensate 000178,,9606,Homo sapiens,3,synthetic,,
AA62C26E,ORC1 bodies,The ORC1 condensate is formed by the host protein ORC1 as a regulatory hub contributing to HIV-1 latency by recruiting repressive epigenetic modifier.,9606,Homo sapiens,1,infectious,151458,HIV-1 vector pNL4-3
BE404912,ATG4B condensate,"The ATG4B condensate is a dynamic biomolecular condensate forming as a result of liquid-liquid phase separation (LLPS) of the ATG4B protein. Condensation is promoted by the interaction with circSPECC1, a circular RNA, which enhances ATG4B's ability to form condensates. ATG4B plays a role in autophagy and anoikis.",9606,Homo sapiens,4,biomolecular,,
0D48A13A,Synthetic Condensate 000121,,9606,Homo sapiens,3,synthetic,,
FF78ADB9,Synthetic Condensate 000050,,0,Chimeras,3,synthetic,,
3521A8E2,Synthetic Condensate 000312,"Morphology: In Vitro Droplet Formation,In Vivo Droplet Formation,In Vivo Frap; Main protein: Q07802; Partner Proteins: P56959, Q01844, P23772, Q3TKT4; The CTD of EBF1 was dispensable for initial chromatin targeting but stabilized occupancy via recruitment of the chromatin remodeler Brg1.",0,Chimeras,1,synthetic,,
B3E5E6A1,viral replication compartment (VRC),"Membraneless nuclear condensates VRCs serve as hubs for viral genome replication, transcription, and late gene expression. VRCs are essential for efficient viral replication and progeny production",9606,Homo sapiens,4,infectious,28285,Human adenovirus C serotype 5
D9D613FC,Synthetic Condensate 000290,"Morphology: In Vivo Droplet Formation,In Vivo Frap; Main protein: P09052; Partner Proteins: P25158; nuclear germ granules are round and membraneless structures, populated by Oskar and Vasa",7227,Drosophila melanogaster,1,synthetic,,
634C353E,BRD4 condensate,The BRD4 condensate is a type of biomolecular transcriptional condensate formed by the coactivator BRD4. Its formation is facilitated by the YTHDC1/m6A-eRNA (enhancer RNA).,9606,Homo sapiens,4,biomolecular,,
C1EEEEF5,Synthetic Condensate 000309,"Morphology: In Vitro Droplet Formation,In Vivo Droplet Formation; Main protein: P26368; Partner Proteins: O75533; The RS domain of U2AF65 drives its speckled pattern and colocalization with SF3b155 in HeLa cells",9606,Homo sapiens,1,synthetic,,
A97FB2F6,rDNA locus,"Ribosome biosynthesis occurs in the nucleolus. In budding yeast, rDNA and Cdc14 form  nucleolar condensates which are formed by polymer-polymer phase separation. This process depends on the concentration of DNA cross-linkers.",559292,Saccharomyces cerevisiae (strain ATCC 204508 / S288c),5,biomolecular,,
232F8A39,P-body,"P-bodies are cytosolic biomolecular condensates that arise in response to environmental stress when translationally-arrested mRNAs and proteins phase separate at specific regions in the cytoplasm. In this way, P-bodies are important for translation regulation and proteome buffering.",9606,Homo sapiens,1,biomolecular,,
F80F25AF,Ankle Link Complex (ALC) Condensate,"The ankle link complex (ALC) condensate is a liquid-liquid phase-separated (LLPS) structure at cochlear hair cell stereocilia ankles. It promotes the assembly of the USH2 complex, important for stereocilia integrity and function.",10090,Mus musculus,4,biomolecular,,
0F0CDB11,Synthetic Condensate 000073,,6239,Caenorhabditis elegans,3,synthetic,,
9F779CC8,Nuclear body,"Nuclear bodies are membraneless, RNA-rich organelles in the cell nucleus that concentrate certain nuclear proteins and RNA-protein complexes.",9606,Homo sapiens,4,biomolecular,,
A3406C3E,Synthetic Condensate 000146,,6239,Caenorhabditis elegans,3,synthetic,,
9DBB3093,GW-body,"The mammalian analog of P-bodies is known as GW bodies. These are cytoplasmic foci involved in the breakdown of mRNA. RNA interference has been connected to GWBs in recent research, with disruption or disassembly of GWBs being shown to affect siRNA and miRNA silencing activity.",9606,Homo sapiens,0,biomolecular,,
D70B1BED,Synthetic Condensate 000318,Morphology: In Vitro Droplet Formation; Main protein: P20263; Partner Proteins: Q925J9; in vitro assays revealed that ODNA_20 promoted phase separation of MED1-IDR and OCT4 at lower concentrations,10090,Mus musculus,1,synthetic,,
A81FC5A0,Synthetic Condensate 000233,,0,Chimeras,3,synthetic,,
7A2E2A6F,Synthetic Condensate 000125,,9606,Homo sapiens,3,synthetic,,
8A33FC22,Virus-induced replication (VIR) condensate,The VIR-condensate is a condensate formed within viral replication organelles (VROs) during the replication of positive-strand RNA viruses. It is driven by phase separation of viral replication proteins and incorporates co-opted host proteins to create a dynamic microenvironment that facilitates efficient viral synthesis.,4100,Nicotiana benthamiana ,4,infectious,12147,Tomato bushy stunt virus (strain Cherry)
B19EA3C3,Synthetic Condensate 000214,,9031,Gallus gallus,3,synthetic,,
1822EB5E,Synthetic Condensate 000092,,9606,Homo sapiens,3,synthetic,,
9B47C524,Peri-nucleolar condensate,"Peri-Nucleolar Condensates form at the nucleolar periphery during heat shock. Upon heat-shock the ribosomal biogenesis is halted and this can lead to accumulation of aggregation prone orphan ribosomal proteins (oRPs). Peri-nucleolar condensates mainly consist of oRPs and the Hsp70 co-chaperone Sis1/DnaJB6. The condensates are suggested to preserve oRPs in a liquid-like state, preventing their degradation and enabling their incorporation into functional ribosomes upon recovery from heat shock.",559292,Saccharomyces cerevisiae (strain ATCC 204508 / S288c),4,biomolecular,,
C9116452,SPRI2 Nuclear Condensate,The SPRI2 Nuclear Condensate is formed by SHI family transcription factors in the nuclei of Arabidopsis thaliana cells. SHI family transcription factors are essential for interspecific pollen rejection by regulating the expression of target genes such as TBL40 and TBL45.,3702,Arabidopsis thaliana,4,biomolecular,,
DB0924F8,Yb-body,"Yb-bodies are perinuclear foci in Drosophila ovarian somatic cells, which  are thought to be the site of PIWI interacting RNA (piRNA) synthesis (OSCs). Yb bodies are multivalent condensates that are formed by Yb-Yb homotypic interaction and   interaction with flamenco RNA transcripts, which are the source of transposon-repressing piRNAs.",7227,Drosophila melanogaster,1,biomolecular,,
1041FAE8,Insulin/IGF-1 signalosomes,Insulin/IGF-1 signalosomes are condensates functioning as organizing center for insulin/IGF-1 signaling. IRS-1 with aberrant liquid-like properties are implicated in metabolic diseases.,9606,Homo sapiens,4,biomolecular,,
2F7EB6DB,Synthetic Condensate 000037,,559292,Saccharomyces cerevisiae (strain ATCC 204508 / S288c),3,synthetic,,
D3EAE6DE,EWS-FLI1,"Biomolecular condensates of the EWS-FLI1 fusion oncoprotein (part of the FUS/EWS/TAF15 (FET) family), is one of the most frequently involved fusion genes in Ewing sarcoma. These condensates are associated with pathogenecity in Ewing sarcoma.",9606,Homo sapiens,4,biomolecular,,
C4E5F0B6,Synthetic Condensate 000109,,9606,Homo sapiens,1,synthetic,,
AAD1380C,Nuclear poly(A) domains,Nuclear poly(A) domains (NPAD) are condensates containing newly transcribed mRNA. These hubs of transcripts are found in the developing Oocytes and are linked to female infertility and premature ovarian failure,10090,Mus musculus,5,biomolecular,,
FF3FC04D,sex body,"MAPS plays a crucial role in LLPS, which is correlated with sex body formation and nuclear compartmentalization of mouse pachytene spermatocytes.",9606,Homo sapiens,4,biomolecular,,
58CF0D80,Inclusion body,"Bovine Respiratory Syncytial Virus (bRSV) inclusion bodies (IBs) are membraneless cytoplasmic condensates formed during viral infection. These IBs are sites of viral replication and protein sequestration, including host NF-κB p65, which is recruited into the condensates to inhibit innate immune signaling.",9913,Bos taurus,4,infectious,11247,Bovine respiratory syncytial virus (strain A51908)
5E466542,Synthetic Condensate 000268,,64091,Halobacterium salinarum (strain ATCC 700922 / JCM 11081 / NRC-1),3,synthetic,,
1CD3856C,Synthetic Condensate 000003,,9606,Homo sapiens,3,synthetic,,
8188F968,Synthetic Condensate 000386,Heterotypic Tau and Prion co-condensate,9606,Homo sapiens,3,synthetic,,
6F314257,Synthetic Condensate 000035,,559292,Saccharomyces cerevisiae (strain ATCC 204508 / S288c),1,synthetic,,
07D09420,Synthetic Condensate 000144,"When GFP is super positively charged, it can induce phase separation of NICD.",6100,Aequorea victoria,1,synthetic,,
A086309B,U-body,U-bodies are specific cytoplasmic RNA granules which are sites for for snRNP assembly aided by U-snRNPs and SMN,7227,Drosophila melanogaster,5,biomolecular,,
AEAC39F1,Ccer1 condensate,"The CCER1 condensate is a nuclear phase-separated structure important for the histone-to-protamine transition during spermatogenesis, driven by CCER1 protein.",10090,Mus musculus,4,biomolecular,,
41EA8E74,Synthetic Condensate 000264,,3562,Spinacia oleracea,3,synthetic,,
A5E21351,Synthetic Condensate 000135,"When GFP is super positively charged, it can induce phase separation of NICD.",0,Chimeras,3,synthetic,,
6E49930B,Synthetic Condensate 000065,,559292,Saccharomyces cerevisiae (strain ATCC 204508 / S288c),3,synthetic,,
C2ED57FB,Synthetic Condensate 000110,,9606,Homo sapiens,3,synthetic,,
BADB2D85,Synthetic Condensate 000094,,284812,Schizosaccharomyces pombe (strain 972 / ATCC 24843),3,synthetic,,
1249081A,Synthetic Condensate 000025,,9606,Homo sapiens,1,synthetic,,
95FADA74,Synthetic Condensate 000026,,9606,Homo sapiens,3,synthetic,,
CE90FC77,Synthetic Condensate 000084,,284812,Schizosaccharomyces pombe (strain 972 / ATCC 24843),1,synthetic,,
33D42E40,Synthetic Condensate 000271,"Morphology: In Vitro Droplet Formation,In Vitro Frap; Main protein: Q01844; Partner Proteins: P24928; the GFP:CTD fusion protein was avidly trapped by hydrogel droplets composed of the LC domain of TAF15. No trapping whatsoever was observed when the GFP:CTD test protein was exposed to either hnRNPA2 or CIRBP hydrogel droplets, and weak trapping was observed for FUS and EWS hydrogels.",9606,Homo sapiens,1,synthetic,,
3E1EA7A0,Synthetic Condensate 000114,,83333,Escherichia coli (strain K12),1,synthetic,,
7FF43F25,Synthetic Condensate 000087,,9606,Homo sapiens,3,synthetic,,
60893955,Synthetic Condensate 000005,,0,Chimeras,3,synthetic,,
C929E7F0,BR-body,"Helicobacter pylori

Bacterial ribonucleoprotein body involved in RNA processing and decay, containing RNase J. 
Here found in the in the Gastric Pathogen Helicobacter pylori.",544406,Helicobacter pylori (strain B128),5,biomolecular,,
58B04F1E,Omega speckle,"Omega speckles are membraneless nuclear bodies in Drosophila melanogaster, formed by the long noncoding RNA Hsrω (heat shock RNA omega). Hsrω functions as an architectural RNA (arcRNA), initiating and stabilizing omega speckles that are essential for regulating processes like stem cell differentiation.",7227,Drosophila melanogaster,5,biomolecular,,
B70647E2,Synthetic Condensate 000160,,0,Chimeras,3,synthetic,,
A08D2591,Synthetic Condensate 000245,,0,Chimeras,3,synthetic,,
24B72B50,Histone Locus Body,The Histone Locus Body (HLB) is a nucleus subdomain characterized by the concentration of components required for histone gene transcription and pre-mRNA processing. Histone mRNAs production takes place in HLBs.,9606,Homo sapiens,1,biomolecular,,
D41CB90A,Synthetic Condensate 000316,"Morphology: In Vitro Droplet Formation,In Vivo Droplet Formation,In Vivo Frap; Main protein: O35613; Partner Proteins: Q64337; Five micromolar volume of DAXX markedly increased p62 droplet formation. In the presence of DAXX, both size and number of p62 droplets were enhanced. We confirmed that buffer only or DAXX alone did not form droplets",10090,Mus musculus,1,synthetic,,
34EE5EA1,Synthetic Condensate 000239,,346249,Dosidicus gigas,3,synthetic,,
178CF9FC,Synthetic Condensate 000200,,9606,Homo sapiens,0,synthetic,,
A777E0F8,P-body,"P-bodies are cytosolic biomolecular condensates that arise in response to environmental stress when translationally-arrested mRNAs and proteins phase separate at specific regions in the cytoplasm. In this way, P-bodies are important for translation regulation and proteome buffering.",559292,Saccharomyces cerevisiae (strain ATCC 204508 / S288c),1,biomolecular,,
C486FBEA,PolyP granule,PolyP granule form in Pseudomonas aeruginosa under nitrogen starvation.,208964,Pseudomonas aeruginosa (strain ATCC 15692 / DSM 22644 / CIP 104116 / JCM 14847 / LMG 12228 / 1C / PRS 101 / PAO1),5,biomolecular,,
B64524C9,Nuclear speckle,Nuclear speckles are nuclear condensates also known as interchromatin granule clusters. These condensates are enriched in pre-mRNA splicing factors located in the interchromatin region of the nucleoplasm.,10181,Heterocephalus glaber,4,biomolecular,,
E61E225E,Stress granule,"Stress granules (SGs) are condensed membrane-less organelles that form dynamically as RNA and protein (RNP) phase separate during physiological stress. When translation initiation is limited, SGs assemble and play a role in translational regulation and proteome buffering. Translationally stalled mRNAs, translation initiation factors, RNA-binding proteins, and non-RNA-binding proteins are among the constituents of SGs. SGs are one of the most important cellular stress relievers, yet their presence are temporary. Any condition that causes permanent presence of SGs, such as chronic stress or alterations in the structure of the components of SGs, can induce their pathological aggregation and degenerative effects.",7227,Drosophila melanogaster,1,biomolecular,,
F9F5AA60,Synthetic Condensate 000278,"Morphology: In Vitro Droplet Formation,In Vitro Frap,In Vivo Droplet Formation,In Vivo Frap; Main protein: P19484; Partner Proteins: Q8NFU5; IPMK directly interacts with and inhibits LLPS of TFEB and also dissolves TFEB condensates.",9606,Homo sapiens,1,synthetic,,
F7E61417,Synthetic Condensate 000244,,0,Chimeras,3,synthetic,,
1C3173BF,TIAR2 neuronal granule,"In C. elegans, the TIAR-2/TIA protein inhibits axon regeneration through cell-autonomous action. In vivo, TIAR-2 forms granules and undergoes liquid-liquid phase separation in vitro. Axon damage causes a momentary rise in the quantity of TIAR-2 granules.",6239,Caenorhabditis elegans,5,biomolecular,,
67785C55,Hypersomatic shock foci,"Hypersomatic shock foci are novel protein aggregates that are found to form instantly in response to hypersomatic stress. These foci appear/disappear seconds after shock onset/removal, corresponding to changes in cell volume.",559292,Saccharomyces cerevisiae (strain ATCC 204508 / S288c),1,biomolecular,,
ECAD3DEA,Ferritin-NCOA4 condensate,Ferritin–NCOA4 condensate formation is driven by NCOA4 self-interaction and responsible for ferritin degradation. These condesates are common substrates for macroautophagy and endosomal microautophagy.,9606,Homo sapiens,4,biomolecular,,
3E94B511,Presynaptic clusters,Presynaptic clusters are clusters of synaptic vesicles at presynaptic sites.  Synapsin is the abundant protein associated with synaptic vesicles condensates.,6239,Caenorhabditis elegans,5,biomolecular,,
CDEBD68E,OsSRO1c-OsDREB2B condensate,OsSRO1c protein interacts with OsDREB2B (an AP2/ERF transcription factor and positive regulator of cold response) in rice to form niomolecular condensates. These nuclear bodies are shown to facilitate its transcriptional activity to respond to low temperature through dynamic phase transitions and confer cold tolerance via transcriptional regulation of key cold-tolerance genes.,39947,Oryza sativa subsp. japonica,5,biomolecular,,
25ECCE88,Synthetic Condensate 000148,,3055,Chlamydomonas reinhardtii,3,synthetic,,
F227C2BF,ABC transporter condensate,The ABC transporter (Rv1747) has a regulatory cytoplasmic module which undergoes phase separation and forms liquid- like condensates.,246196,Mycolicibacterium smegmatis (strain ATCC 700084 / mc(2)155),5,biomolecular,,
30A41936,BR-body,"Bacillus subtilis

RNase Y assembles dynamically into foci in absence of its RNA substrates. This different from similar, bacterial RNase E-based BR bodies, involved in active RNA decay.",224308,Bacillus subtilis (strain 168),5,biomolecular,,
D4C202DD,Polarisome,Polarisome is a multiprotein complex which nucleates actin cables to drive polarized cell growth in budding yeast and filamentous fungi.,559292,Saccharomyces cerevisiae (strain ATCC 204508 / S288c),5,biomolecular,,
1C395EBB,Arsenite-induced Necrosome,"The arsenite-induced necrosome form within stress granules during arsenite-induced necroptosis. Stress granules serve as platforms for necrosome assembly, where ZBP1 recruits RIPK3, leading to the phosphorylation and activation of MLKL. This sequence ultimately leads to necroptosis, a regulated form of cell death. Based on previous research, the necrosome under these conditions is closely associated with oxidative stress and Z-RNA binding by ZBP1.",10090,Mus musculus,4,biomolecular,,
8EC6ED41,SIMR foci,"HRDE-2 interacts with SIMR-1, HRDE-2 colocalizes with SIMR-1 at SIMR foci, HRDE-2 interacts with HRDE-1 confirmed by immunoprecipitation and mass spectrometry, HRDE-2 promotes specificity of HRDE-1 for WAGO-class small RNAs.",6239,Caenorhabditis elegans,5,biomolecular,,
9355EE84,Synthetic Condensate 000292,"Morphology: In Vitro Droplet Formation,In Vivo Droplet Formation; Main protein: O14686; Partner Proteins: O60885, Q15648; MLL4 Q4092X MSCs had decreased intensity of BRD4 and MED1 condensates compared to the WT MSCs.",9606,Homo sapiens,1,synthetic,,
550E224B,Proteasome condensate,"The multivalent interactions of two ubiquitin-associated domains of RAD23B and ubiquitin chains consisting of four or more ubiquitin molecules cause proteasomes to form nuclear foci under acute hyperosmotic stress which have the characteristics of liquid droplets. The ubiquitylated proteins, p97, and various proteasome-interacting proteins found in these foci, which are transient structures, together form a proteolytic center. The primary targets for destruction by these foci are misassembled ribosomal proteins.",9606,Homo sapiens,1,biomolecular,,
F1AC7DF2,Synthetic Condensate 000382,Homotypic condensate of SOD1-eGFP with 10% PEG,9606,Homo sapiens,3,synthetic,,
CEC93CD4,Synthetic Condensate 000048,,0,Chimeras,3,synthetic,,
0640DAB7,Dense Fibrillar Component,"The DFC is a subcompartment of the nucleolus, primarily involved in early rRNA processing and ribonucleoprotein assembly. It is enriched with fibrillarin (FBL).",10090,Mus musculus,4,biomolecular,,
208F8600,Synthetic Condensate 000366,"Morphology: In Vitro Droplet Formation,In Vitro Frap; Main protein: P45973; Partner Proteins: Q13185; HP1γ does not destabilize, but rather enriches in the pre-formed HP1α-DNA condensates.",9606,Homo sapiens,1,synthetic,,
A40D6D0A,DHX9 Stress Granules,"DHX9 Granules are a subtype of stress granules (SGs). DHX9 Granules are biomolecular condensates composed of RNA and proteins that form in response to RNA damage induced by UVB or UVC irradiation. They contain a substantial amount of damaged RNA, including intronic sequences. The primary protein constituent of these granules is DHX9, which facilitates their formation through binding to the damaged RNA. These condensates play a critical role in sequestering damaged RNA to prevent its translation and aid in cellular recovery processes.",9606,Homo sapiens,4,biomolecular,,
2A88FC49,P-body,"P-bodies are cytosolic biomolecular condensates that arise in response to environmental stress when translationally-arrested mRNAs and proteins phase separate at specific regions in the cytoplasm. In this way, P-bodies are important for translation regulation and proteome buffering.",7955,Danio rerio,1,biomolecular,,
A58C613A,Synthetic Condensate 000080,,9606,Homo sapiens,3,synthetic,,
5E22074F,Stress Granule,"Stress granules (SGs) in Toxoplasma gondii are dynamic, membrane-less organelles formed during the parasite's stress response.",5811,Toxoplasma gondii,2,biomolecular,,
98C8800A,Synthetic Condensate 000338,"Morphology: In Vivo Droplet Formation,In Vivo Frap; Main protein: Q14596; Partner Proteins: Q13501; NBR1‐GFP completely co‐localized with p62‐positive structures;  our data show that NBR1 induces phase separation of p62, promoting the formation of p62 bodies.",9606,Homo sapiens,1,synthetic,,
7A5BD188,PFK-1.1 condensates,PFK-1.1 condensates in Caenorhabditis elegans do not correspond to stress granules and might represent novel metabolic subcompartments,6239,Caenorhabditis elegans,5,biomolecular,,
6697AF75,Synthetic Condensate 000332,"Morphology: In Vitro Droplet Formation,In Vitro Frap,In Vivo Droplet Formation,In Vivo Frap; Main protein: P38182; Partner Proteins: P14904; In vitro reconstitution experiments reveal that Atg19 and lipidated Atg8 are necessary and sufficient for selective sequestration of Ape1 droplets by membranes.",559292,Saccharomyces cerevisiae (strain ATCC 204508 / S288c),1,synthetic,,
452A98AF,Synthetic Condensate 000046,,10090,Mus musculus,1,synthetic,,
324C50AA,Cpeb1b-Pabpc1b-shh Condensate,"The condensate forms from Cpeb1b, Pabpc1b, Tent2, and shha mRNA in zebrafish, exhibiting liquid-like properties. It is necessary for cytoplasmic polyadenylation of shha mRNA, promoting Hedgehog signaling and supporting hematopoiesis during zebrafish embryogenesis.",7955,Danio rerio,5,biomolecular,,
7F56106F,ParABS DNA,"ParABS DNA condensate is formed by the key component of the ParABS system, the ParB (spo0J) protein, which assembles dynamically on the DNA",224308,Bacillus subtilis (strain 168),5,biomolecular,,
DFEC0B67,Heterochromatin,"Chromatin is a complex of DNA and histone proteins that regulates gene expression as well as packaging genetic material to fit inside the cell. The proper functioning of chromatin also necessitates a web of interactions between molecular complexes that alter chromatin shape and organization to change DNA accessibility to transcription factors, resulting in the activation or repression of target DNA locus. Chromatin is divided into three types based on its shape and compaction state: euchromatin, heterochromatin, and centromeric chromatin. Heterochromatin is related with gene silencing and is characterized by being less accessible than euchromatin and transcriptionally less active. In the nucleus, heterochromatin separates from euchromatin and is concentrated in the nuclear periphery and regions around the nucleolus.",7244,Drosophila virilis,1,biomolecular,,
73A75392,P-granule,"P-granules are germ granules in C. elegans. P-granules are composed of a heterogenous mixture of RNAs and proteins. P-granule components are linked to RNA metabolism, implying their role in posttranscriptional control.",6239,Caenorhabditis elegans,1,biomolecular,,
67BDA0FF,Synthetic Condensate 000032,,9606,Homo sapiens,3,synthetic,,
51D14917,L-bodies,"L-bodies, or localization bodies, are cytoplasmic RNP granules in Xenopus laevis oocytes, important for embryonic patterning, localizing maternal mRNAs.",8355,Xenopus laevis,2,biomolecular,,
2857FDAA,Synthetic Condensate 000028,,9606,Homo sapiens,3,synthetic,,
BB266630,TAZ Condensate,"TAZ condensates are dynamic and are primarily formed through the involvement of the protein TAZ. Their formation is modulated by RNA-binding protein FUS, which acts as a dissolver of the condensates. Transcriptional co-activators are recruited into the condensates, such as  TEAD4, BRD4, and CycT1.",9606,Homo sapiens,4,biomolecular,,
F47B63CC,Galectin complex,The N-terminal domain of Galectin-3 contains aromatic residues which interact to phase separate the domain. This process is important for the extracellular agglutination function of Galectin-3.,9606,Homo sapiens,5,biomolecular,,
FBE2A4AB,Synthetic Condensate 000385,hnpRNPA1A form amyloid structures upon condensation with an RNA-concentration dependency,9606,Homo sapiens,3,synthetic,,
1DAEF59B,Pericentriolar matrix,"Cetrosomes are the main microtubule organising centers (MTOC) of animal cells and thus are critical in regulating cell-cycle progression. Centrosomes nucleate microtubules during mitosis, allowing for chromosomal segregation. Each centrosome contains 2 centrioles arranged perpendicularly and surrounded by pericentriolar material (PCM).",9606,Homo sapiens,1,biomolecular,,
4700BF7B,SMN1 nuclear body,"Nuclear bodies are membraneless, RNA-rich organelles in the cell nucleus that concentrate certain nuclear proteins and RNA-protein complexes.",10090,Mus musculus,1,biomolecular,,
80CC731F,RPSA-VIM-ENO Condensate,"Biomolecular condensate of RPSA, amplified by Streptococcus suis  Enolase.",9606,Homo sapiens,4,infectious,391296,Streptococcus suis (strain 98HAH33)
B5F9EA4E,Synthetic Condensate 000369,"Morphology: In Vitro Droplet Formation; Main protein: P19338; Partner Proteins: P22087; strong binding of the N-terminal LC domain of FUS was observed and the LC domains of TAF15, DHX9 or nucleolin were trapped at a moderate intensity by the hydrogel droplets.",9606,Homo sapiens,1,synthetic,,
39517448,eIF5B granules,"Cytoplasmic condensates formed under stress, distinct from stress granules (SGs), promote internal ribosome entry site (IRES)-mediated translation.",9606,Homo sapiens,4,biomolecular,,
40C311B2,Stress granule,"Stress granules (SGs) are condensed membrane-less organelles that form dynamically as RNA and protein (RNP) phase separate during physiological stress. When translation initiation is limited, SGs assemble and play a role in translational regulation and proteome buffering. Translationally stalled mRNAs, translation initiation factors, RNA-binding proteins, and non-RNA-binding proteins are among the constituents of SGs. SGs are one of the most important cellular stress relievers, yet their presence are temporary. Any condition that causes permanent presence of SGs, such as chronic stress or alterations in the structure of the components of SGs, can induce their pathological aggregation and degenerative effects.",9606,Homo sapiens,4,infectious,11706,Human immunodeficiency virus type 1 group M subtype B (isolate HXB2)
FF4E772B,Synthetic Condensate 000083,,9606,Homo sapiens,3,synthetic,,
D8D47D1F,Synthetic Condensate 000297,"Morphology: In Vitro Droplet Formation,In Vitro Frap,In Vivo Droplet Formation; Main protein: P25054; Partner Proteins: O15169; Multivalent APC IDRs decrease the critical concentration of Axin that required for puncta formation.",9606,Homo sapiens,1,synthetic,,
5A1E8F84,Signalosome,Hpo kinase complexes undergo clustering and phase separation,7227,Drosophila melanogaster,5,biomolecular,,
AC502520,Nucleolus,"Nucleolus is the largest and the first membrane-less organelle which was identified. It is composed of a fibrillar centre (FC), dense fibrillar component (DFC) and granular component (GC).  The nucleolus is a dynamic structure that disassembles during mitosis and reassembles after cell division. The nucleolus is responsible for ribosome biogenesis in eucaryotic cells, which are essential macromolecular machines responsible for synthesizing all proteins required by the cell. The nucleoli are now known to act as sensors and regulators of cellular responses, such as apoptosis, DNA damage response, epigenetic modification, genome stability, proliferation, senescence and signal transduction.",8355,Xenopus laevis,1,biomolecular,,
3625CB60,SOSS-INTAC Condensate,The SOSS-INTAC condensate is a nuclear condensate. It regulates R-loop levels and facilitates genome stability. This condensate participates in preventing transcription-replication conflicts,9606,Homo sapiens,2,biomolecular,,
2ECFBB9C,Chromogranin condensates,Chromogranin condensates are liquid-like assemblies forming in the lumen of the Trans Golgi Network.  The mildly acidic environment inside the Golgi lumen promotes the formation of these condensates and recruits the clients proteins like proinsulin. The formation of liquid-like assemblies provides a mechanism for a receptor-independent sorting of cargo molecules.,9606,Homo sapiens,4,biomolecular,,
2F083DFF,Actin nucleator,"The processive actin polymerase and bundling protein, VASP, forms liquid-like droplets under physiological conditions in vitro",9606,Homo sapiens,3,biomolecular,,
1209505D,Synthetic Condensate 000266,,83333,Escherichia coli (strain K12),3,synthetic,,
6DA31C6B,Synthetic Condensate 000011,,9606,Homo sapiens,3,synthetic,,
936CAA69,Slit diaphragm condensate,"The slit diaphragm condensates are described to form through the process of liquid-liquid phase separation (LLPS), driven by multivalent interactions among key scaffold proteins at the diaphragm.",9606,Homo sapiens,1,biomolecular,,
9DBDF226,Synthetic Condensate 000101,,9606,Homo sapiens,3,synthetic,,
2217B16D,Synthetic Condensate 000173,,9606,Homo sapiens,3,synthetic,,
F5FE5C72,Euchromatin,"Chromatin is a complex of DNA and histone proteins that regulates gene expression as well as packaging genetic material to fit inside the cell. The proper functioning of chromatin also necessitates a web of interactions between molecular complexes that alter chromatin shape and organization to change DNA accessibility to transcription factors, resulting in the activation or repression of target DNA locus. Chromatin is divided into three types based on its shape and compaction state: euchromatin, heterochromatin, and centromeric chromatin. Euchromatin is characterized by active genes, broader spacing between nucleosomes, greater accessibility to transcription machinery, and histone modifications and variations that favor active transcription.",9606,Homo sapiens,1,biomolecular,,
35D5A3ED,Synthetic Condensate 000344,"Morphology: In Vitro Droplet Formation,In Vitro Frap,In Vivo Droplet Formation,In Vivo Frap; Main protein: P35193; Partner Proteins: P14904; In vitro reconstitution experiments reveal that Atg19 and lipidated Atg8 are necessary and sufficient for selective sequestration of Ape1 droplets by membranes.",559292,Saccharomyces cerevisiae (strain ATCC 204508 / S288c),1,synthetic,,
4DFA2D97,ArgBP2 dendritic spine condensate,Post-synaptic condensate composed of neuronal isoform nArgBP2 in dendritic spines.,9606,Homo sapiens,4,biomolecular,,
6449F681,Synthetic Condensate 000113,,9606,Homo sapiens,1,synthetic,,
E12AB6E0,53BP1 Mitotic Stress Body (MSBs),"53BP1 Mitotic Stress Bodies (MSBs) are phase-separated condensates formed during mitotic stress in human cancer cells, primarily near centromeres. MSBs are driven by p53, are associated with DNA, and play a role in DNA repair and mitotic stress response.",9606,Homo sapiens,4,biomolecular,,
F289E8A4,viral replication compartment (VRC),viral replication compartments (VRCs) formed by DNA viruses are described as membraneless assemblies or structures within the nucleus of infected cells,10315,Human herpesvirus 2 (strain HG52),5,biomolecular,,
246D7041,Chromatoid body,Chromatoid bodies (CBs) are germ cell specific RNP granules localized in the cytoplasm of spermatids. CB forms as spermatogenesis switches between the meiotic and post-meiotic phases and is involved in the regulation of the haploid male germ cell's exceptionally diverse transcriptome.,10116,Rattus norvegicus,1,biomolecular,,
ED8FE918,Chromogranin condensates,Chromogranin condensates are liquid-like assemblies forming in the lumen of the Trans Golgi Network.  The mildly acidic environment inside the Golgi lumen promotes the formation of these condensates and recruits the clients proteins like proinsulin. The formation of liquid-like assemblies provides a mechanism for a receptor-independent sorting of cargo molecules.,10116,Rattus norvegicus,4,biomolecular,,
28618213,Synthetic Condensate 000040,,0,Chimeras,1,synthetic,,
832870F1,Synthetic Condensate 000010,,0,Chimeras,3,synthetic,,
66E96190,viral replication compartment (VRC),"Liquid-like condensates formed by mumps virus in infected host cell. They concentrate viral proteins (N, P, L, M) and viral genomic RNA, serving as sites for replication and assembly. Stress conditions like heat shock promote coarsening and phosphorylation, stabilizing these condensates and boosting viral replication.",9606,Homo sapiens,4,infectious,11167,Mumps virus (strain Enders)
A0DCDA94,DNA damage foci,"Double-strand breaks can be caused by a variety of physical and chemical factors, such as ionizing radiation and radiomimetic medicines, but they can also develop as secondary lesions during replication and DNA repair after exposure to a variety of genotoxins. Repair proteins aggregate at damaged areas in response to double strand breaks (DSB), forming membrane-less  subnuclear foci, supporting DNA repair.",9606,Homo sapiens,1,biomolecular,,
EE0382A7,P-body,"P-bodies are cytosolic biomolecular condensates that arise in response to environmental stress when translationally-arrested mRNAs and proteins phase separate at specific regions in the cytoplasm. In this way, P-bodies are important for translation regulation and proteome buffering.",6239,Caenorhabditis elegans,1,biomolecular,,
507A56A0,Arsenite-induced Necrosome,"The arsenite-induced necrosome form within stress granules during arsenite-induced necroptosis. Stress granules serve as platforms for necrosome assembly, where ZBP1 recruits RIPK3, which ultimately leads to necroptosis, a regulated form of cell death. Based on previous research, the necrosome under these conditions is closely associated with oxidative stress and Z-RNA binding by ZBP1.",9606,Homo sapiens,4,biomolecular,,
8BEB9125,Cajal body,Cajal bodies are nuclear bodies which are composed of the scaffolding protein  Coilin and high concentrations of small nuclear ribonucleoproteins (snRNPs) which are involved in pre-mRNA splicing.These condensates are also suggested to contribute to RNA metabolism including snRNP biogenesis and telomerase biogenesis.,10090,Mus musculus,3,biomolecular,,
097E35FD,Synthetic Condensate 000345,"Morphology: In Vitro Droplet Formation,In Vitro Frap,In Vivo Droplet Formation,In Vivo Frap; Main protein: P35974; Partner Proteins: Q89933; MeV N and P proteins phase separate upon mixing in vitro.",0,Chimeras,1,synthetic,,
51423B36,Neuronal granule,"Neuronal RNP granules are nonmembrane bound macromolecular condensates that concentrate certain sets of mRNAs and regulatory proteins, allowing them to travel longer distances to axons or dendrites. RNP granules in neurons have a dual role in regulating the translation of linked mRNAs: at rest, they impede mRNA translation, but once activated, they fuel local protein synthesis.",6239,Caenorhabditis elegans,1,biomolecular,,
DABB4E53,LANA body,"LANA bodies are dynamic infectious condensates, located in the nucleus of the host cell, containing viral genome and the KSHV protein LANA, which form via phase separation.",9607,Homo sapiens,4,infectious,868565,Human herpesvirus 8 type P (isolate GK18)
E9C70067,Synthetic Condensate 000299,"Morphology: In Vitro Droplet Formation,In Vivo Droplet Formation,In Vivo Frap; Main protein: P29617; Partner Proteins: P05205; Pros promotes HP1 condensation through co-phase separating with HP1a.",7227,Drosophila melanogaster,1,synthetic,,
08386919,Dense Fibrillar Component,Dense fibrillar component (DFC) is a substructure of nucleolus. Small nucleolar ribonucleoproteins (snoRNPs) splice and modify pre-ribosomal RNA transcripts in the DFC.,9606,Homo sapiens,4,biomolecular,,
7A2955EF,Synthetic Condensate 000304,"Morphology: In Vitro Droplet Formation; Main protein: P35637; Partner Proteins: P0DTC9; N partitions into hnRNPA2, TDP-43, and FUS droplets",0,Chimeras,1,synthetic,,
E3E4F6CC,Synthetic Condensate 000302,"Morphology: In Vitro Droplet Formation; Main protein: Q13148; Partner Proteins: P0DTC9; N partitions into hnRNPA2, TDP-43, and FUS droplets",0,Chimeras,1,synthetic,,
8E814538,Nuclear speckle,Nuclear speckles are nuclear condensates also known as interchromatin granule clusters. These condensates are enriched in pre-mRNA splicing factors located in the interchromatin region of the nucleoplasm.,60711,Chlorocebus sabaeus,1,biomolecular,,
552B0C4E,Synthetic Condensate 000091,,9606,Homo sapiens,3,synthetic,,
4F7E7B13,Synthetic Condensate 000323,Morphology: In Vitro Droplet Formation; Main protein: P40381; Partner Proteins: P68431; H3K9me3 12xNA but not native 12xNA undergoes phase separation with Swi6 at the conditions tested,0,Chimeras,1,synthetic,,
9E412E21,Synthetic Condensate 000044,,9606,Homo sapiens,1,synthetic,,
6625DDE5,Synthetic Condensate 000086,,9606,Homo sapiens,3,synthetic,,
2665D7F9,Synthetic Condensate 000097,,6239,Caenorhabditis elegans,3,synthetic,,
49BCF3D0,Histone Locus Body,The Histone Locus Body (HLB) is a nucleus subdomain characterized by the concentration of components required for histone gene transcription and pre-mRNA processing. Histone mRNAs production takes place in HLBs.,7227,Drosophila melanogaster,1,biomolecular,,
777112DF,Synthetic Condensate 000111,,559292,Saccharomyces cerevisiae (strain ATCC 204508 / S288c),3,synthetic,,
77377E79,Synthetic Condensate 000190,,9606,Homo sapiens,0,synthetic,,
7B3AF3B0,Centrosome,"Cetrosomes are the main microtubule organising centers (MTOC) of animal cells and thus are critical in regulating cell-cycle progression. Centrosomes nucleate microtubules during mitosis, allowing for chromosomal segregation. Each centrosome contains 2 centrioles arranged perpendicularly and surrounded by pericentriolar material (PCM).",8355,Xenopus laevis,2,biomolecular,,
76F9ED9B,Synthetic Condensate 000325,"Morphology: In Vitro Droplet Formation,In Vitro Frap,In Vivo Droplet Formation,In Vivo Frap; Main protein: Q13185; Partner Proteins: P68431, O43463, Q13263; HP1γ partially colocalizes with SUV39H1 at heterochromatin; Mixing tTRIM28/HP1α or tTRIM28/HP1γ with NE also resulted in extensive punctum formation. HP1α or HP1γ formed far fewer puncta with NE at the same CD concentration.",9606,Homo sapiens,1,synthetic,,
B9AD63BA,Synthetic Condensate 000189,,9606,Homo sapiens,3,synthetic,,
D8841629,Synthetic Condensate 000136,,6239,Caenorhabditis elegans,3,synthetic,,
009021FA,focal adhesion (FA) condensate,"The focal adhesion (FA) condensate is a membrane-less condensate formed by liquid-liquid phase separation (LLPS) at the FA periphery. It is improtant for focal adhesion morphology, cytoskeletal dynamics, and mechanical force sensing.",9606,Homo sapiens,4,biomolecular,,
67447146,Synthetic Condensate 000250,,9913,Bos taurus,3,synthetic,,
D77CF3DC,Nuclear stress body,Stress bodies  which form in the nucleus in response to heat shock.,559292,Saccharomyces cerevisiae (strain ATCC 204508 / S288c),5,biomolecular,,
4663B525,Nuclear body,"Nuclear bodies are membraneless, RNA-rich organelles in the cell nucleus that concentrate certain nuclear proteins and RNA-protein complexes.",7227,Drosophila melanogaster,1,biomolecular,,
F4B231E0,Synthetic Condensate 000208,,9606,Homo sapiens,3,synthetic,,
279CD642,Synthetic Condensate 000197,,559292,Saccharomyces cerevisiae (strain ATCC 204508 / S288c),3,synthetic,,
F3630F2C,Nuclear body,"Nuclear bodies are membraneless, RNA-rich organelles in the cell nucleus that concentrate certain nuclear proteins and RNA-protein complexes.",6239,Caenorhabditis elegans,5,biomolecular,,
EFCB6399,Synthetic Condensate 000163,,36200,Dissostichus mawsoni,3,synthetic,,
53379B70,LEF1/Beta-catenin condensate,LEF1/β-catenin IDR- dependent condensates enhance Wnt signalling and activation of target gene transcription.,9606,Homo sapiens,4,biomolecular,,
5D9BA5D6,Synthetic Condensate 000093,,9606,Homo sapiens,3,synthetic,,
F4417166,Synthetic Condensate 000019,,9606,Homo sapiens,1,synthetic,,
6209F224,Synthetic Condensate 000281,"Morphology: In Vitro Droplet Formation; Main protein: P22626; Partner Proteins: P35637, P98179, P09651, P31483, Q7Z5Q1, Q06787, Q14011, Q13148, P05453; The mCherry:hnRNPA2 hydrogel also avidly trapped the LC domains of hnRNPA1, CIRBP and RBM3. Moderate retention was observed for yeast Sup35. By contrast, considerably less avid trapping was observed for FUS, TIA1, TDP43, FMRP or CPEB2.",0,Chimeras,1,synthetic,,
624CA2FF,Synthetic Condensate 000247,,0,Chimeras,3,synthetic,,
5ED75EB5,Synthetic Condensate 000145,,0,Chimeras,3,synthetic,,
DBAF6C49,Synthetic Condensate 000170,,9606,Homo sapiens,3,synthetic,,
477BAC9B,Synthetic Condensate 000340,"Morphology: In Vitro Droplet Formation; Main protein: Q7JVY2; Partner Proteins: Q9VSM9, O16810, Q24168, Q7K2L1, Q9W102, Q24169, Q9Y1B2; Both tRFP-Cdc6 and eGFP-Cdt1 showed marked enrichment within ORC droplets. Moreover, although phase separation by Cdc6 was partially inhibited by ATP, all three initiator components can co-associate in a liquid phase in the presence of ATP",7227,Drosophila melanogaster,1,synthetic,,
804901D1,Nuclear speckle,Nuclear speckles are nuclear condensates also known as interchromatin granule clusters. These condensates are enriched in pre-mRNA splicing factors located in the interchromatin region of the nucleoplasm.,9606,Homo sapiens,1,biomolecular,,
E03F929F,Stress granule,"Stress granules (SGs) are condensed membrane-less organelles that form dynamically as RNA and protein (RNP) phase separate during physiological stress. When translation initiation is limited, SGs assemble and play a role in translational regulation and proteome buffering. Translationally stalled mRNAs, translation initiation factors, RNA-binding proteins, and non-RNA-binding proteins are among the constituents of SGs. SGs are one of the most important cellular stress relievers, yet their presence are temporary. Any condition that causes permanent presence of SGs, such as chronic stress or alterations in the structure of the components of SGs, can induce their pathological aggregation and degenerative effects.",559292,Saccharomyces cerevisiae (strain ATCC 204508 / S288c),1,biomolecular,,
45F3D8EC,Synthetic Condensate 000342,"Morphology: In Vitro Droplet Formation; Main protein: Q5FBB7; Partner Proteins: O15392, O13024, Q53HL2; We observed strong enrichment of CF-555-hSgo1 in the ISB coacervates",0,Chimeras,1,synthetic,,
1E246C77,Transcriptional condensate,"Transcriptional condensates are bimolecular condensates which form by phase separation of transcription factors, mediator cofactors and numerous nucleic-acid binding proteins at enhancer sites of gene loci, promoting bimolecular interactions which are necessary for gene expression.",237561,Candida albicans (strain SC5314 / ATCC MYA-2876),1,biomolecular,,
A617D9CE,Inclusion body,CHPV proteins form cytoplasmic inclusion bodies (IBs) and recruit host proteins to promote viral replication.,60711,Chlorocebus sabaeus,4,infectious,11273,Chandipura virus (strain I653514) 
D447D79E,FtsZ/SlmA body,FtsZ/SlmA  body is a bacterial nucleoprotein complex condensate which forms upon the interaction of FtsZ with SlmA. This condensate is dynamic and has liquid-liquid phase separation features.,83333,Escherichia coli (strain K12),1,biomolecular,,
B6F3E647,Synthetic Condensate 000176,,0,Chimeras,1,synthetic,,
B6C35A7B,Spider Silk Spidroin,conserved spider silk spidroin protein,256737,Latrodectus hesperus,3,biomolecular,,
5A480847,Insulator body,Insulator bodies are specific nuclear speckles  that function as regulatory elements in modulating enhancer-promoter interactions. Insulator bodies are enriched in chromatin insulator proteins.,7227,Drosophila melanogaster,1,biomolecular,,
D936E305,Synthetic Condensate 000298,"Morphology: In Vitro Droplet Formation,In Vitro Frap; Main protein: Q92804; Partner Proteins: P24928; the GFP:CTD fusion protein was avidly trapped by hydrogel droplets composed of the LC domain of TAF15. No trapping whatsoever was observed when the GFP:CTD test protein was exposed to either hnRNPA2 or CIRBP hydrogel droplets, and weak trapping was observed for FUS and EWS hydrogels.",9606,Homo sapiens,1,synthetic,,
BA0A263B,eukaryotic topoisomerase ii,eukaryotic topoisomerase ii is a condensate formed by eukaryotic Type IIA topoisomerases (topo IIs) (enzymes that modulate chromosome supercoiling) at physiological enzyme concentrations,0,Chimeras,3,biomolecular,,
AD9D4934,P-body,"P-bodies are cytosolic biomolecular condensates that arise in response to environmental stress when translationally-arrested mRNAs and proteins phase separate at specific regions in the cytoplasm. In this way, P-bodies are important for translation regulation and proteome buffering.",10090,Mus musculus,5,biomolecular,,
4A9B7D75,Synthetic Condensate 000339,"Morphology: In Vitro Droplet Formation,In Vivo Droplet Formation,In Vivo Frap; Main protein: Q05753; Partner Proteins: Q9SQK3, Q42029; Binding of cpTat substrate by N-terminal intrinsically disordered regions of STT complex induces liquid-liquid phase separation.",3702,Arabidopsis thaliana,1,synthetic,,
A12AD357,Synthetic Condensate 000347,"Morphology: In Vitro Droplet Formation; Main protein: Q8JGN5; Partner Proteins: Q9NQS7, Q4V7H8; The homologous complex from Xenopus laevis also phase-separated demonstrating evolutionary conservation of this property.",0,Chimeras,1,synthetic,,
1EC76F9B,Synthetic Condensate 000230,,6549,Mytilus californianus,3,synthetic,,
7230F6EA,Synthetic Condensate 000328,"Morphology: In Vitro Droplet Formation,In Vitro Frap; Main protein: O13024; Partner Proteins: O15392, Q53HL2, P68431; We observed that α-satellite DNA, histone H3.3 polynucleosomes, Histone H3.1 mononucleosomes, H3T3ph mononucleosomes and microtubule bundles all induce phase-separation under conditions where ISB exists in a homogeneous phase on its own.",0,Chimeras,1,synthetic,,
F05969EF,Stress granule,"Stress granules (SGs) are condensed membrane-less organelles that form dynamically as RNA and protein (RNP) phase separate during physiological stress. When translation initiation is limited, SGs assemble and play a role in translational regulation and proteome buffering. Translationally stalled mRNAs, translation initiation factors, RNA-binding proteins, and non-RNA-binding proteins are among the constituents of SGs. SGs are one of the most important cellular stress relievers, yet their presence are temporary. Any condition that causes permanent presence of SGs, such as chronic stress or alterations in the structure of the components of SGs, can induce their pathological aggregation and degenerative effects.",284811,Eremothecium gossypii (strain ATCC 10895 / CBS 109.51 / FGSC 9923 / NRRL Y-1056),4,biomolecular,,
F3B1DD1E,Dps condensate,Dps (DNA-binding protein from starved cells) is the most abundant protein component of the nucleoid formaing condensates. Dps compacts DNA into a dense complex and protects it from damage and acts as a regulator of transcription.,83333,Escherichia coli (strain K12),5,biomolecular,,
2C224C76,Synthetic Condensate 000284,"Morphology: In Vitro Droplet Formation; Main protein: P05453; Partner Proteins: P35637, P22626; Homotypic trapping of the GST:FUS LC by the mCherry:FUS LC hydrogel was sufficiently avid that GFP signal hardly decayed over the hour-long washout period. Binding of the LC domains of four additional test samples (FMRP, CIRBP, TDP43 and yeast Sup35) was also observed; The mCherry:hnRNPA2 hydrogel also avidly trapped the LC domains of hnRNPA1, CIRBP and RBM3. Moderate retention was observed for yeast Sup35.",0,Chimeras,1,synthetic,,
93AE757A,Synthetic Condensate 000154,,3055,Chlamydomonas reinhardtii,3,synthetic,,
6EF1C41E,Synthetic Condensate 000225,,0,Chimeras,3,synthetic,,
D78976C2,RH20 condensate,"The RH20 condensate is  formed by the RNA helicase RH20, which interacts with AGO2. Given that RH20 enhances RNA silencing and antiviral immunity, it is hypothesized that the condensate may facilitate these processes.",3702,Arabidopsis thaliana,4,biomolecular,,
5506006C,Synthetic Condensate 000177,,9606,Homo sapiens,3,synthetic,,
3F0300C2,Nuclear speckle,Nuclear speckles are nuclear condensates also known as interchromatin granule clusters. These condensates are enriched in pre-mRNA splicing factors located in the interchromatin region of the nucleoplasm.,10090,Mus musculus,1,biomolecular,,
0E1CE0E6,Germ granule,"In many animals, maternal cytoplasmic factors called germ plasm regulate gamete production during embryogenesis. Germ plasm is a cytoplasmic determinant  composed mainly of RNAs and proteins and is inherited from the mother to the offspring inside the egg.",7955,Danio rerio,1,biomolecular,,
9E21F925,Synthetic Condensate 000351,Morphology: In Vivo Droplet Formation; Main protein: O14641; Partner Proteins: Q92793; CBP colocalized with DVL2 and significantly promoted formation of DVL2 super-molecular puncta in cells.,9606,Homo sapiens,1,synthetic,,
C22D95C0,Synthetic Condensate 000013,,9606,Homo sapiens,1,synthetic,,
3CA9DEF4,EB1F condensate,"EBF1 condensates are phase-separated structures formed by the transcription factor EBF1, driven by its intrinsically disordered region (IDR) containing regularly spaced tyrosines.",10090,Mus musculus,4,biomolecular,,
ECBAC048,MegaTrans enhancer complex,MegaTrans components (ESR1 and GATA3) are shown to phase separate and form micro-sized condensates in the presence of  5% polyethylene glycol asa crowding agent.,9606,Homo sapiens,1,biomolecular,,
21A3CED6,Synthetic Condensate 000267,,0,Chimeras,3,synthetic,,
5A404BB6,Synthetic Condensate 000106,,6239,Caenorhabditis elegans,3,synthetic,,
2838EF58,Centrosome,"Cetrosomes are the main microtubule organising centers (MTOC) of animal cells and thus are critical in regulating cell-cycle progression. Centrosomes nucleate microtubules during mitosis, allowing for chromosomal segregation. Each centrosome contains 2 centrioles arranged perpendicularly and surrounded by pericentriolar material (PCM).",7227,Drosophila melanogaster,1,biomolecular,,
1D5AA081,Synthetic Condensate 000123,,559292,Saccharomyces cerevisiae (strain ATCC 204508 / S288c),1,synthetic,,
348497F3,Synthetic Condensate 000321,"Morphology: In Vivo Droplet Formation,In Vivo Frap; Main protein: P20591; Partner Proteins: Q88992; in the VSV system, MxA condensates recruited the VSV N protein concomitant with the appearance of an antiviral effect.",0,Chimeras,1,synthetic,,
E2C825DB,Translational Condensate,"In yeast, translational condensates are specialized, membraneless compartments that form in response to cellular stress",559292,Saccharomyces cerevisiae (strain ATCC 204508 / S288c),4,biomolecular,,
AB75B18A,Synthetic Condensate 000202,,7227,Drosophila melanogaster,3,synthetic,,
9B5E283A,Synthetic Condensate 000373,"Morphology: In Vivo Droplet Formation; Main protein: Q13148; Partner Proteins: P07737, Q9UHD9, P35637, P31483, Q9UBN7; 1,6-Hd did not influence either the number of aggregates of MRPs (mutant PFN1 and UBQLN2) or co-aggregates with TDP-43, suggesting that a mechanism independent of LLPS drives the co-aggregation of MRPs and TDP-43. 1,6-Hd drastically dissociated the cytoplasmic aggregates of RBPs, mutant FUS and TIA1. Consistent with the decreased number of RBPs-induced aggregates, sequestration of TDP-43 into the aggregates was also significantly prevented. A part of skein-like cytoplasmic inclusion of TDP-43 co-localized with HDAC6 in the spinal motor neurons of sporadic ALS patients.",9606,Homo sapiens,1,synthetic,,
2CE6B729,Synthetic Condensate 000295,"Morphology: In Vitro Droplet Formation,In Vitro Frap,In Vivo Droplet Formation; Main protein: P09651; Partner Proteins: P35637; when P525L FUS droplets were aged in the presence of EWSR1, TAF15 and hnRNPA1, fiber formation was suppressed. P525L FUS interaction with the investigated RBPs was confirmed by assessing droplet co-localization",9606,Homo sapiens,1,synthetic,,
B8725CFA,Synthetic Condensate 000007,,9606,Homo sapiens,1,synthetic,,
7F3F31A7,Synthetic Condensate 000171,,0,Chimeras,3,synthetic,,
DE1E139C,Chromatoid body,Chromatoid bodies (CBs) are germ cell specific RNP granules localized in the cytoplasm of spermatids. CB forms as spermatogenesis switches between the meiotic and post-meiotic phases and is involved in the regulation of the haploid male germ cell's exceptionally diverse transcriptome.,10090,Mus musculus,1,biomolecular,,
BADFB975,Synthetic Condensate 000187,,9606,Homo sapiens,3,synthetic,,
CBF57B02,Synthetic Condensate 000043,,9606,Homo sapiens,1,synthetic,,
A6E1D014,P-body,"P-bodies are cytosolic biomolecular condensates that arise in response to environmental stress when translationally-arrested mRNAs and proteins phase separate at specific regions in the cytoplasm. In this way, P-bodies are important for translation regulation and proteome buffering.",7227,Drosophila melanogaster,1,biomolecular,,
0C658009,nYAC,"nYACS are nuclear condensates which form from the phase separation of YTHDC1 and m6A. The number of nYACs increases in acute myeloid leukemia (AML) cells and  maintain their survival and  preserve them in an undifferentiated state. At the same time, YTHDC1 protects m64 from RNA degradation.",9606,Homo sapiens,4,biomolecular,,
26C7BC93,CRY2/SPA1/FIO1 condensate,Light-induced condensates that regulate mRNA methylation and translation of transcripts involved in chlorophyll homeostasis. The CRY2/SPA1/FIO1 complex maintains chlorophyll biosynthesis and photosynthetic efficiency amid fluctuating light conditions.,3702,Arabidopsis thaliana,5,biomolecular,,
6A1B29D1,A-bodies,Amyloid bodies (A-bodies) are inducible membrane-less nuclear compartments composed of heterogeneous proteins that adopt an amyloid-like state.,9606,Homo sapiens,4,biomolecular,,
629EEE1F,Refractile body,"Refractile body condensates undergo dynamic phase separation during the Eimeria tenella's (protozoan parasite infecting chickens) life cycle. They are hypothesized to play roles in nutrient storage, energy metabolism, and immune evasion.",5802,Eimeria tenella,5,biomolecular,,
BB244C6C,Elastin granule,Monomers in elastin can phase separate and self-assemble into polymer networks with elasticity and robustness.,9606,Homo sapiens,5,biomolecular,,
D38CDCAD,sex body,"The sex body is a nuclear condensate formed during male meiosis in mouse pachytene spermatocytes, driven by the phase-separating protein MAPS. It is involved in silencing unsynapsed sex chromosomes and regulating chromatin behaviors.",10090,Mus musculus,4,biomolecular,,
4749EA78,cBAF condensate,"The condensates formed by the cBAF (canonical BAF) complex, which are influenced by intrinsically disordered regions (IDRs) of ARID1A/B. These condensates are playing a role in chromatin targeting and remodeling and gene regulation.",9606,Homo sapiens,3,biomolecular,,
31BA30E7,Synthetic Condensate 000023,,9606,Homo sapiens,1,synthetic,,
26FE9D3B,Cajal body,Cajal bodies are nuclear bodies which are composed of the scaffolding protein  Coilin and high concentrations of small nuclear ribonucleoproteins (snRNPs) which are involved in pre-mRNA splicing.These condensates are also suggested to contribute to RNA metabolism including snRNP biogenesis and telomerase biogenesis.,7955,Danio rerio,5,biomolecular,,
4133D0F7,Nuclear pore complex,"Nucleocytoplasmic exchange is mediated by nuclear pore complexes (NPCs). They're massive protein complexes that join the inner and outer nuclear membranes to create channels that span the nuclear envelope. Nucleoporins, which are made up of about 30 different protein components, assemble in many copies to form a complicated cylindrical architecture to the nuclear pores.",5911,Tetrahymena thermophila,1,biomolecular,,
1855AB2E,Synthetic Condensate 000027,,9606,Homo sapiens,3,synthetic,,
91E14AE1,U-body,U-bodies are specific cytoplasmic RNA granules which are sites for for snRNP assembly aided by U-snRNPs and SMN.,9606,Homo sapiens,1,biomolecular,,
2958074C,Synthetic Condensate 000352,Morphology: In Vivo Droplet Formation; Main protein: Q15648; Partner Proteins: O14686; MLL4 Q4092X MSCs had decreased intensity of BRD4 and MED1 condensates compared to the WT MSCs.,9606,Homo sapiens,1,synthetic,,
678F8DAA,Heterochromatin,"Biomolecular condensates formed by Swi6/HP1α at heterochromatin domains,  associated with H3K9me2/3-marked nucleosomes, contributing to nuclear stiffness.",284812,Schizosaccharomyces pombe (strain 972 / ATCC 24843),5,biomolecular,,
B7348731,Synthetic Condensate 000301,"Morphology: In Vitro Droplet Formation,In Vitro Frap,In Vivo Droplet Formation; Main protein: Q6NUF4; Partner Proteins: C9JJQ8, P07437; at concentrations ≥50 nM, TPX2 and tubulin formed a puncta along the MT, which, importantly, are similarly sized to condensates in solution",0,Chimeras,1,synthetic,,
9800A23F,Synthetic Condensate 000231,,0,Chimeras,3,synthetic,,
82F84B68,Rho body,The transcription terminator Rho phase separates in the bacterium Bacteroides thetaiotaomicron under nutrient starvation. Rho condensation required for transcription termination of some genes (PMID: 36927025).,1263054,Bacteroides thetaiotaomicron CAG:40,5,biomolecular,,
E95823B6,Synthetic Condensate 000194,,559292,Saccharomyces cerevisiae (strain ATCC 204508 / S288c),3,synthetic,,
F50842E4,Synthetic Condensate 000357,"Morphology: In Vivo Droplet Formation; Main protein: P35637; Partner Proteins: Q13148; 1,6-Hd drastically dissociated the cytoplasmic aggregates of RBPs, mutant FUS and TIA1. Consistent with the decreased number of RBPs-induced aggregates, sequestration of TDP-43 into the aggregates was also significantly prevented.",9606,Homo sapiens,1,synthetic,,
45FBF2D1,Nuage,"In many animals, maternal cytoplasmic factors called germ plasm regulate gamete production during embryogenesis. Germ plasm is a cytoplasmic determinant  composed mainly of RNAs and proteins and is inherited from the mother to the offspring inside the egg.",9606,Homo sapiens,1,biomolecular,,
975B8A70,Inflammasome,"Inflammasomes are multiprotein platforms for caspase-1 activation which develop in response to a variety of outside and endogenous danger signals, resulting in the production of pro-inflammatory cytokines and the stimulation of inflammatory cell death via caspase-1 activation.",9606,Homo sapiens,2,biomolecular,,
0DA90D7A,Nuclear pore complex,"Nucleocytoplasmic exchange is mediated by nuclear pore complexes (NPCs). They're massive protein complexes that join the inner and outer nuclear membranes to create channels that span the nuclear envelope. Nucleoporins, which are made up of about 30 different protein components, assemble in many copies to form a complicated cylindrical architecture to the nuclear pores.",8355,Xenopus laevis,1,biomolecular,,
D6A53B8E,Nuclear pore complex,"Nucleocytoplasmic exchange is mediated by nuclear pore complexes (NPCs). They're massive protein complexes that join the inner and outer nuclear membranes to create channels that span the nuclear envelope. Nucleoporins, which are made up of about 30 different protein components, assemble in many copies to form a complicated cylindrical architecture to the nuclear pores.",9606,Homo sapiens,1,biomolecular,,
6F576562,Pre-replication compartment (PRC),Pre-replication compartments (PRCs) are formed during human cytomegalovirus (HCMV) infection. These condensates are serving as hubs for viral genome replication and transcription. They exhibit liquid-like properties and are essential for efficient viral replication.,9606,Homo sapiens,4,infectious,10360,Human cytomegalovirus (strain AD169)
876000F7,Centrosome,"Cetrosomes are the main microtubule organising centers (MTOC) of animal cells and thus are critical in regulating cell-cycle progression. Centrosomes nucleate microtubules during mitosis, allowing for chromosomal segregation. Each centrosome contains 2 centrioles arranged perpendicularly and surrounded by pericentriolar material (PCM).",559292,Saccharomyces cerevisiae (strain ATCC 204508 / S288c),1,biomolecular,,
25CCE98C,Synthetic Condensate 000047,,9606,Homo sapiens,3,synthetic,,
22369FCF,Synthetic Condensate 000029,,0,Chimeras,1,synthetic,,
5E9136F1,Stress Granule,"Heat-induced stress granules (SGs) in rice (Oryza sativa) are dynamic, membrane-less organelles formed in response to heat stress.",39947,Oryza sativa subsp. japonica,2,biomolecular,,
907141DD,PopZ condensate,"PopZ condensate in Caulobacter  is a membraneless forms a microdomain at the cell poles. Condensates selectively recruite and concentrate signaling proteins, such as the CckA and ChpT.",190650,Caulobacter vibrioides (strain ATCC 19089 / CB15),1,biomolecular,,
26D57712,HSP condensate,"During Dictyostelium discoideum development, HSP48 is  strongly induced. It is discovered that HSP48 forms a biomolecular condensate and that polyphosphate is required to keep it stable.",44689,Dictyostelium discoideum,4,biomolecular,,
4F15E4D1,ATG condensate,"In yeast, autophagy plays a central role in degrading condensates which form by phase separation using autophagosomes-double-membrane structures that are synthesized de novo at the pre-autophagosomal structure (PAS) in yeast. It is recently shown that PAS is a liquid-like condensate which is is formed by the phase separation of ATG proteins.",559292,Saccharomyces cerevisiae (strain ATCC 204508 / S288c),5,biomolecular,,
97E999E0,Synthetic Condensate 000219,,6239,Caenorhabditis elegans,3,synthetic,,
15E3C9A9,Synthetic Condensate 000166,,9606,Homo sapiens,3,synthetic,,
16670A7A,Synthetic Condensate 000207,,9606,Homo sapiens,3,synthetic,,
E603CCA4,Germ granule,"In many animals, maternal cytoplasmic factors called germ plasm regulate gamete production during embryogenesis. Germ plasm is a cytoplasmic determinant  composed mainly of RNAs and proteins and is inherited from the mother to the offspring inside the egg.",9606,Homo sapiens,3,biomolecular,,
634B234B,Synthetic Condensate 000180,,9606,Homo sapiens,3,synthetic,,
51FB48F6,MARDO,MARDO (Mitochondria-Associated Ribonucleoprotein DOmain) is a mitochondria-associated condensate that is described to store maternal mRNAs in the oocyte,9606,Homo sapiens,4,biomolecular,,
F5301D48,Stress granule,"Stress granules (SGs) are condensed membrane-less organelles that form dynamically as RNA and protein (RNP) phase separate during physiological stress. When translation initiation is limited, SGs assemble and play a role in translational regulation and proteome buffering. Translationally stalled mRNAs, translation initiation factors, RNA-binding proteins, and non-RNA-binding proteins are among the constituents of SGs. SGs are one of the most important cellular stress relievers, yet their presence are temporary. Any condition that causes permanent presence of SGs, such as chronic stress or alterations in the structure of the components of SGs, can induce their pathological aggregation and degenerative effects.",284812,Schizosaccharomyces pombe (strain 972 / ATCC 24843),1,biomolecular,,
2AFE1BD8,RdRp condensates,GII.4 HuNoV RdRp protein forms condensates in the infected cells for sites for viral replication.,9607,Homo sapiens,4,infectious,489821,Norovirus GII.4 
33BF1E0E,Synthetic Condensate 000053,,0,Chimeras,3,synthetic,,
589474B0,Synthetic Condensate 000287,"Morphology: In Vitro Droplet Formation,In Vitro Frap,In Vivo Droplet Formation,In Vivo Frap; Main protein: O60500; Partner Proteins: P16333, O08816; Nck, nephrin 3pY peptide and N-WASP, plus variable amounts of an N-WASP truncation mutant (N-WASPΔ) that contains the full proline-rich region, can assemble into polymers",0,Chimeras,1,synthetic,,
F85A2E29,IMP1 RNP granule,RNP granules are membrane-less organelles composed of RNA and proteins. RNA-binding proteins are key components of RNP granules. RNP granules deliver localized mRNAs delivered to areas of local protein synthesis.,9606,Homo sapiens,1,biomolecular,,
9321DD1F,Synthetic Condensate 000162,,0,Chimeras,3,synthetic,,
017348A2,Synthetic Condensate 000276,"Morphology: In Vitro Droplet Formation,In Vitro Frap,In Vivo Droplet Formation,In Vivo Frap; Main protein: Q7M6Y5; Partner Proteins: A2AUM9; Deup1 self-assembly is sufficient for concentrating Cep152 in vitro and in cells.",10090,Mus musculus,1,synthetic,,
6E3E4A3C,Synthetic Condensate 000164,,10359,Human cytomegalovirus,1,synthetic,,
BF2F133A,Synthetic Condensate 000204,,9606,Homo sapiens,3,synthetic,,
5113914A,Synthetic Condensate 000100,,284812,Schizosaccharomyces pombe (strain 972 / ATCC 24843),1,synthetic,,
890CF536,Synthetic Condensate 000368,Morphology: In Vivo Droplet Formation; Main protein: O94986; Partner Proteins: Q05D60; the CRY2clust fused-Deup1 C-terminus rapidly accumulated GFP-Cep152 at the condensates after photo-activation of CRY2clust,9606,Homo sapiens,1,synthetic,,
0CC02154,RNA polymerase clusters,"Through interactions with activators, RNA polymerase (Pol) II's C-terminal disordered region (CTD) produces clusters or hubs at active genes. CTD droplets are dispersed by CTD phosphorylation and are capable of incorporating intact Pol II.",559292,Saccharomyces cerevisiae (strain ATCC 204508 / S288c),5,biomolecular,,
783B6188,Synthetic Condensate 000211,,9031,Gallus gallus,3,synthetic,,
A42DF0C6,Synthetic Condensate 000285,Morphology: In Vitro Droplet Formation; Main protein: P15502; Partner Proteins: Q64K55; We demonstrate a thermo-responsive phase separation and spontaneous colloid-like droplet formation from silk-elastin block copolymers.,0,Chimeras,1,synthetic,,
225F9C97,IMC (intermitochondrial cement),"Condensate (IMC or intramidochondrial cement) is found in vertebrate male germ cells, where it acts a glue that teathers clusters of mitochondria. Several functions hjave been identified, includibng piRNA pocessing.|, fusion/fission,",9606,Homo sapiens,4,biomolecular,,
3EAB04FE,Rapsn condensate,"Rapsn condensates play a role in the formation of the neuromuscular junction (NMJ). These condensates are described to form when the protein Rapsn undergoes liquid-liquid phase separation (LLPS). Rapsn condensates recruit other necessary components, such as acetylcholine receptors, cytoskeletal proteins, and various signaling proteins, which are all essential for the differentiation of the postsynaptic side of the junction",9606,Homo sapiens,3,biomolecular,,
373365D7,p62-dependent P-bodies (pd-PBs),"p62-dependent P-bodies (pd-PBs) are a stress-induced subtype of P-bodies that form under proteotoxic or inflammatory stress. Characterized by the recruitment of the autophagy receptor p62/SQSTM1 (acting as a scaffold), pd-PBs are enriched in proteins involved in RNA metabolism (e.g., DDX6, LSM14A, EDC4, eIF4E) and are associated with mRNA",9606,Homo sapiens,4,biomolecular,,
B57B8AD8,Heterochromatin,"Chromatin is a complex of DNA and histone proteins that regulates gene expression as well as packaging genetic material to fit inside the cell. The proper functioning of chromatin also necessitates a web of interactions between molecular complexes that alter chromatin shape and organization to change DNA accessibility to transcription factors, resulting in the activation or repression of target DNA locus. Chromatin is divided into three types based on its shape and compaction state: euchromatin, heterochromatin, and centromeric chromatin. Heterochromatin is related with gene silencing and is characterized by being less accessible than euchromatin and transcriptionally less active. In the nucleus, heterochromatin separates from euchromatin and is concentrated in the nuclear periphery and regions around the nucleolus.",9606,Homo sapiens,2,biomolecular,,
4CAAAA97,Synthetic Condensate 000349,Morphology: In Vivo Droplet Formation; Main protein: Q9UBN7; Partner Proteins: Q13148; A part of skein-like cytoplasmic inclusion of TDP-43 co-localized with HDAC6 in the spinal motor neurons of sporadic ALS patients.,9606,Homo sapiens,1,synthetic,,
92167BAE,Inclusion Body,"Dynamic, liquid-like structures serve as specialized compartments for viral assembly and replication",10036,Mesocricetus auratus (Golden hamster),4,infectious,10906,Bluetongue virus 10
D23CAB07,Synthetic Condensate 000243,,0,Chimeras,3,synthetic,,
FF4792F2,Row 1-specific tip complex condensates,"These condensates are located at the tip of the tallest stereocilia within mechanosensory hair cells. Their existence significantly enhances the capacity for actin bundling in these specialized projections, suggesting a potential connection to the determination of the tallest stereocilia",9606,Homo sapiens,4,biomolecular,,
64BFB8C8,inclusion body-associated granule (IBAG),"Inclusion Body-Associated Granules (IBAGs) are defined as dynamic substructures within viral inclusion bodies (IBs). IBAGs are functionally specialized for translation-related processes, distinct from the replication-focused IBs",60711,Chlorocebus sabaeus,2,infectious,11247,Bovine respiratory syncytial virus (strain A51908)
278829DE,Chromatoid body,Chromatoid bodies (CBs) are germ cell specific RNP granules localized in the cytoplasm of spermatids. CB forms as spermatogenesis switches between the meiotic and post-meiotic phases and is involved in the regulation of the haploid male germ cell's exceptionally diverse transcriptome.,9606,Homo sapiens,1,biomolecular,,
50782855,Histone Locus Body,The Histone Locus Body (HLB) is a nucleus subdomain characterized by the concentration of components required for histone gene transcription and pre-mRNA processing. Histone mRNAs production takes place in HLBs.,10090,Mus musculus,1,biomolecular,,
29B486D9,Synthetic Condensate 000221,,269084,Synechococcus sp. (strain ATCC 27144 / PCC 6301 / SAUG 1402/1),3,synthetic,,
B3A0EABC,Midbody Granule,"Phase-separated RNP granule involved in RNA storage, translation, and intercellular communication.",9606,Homo sapiens,4,biomolecular,,
AD0C696C,Synthetic Condensate 000198,,7227,Drosophila melanogaster,3,synthetic,,
5F357AD4,CCR4-NOT1 complex,CCR4-NOT1 complex plays an important role in mRNA deanylation.,39947,Oryza sativa subsp. japonica,5,biomolecular,,
863EAD4F,Synthetic Condensate 000138,,3055,Chlamydomonas reinhardtii,3,synthetic,,
18F6A7CA,Endocytic condensates,"Endocytic condensates are membraneless compartments formed by endocytic coat proteins containing prion-like domains. These condensates assemble at the plasma membrane to organize proteins, which helps drive membrane invagination for cellular uptake through endocytosis.",559292,Saccharomyces cerevisiae (strain ATCC 204508 / S288c),5,biomolecular,,
17687E46,Synthetic Condensate 000078,"When GFP is super positively charged, it can induce phase separation of NICD.",0,Chimeras,3,synthetic,,
764D0258,Neuronal RNP granule,"Neuronal RNP granules are nonmembrane bound macromolecular condensates that concentrate certain sets of mRNAs and regulatory proteins, allowing them to travel longer distances to axons or dendrites. RNP granules in neurons have a dual role in regulating the translation of linked mRNAs: at rest, they impede mRNA translation, but once activated, they fuel local protein synthesis.",10090,Mus musculus,1,biomolecular,,
7F558BCC,STING phase-separator,"Biomolecular condensates are micron-scale compartments in eukaryotic cells that operate to concentrate proteins and nucleic acids but lack surrounding membranes. RNA metabolism, ribosome biogenesis, the DNA damage response, and signal transmission are all affected by these condensates. Recent research has discovered that multivalent macromolecular interactions promote liquid-liquid phase separation, which is a fundamental organizing principle for biomolecular condensates.",9606,Homo sapiens,4,biomolecular,,
62EA6512,Sam68 nuclear body,"Nuclear bodies are membraneless, RNA-rich organelles in the cell nucleus that concentrate certain nuclear proteins and RNA-protein complexes.",9606,Homo sapiens,1,biomolecular,,
8339491E,Synthetic Condensate 000329,"Morphology: In Vitro Droplet Formation,In Vivo Droplet Formation; Main protein: Q07457; Partner Proteins: Q02796; Lge1 condensates can co-enrich both the E3 Bre1 and the E2 Rad6 in a catalytic shell.",559292,Saccharomyces cerevisiae (strain ATCC 204508 / S288c),1,synthetic,,
D9713D2F,Synthetic Condensate 000103,,6239,Caenorhabditis elegans,3,synthetic,,
DCE83E39,Synthetic Condensate 000127,,6239,Caenorhabditis elegans,3,synthetic,,
A53DF2F0,Synthetic Condensate 000226,,10090,Mus musculus,3,synthetic,,
F74784B8,Synthetic Condensate 000156,,190650,Caulobacter vibrioides (strain ATCC 19089 / CB15),3,synthetic,,
A1A97FAB,Synthetic Condensate 000191,,9606,Homo sapiens,3,synthetic,,
77264BD3,Synthetic Condensate 000258,,9606,Homo sapiens,3,synthetic,,
FF9FC9E0,Synthetic Condensate 000016,,6239,Caenorhabditis elegans,1,synthetic,,
81B83C9C,Paraspeckle,"Paraspeckles are nuclear condensates which are formed around the long non-coding RNA NEAT1. According to emerging data, paraspeckle formation is triggered by phase separation of associated RNA-binding proteins with intrinsically disordered regions, which results in an orderly arrangement of paraspeckle components along NEAT1.",10090,Mus musculus,3,biomolecular,,
FF7BB011,KAT8-IRF1 condensate,"after cell exposure to IFNγ, KAT8 first binds to amino acids 21–42 in the N-terminal DNA-binding domain (DBD) of induced IRF1, and the IDRs of the two proteins promote KAT8–IRF1 condensate formation",9606,Homo sapiens,5,biomolecular,,
462A97B5,Leucocyte nuclear body,"Nuclear bodies are membraneless, RNA-rich organelles in the cell nucleus that concentrate certain nuclear proteins and RNA-protein complexes.",9606,Homo sapiens,0,biomolecular,,
650D5353,Inclusion body,CHPV proteins form cytoplasmic inclusion bodies (IBs) and recruit host proteins to promote viral replication.,10090,Mus musculus,4,infectious,11273,Chandipura virus (strain I653514) 
44FCF654,Synthetic Condensate 000363,"Morphology: In Vivo Droplet Formation,In Vivo Frap; Main protein: Q07352; Partner Proteins: P35637, P81133, Q15717; Expression of the FUS-IDR alone did not generate condensates. Expression of the TIS11B RBD alone is not sufficient for condensate formation. When we fused the RBD of TIS11B to the IDR of FUS to generate FUS TIS, we observed cytoplasmic mesh-like condensates that look very similar to wild-type TIS granules. the seemingly liquid-like condensates generated by FUS-TIS and SUMO-SIM-TIS have mesh-like morphologies in cells. In the context of two multivalent domains (TIS11B N/C-terminus or FUS-IDR), the RRM1/2 of HuR was sufficient for the generation of mesh-like condensates.",9606,Homo sapiens,1,synthetic,,
694DAD9E,Synthetic Condensate 000259,,9606,Homo sapiens,3,synthetic,,
BBD7F84D,PB-like Assembly,"PB-like assemblies are smaller, distinct subassemblies of P-body components that form when canonical PBs are disrupted. Unlike canonical PBs, they are smaller and show increased interactions with SGs, often clustering around their surface.",9606,Homo sapiens,4,biomolecular,,
56273AEF,MEF2D Condensate,Dynamic nuclear condensates involved in transcriptional regulation during myogenesis.,10090,Mus musculus,4,biomolecular,,
D212AE19,Synthetic Condensate 000305,"Morphology: In Vivo Droplet Formation,In Vivo Frap; Main protein: P02792; Partner Proteins: Q5T1M5, Q14671; the co-expression of an RNA-binding PUM.HD-FFm scaffold with a neutral mCherry-FFm scaffold eventually leads to the concentration-dependent phase separation of micrometric protein condensates, which recruit polyadenylated RNAs",9606,Homo sapiens,1,synthetic,,
EEA9CF61,Dishevelled condensate,"Dishevelled 2 (Dvl2) is hown to undergo liquid-liquid phase separation (LLPS), mediated by its intrinsically disordered region. Dvl2 condensates are important for controlling the assembly of the Wnt receptor signalosome and disruption of the β-catenin destruction complex.",9606,Homo sapiens,4,biomolecular,,
BC554416,Synthetic Condensate 000308,"Morphology: In Vitro Droplet Formation,In Vivo Droplet Formation; Main protein: P56959; Partner Proteins: Q07802, Q3TKT4; FUS and EWSR1 form condensates in vitro that are larger than those observed with EBF1.",10090,Mus musculus,1,synthetic,,
3F4CB227,Synthetic Condensate 000322,"Morphology: In Vitro Droplet Formation; Main protein: P45973; Partner Proteins: O15392, O13024, Q53HL2; We mixed CF-555 labeled HP1α with preformed ISB coacervates and observed robust enrichment of HP1α into ISB coacervates. We employed conditions where HP1α is unable to phase-separate on its own.",0,Chimeras,1,synthetic,,
6D84B01C,Synthetic Condensate 000001,,0,Chimeras,3,synthetic,,
D9514D20,Synthetic Condensate 000130,,559292,Saccharomyces cerevisiae (strain ATCC 204508 / S288c),1,synthetic,,
EEE9EDCA,Synthetic Condensate 000155,,9606,Homo sapiens,3,synthetic,,
58FDC23F,PcG body,Proteins from the Polycomb Group (PcG) are clustered in nuclear foci known as PcG bodies. PcG proteins regulate the expression of a wide range of genes by silencing them.,7227,Drosophila melanogaster,1,biomolecular,,
FB44DE0F,Synthetic Condensate 000377,Condensate formation of in vitro FUS peptide of amino acid 37-97,9606,Homo sapiens,3,synthetic,,
A21D42E2,Synthetic Condensate 000153,,9606,Homo sapiens,1,synthetic,,
95CA54FE,Synthetic Condensate 000215,,9606,Homo sapiens,3,synthetic,,
BC3C46DC,Synthetic Condensate 000257,,9606,Homo sapiens,3,synthetic,,
7F36219C,Enhancer cluster,Enhancers are key regulatory elements that govern gene expression programs in response to developmental signals. TGF β pathway drives the assembly of an enhancer-cluster and precise gene activation. TGF β pathway coactivator JMJD3 is essential to maintain these structures.,9606,Homo sapiens,4,biomolecular,,
F0168FE2,WHI3 cluster,WHI3 undergoes phase separation to form droplets with different biophysical properties. The properties of WHI3 droplets and their phase separation depends on different RNAs which interact with WHI3.,559292,Saccharomyces cerevisiae (strain ATCC 204508 / S288c),4,biomolecular,,
F659AEC6,Pericentriolar compartment,"Cetrosomes are the main microtubule organising centers (MTOC) of animal cells and thus are critical in regulating cell-cycle progression. Centrosomes nucleate microtubules during mitosis, allowing for chromosomal segregation. Each centrosome contains 2 centrioles arranged perpendicularly and surrounded by pericentriolar material (PCM).",9606,Homo sapiens,1,biomolecular,,
BDAE0F88,Nucleolus,"Nucleolus is the largest and the first membrane-less organelle which was identified. It is composed of a fibrillar centre (FC), dense fibrillar component (DFC) and granular component (GC).  The nucleolus is a dynamic structure that disassembles during mitosis and reassembles after cell division. The nucleolus is responsible for ribosome biogenesis in eucaryotic cells, which are essential macromolecular machines responsible for synthesizing all proteins required by the cell. The nucleoli are now known to act as sensors and regulators of cellular responses, such as apoptosis, DNA damage response, epigenetic modification, genome stability, proliferation, senescence and signal transduction.",559292,Saccharomyces cerevisiae (strain ATCC 204508 / S288c),1,biomolecular,,
18E63256,PARP5A–RNF146 condensate,"The condensates formed by PARP5A and RNF146 are dynamic molecular assemblies with liquid-like properties. They are involved in regulating cellular mechanisms, including restraining necroptosis by organizing specific signaling pathways.",10090,Mus musculus,4,biomolecular,,
AC4402D9,Synthetic Condensate 000139,,346249,Dosidicus gigas,3,synthetic,,
5FC38D49,GCRV viroplasm,"The GCRV viroplasm is a  condensate that organizes viral replication and assembly by concentrating viral proteins and genetic material. It also plays a role in immune evasion by sequestering host antiviral factors, thereby suppressing the host immune response",7959,Ctenopharyngodon idella ,4,infectious,128987,Grass carp reovirus 
604353D6,Stress granule,"Stress granules (SGs) are condensed membrane-less organelles that form dynamically as RNA and protein (RNP) phase separate during physiological stress. When translation initiation is limited, SGs assemble and play a role in translational regulation and proteome buffering. Translationally stalled mRNAs, translation initiation factors, RNA-binding proteins, and non-RNA-binding proteins are among the constituents of SGs. SGs are one of the most important cellular stress relievers, yet their presence are temporary. Any condition that causes permanent presence of SGs, such as chronic stress or alterations in the structure of the components of SGs, can induce their pathological aggregation and degenerative effects.",60711,Chlorocebus sabaeus,1,biomolecular,,
BCA0D336,Dense fibrillar component,Dense fibrillar component (DFC) is a substructure of nucleolus. Small nucleolar ribonucleoproteins (snoRNPs) splice and modify pre-ribosomal RNA transcripts in the DFC.,6239,Caenorhabditis elegans,5,biomolecular,,
6D9DF426,Purinosome,The purisome is a dynamic metabolic condensate that organizes and coordinates enzymes for de novo purine biosynthesis.,9606,Homo sapiens,4,biomolecular,,
1F16C8AA,PGAM5-MAVS Condensate,"PGAM5-MAVS condensates are biomolecular condensates formed through LLPS in cardiomyocytes under stress conditions. 

These condensates function as scaffolds for NLRP3 inflammasome activation, thereby playing a role in inflammatory responses and myocardial injury.",10090,Mus musculus,4,biomolecular,,
D4281DD4,Synthetic Condensate 000311,"Morphology: In Vitro Droplet Formation,In Vitro Frap,In Vivo Droplet Formation,In Vivo Frap; Main protein: Q68FF6; Partner Proteins: Q9ES28; Specific and tight association of GIT1 and β-Pix, a pair of GTPase regulatory enzymes, leads to phase separation of the complex without additional scaffolding molecules.",10090,Mus musculus,1,synthetic,,
256AC21A,Proteasome condensate,"Proteasome condensates are cellular structures in yeast that form through interactions between specific proteins, such as Rad23 and Dsk2, and ubiquitin chains. These condensates play a crucial role in protein degradation, particularly under stress conditions, and are studied using genetic mutations and protein interaction experiments to understand their formation and function.",559292,Saccharomyces cerevisiae (strain ATCC 204508 / S288c),5,biomolecular,,
6340D055,Synthetic Condensate 000071,,9606,Homo sapiens,3,synthetic,,
FA66C19F,Synthetic Condensate 000280,"Morphology: In Vitro Droplet Formation,In Vitro Frap,In Vivo Droplet Formation,In Vivo Frap; Main protein: Q9Y6Q9; Partner Proteins: O96028; we added purified NSD2 into the GFP-SRC-3-IDR system and observed markedly augmented droplets",9606,Homo sapiens,1,synthetic,,
2CF52CF0,Synthetic Condensate 000015,,9606,Homo sapiens,3,synthetic,,
EED4A971,Synthetic Condensate 000152,,0,Chimeras,3,synthetic,,
65A6D83D,Synthetic Condensate 000203,,7227,Drosophila melanogaster,3,synthetic,,
5E3205E2,Synthetic Condensate 000064,,9606,Homo sapiens,1,synthetic,,
33B67FEA,Synthetic Condensate 000151,,36200,Dissostichus mawsoni,3,synthetic,,
2C639066,Synthetic Condensate 000143,,9606,Homo sapiens,3,synthetic,,
558B70E9,Synthetic Condensate 000263,,7227,Drosophila melanogaster,3,synthetic,,
21EC1620,Inclusion body,Inclusion bodies are insoluble aggregates of misfolded proteins inside the cell. A common pathogenic event in a range of neurodegenerative illnesses is aggregated proteins from the cytoplasm of nerve cells and glia.,9606,Homo sapiens,4,infectious,11259,Human respiratory syncytial virus A
86211E4F,Synthetic Condensate 000220,,83333,Escherichia coli (strain K12),3,synthetic,,
502D4027,Synthetic Condensate 000161,,36200,Dissostichus mawsoni,3,synthetic,,
57A56005,ORF8/p62 condensate,The ORF8/p62 condensate is a SARS-CoV-2-induced biomolecular condensate that hijacks ER-phagy receptors to  promote viral replication,9606,Homo sapiens,4,infectious,2697049,Severe acute respiratory syndrome coronavirus 2
34A76419,Nucleolus,"Nucleolus is the largest and the first membrane-less organelle which was identified. It is composed of a fibrillar centre (FC), dense fibrillar component (DFC) and granular component (GC).  The nucleolus is a dynamic structure that disassembles during mitosis and reassembles after cell division. The nucleolus is responsible for the biogenesis of ribosomes in eucaryotic cells, which are essential macromolecular machines responsible for synthesizing all proteins required by the cell. The nucleoli are now known to act as sensors and regulators of cellular responses, such as apoptosis, DNA damage response, epigenetic modification, genome stability, proliferation, senescence and signal transduction.",7227,Drosophila melanogaster,1,biomolecular,,
444FFC0C,Cytoplasmic protein granule,Phase separated cytoplasmic proteins forming aggregates in the cytoplasm. A hallmark of neurodegenerative diseases is the accumulation of cytoplasmic protein aggregates in neurons.,7227,Drosophila melanogaster,1,biomolecular,,
BRCBNA10,BR-body,,565050,Caulobacter vibrioides (strain NA1000 / CB15N),2,biomolecular,,