uniprotkb_ac	condensate_id	condensate_name
Q7Z3E1	462A97B5	Leucocyte nuclear body
Q13342	462A97B5	Leucocyte nuclear body
Q16082	462A97B5	Leucocyte nuclear body
P62993	36896B46	T-cell signalosome
P05067	9F779CC8	Nuclear body
Q03940	CE67A724	Cytoplasmic protein granule
Q16082	9F779CC8	Nuclear body
A1Z813	C0C3C39E	Sec-body
P91349	E72E7219	Pericentriolar matrix
P23771	462A97B5	Leucocyte nuclear body
Q7YU08	4663B525	Nuclear body
Q01860	38EC0B30	Transcriptional condensate
O62275	060EE9EF	Z-granule
Q14149	353F5E6C	MORC3 nuclear body
P16554	6E61CE74	Numb/Pon condensate
Q9VBP3	E61E225E	Stress granule
P14866	62EA6512	Sam68 nuclear body
Q14151	62EA6512	Sam68 nuclear body
P38996	21740CDC	NAB3 nuclear body
Q8NDV7	9DBB3093	GW-body
Q07666	62EA6512	Sam68 nuclear body
Q14103	62EA6512	Sam68 nuclear body
P50750	38EC0B30	Transcriptional condensate
P08047	38EC0B30	Transcriptional condensate
B1PRL2	38EC0B30	Transcriptional condensate
P35222	38EC0B30	Transcriptional condensate
P31271	38EC0B30	Transcriptional condensate
Q15059	38EC0B30	Transcriptional condensate
Q15648	38EC0B30	Transcriptional condensate
Q01844	38EC0B30	Transcriptional condensate
Q13950	38EC0B30	Transcriptional condensate
P20226	38EC0B30	Transcriptional condensate
P35453	38EC0B30	Transcriptional condensate
Q13627	38EC0B30	Transcriptional condensate
P40763	38EC0B30	Transcriptional condensate
Q9Y2X0	38EC0B30	Transcriptional condensate
O60885	38EC0B30	Transcriptional condensate
P03372	38EC0B30	Transcriptional condensate
Q16236	38EC0B30	Transcriptional condensate
Q16198	38EC0B30	Transcriptional condensate
Q15561	38EC0B30	Transcriptional condensate
Q7ZXV8	0F39F0A3	Spindle matrix
Q8SWR8	B0349C78	Neuronal RNP granule
P78953	5B76C479	Contractile ring condensate
P26568	8F2F7B5C	Heterochromatin
P26569	8F2F7B5C	Heterochromatin
Q9UKV8	9DBB3093	GW-body
P0A9A6	D447D79E	FtsZ/SlmA body
P91870	E72E7219	Pericentriolar matrix
P35972	54D84D15	Viral factory
P84022	38EC0B30	Transcriptional condensate
P08621	462A97B5	Leucocyte nuclear body
Q12888	462A97B5	Leucocyte nuclear body
Q9UER7	462A97B5	Leucocyte nuclear body
P02545	462A97B5	Leucocyte nuclear body
Q14103	462A97B5	Leucocyte nuclear body
Q15648	462A97B5	Leucocyte nuclear body
Q01844	462A97B5	Leucocyte nuclear body
O60885	462A97B5	Leucocyte nuclear body
Q12988	462A97B5	Leucocyte nuclear body
P43243	462A97B5	Leucocyte nuclear body
P09651	462A97B5	Leucocyte nuclear body
P06401	462A97B5	Leucocyte nuclear body
P34761	F0168FE2	WHI3 cluster
Q9W1V3	4663B525	Nuclear body
P0C093	D447D79E	FtsZ/SlmA body
M9NFQ7	34A76419	Nucleolus
P20028	34A76419	Nucleolus
A0A0B4K7A6	34A76419	Nucleolus
Q9BJZ5	E61E225E	Stress granule
Q7JXA2	E61E225E	Stress granule
A0QSY1	F227C2BF	ABC transporter condensate
Q5BI67	C0C3C39E	Sec-body
Q9UKV8	C5843A5F	miRISC condensate
O74718	89D152D3	Sup35 condensate
Q07352	ACCC2039	TIS granule
P61978	62EA6512	Sam68 nuclear body
Q9BXY0	62EA6512	Sam68 nuclear body
Q96MU7	62EA6512	Sam68 nuclear body
P38159	62EA6512	Sam68 nuclear body
Q15424	62EA6512	Sam68 nuclear body
Q5VWX1	62EA6512	Sam68 nuclear body
Q8NEJ9	62EA6512	Sam68 nuclear body
Q92804	462A97B5	Leucocyte nuclear body
Q22053	BCA0D336	Dense fibrillar component
Q9W4I7	6E61CE74	Numb/Pon condensate
P16554	444FFC0C	Cytoplasmic protein granule
Q7KTV5	34A76419	Nucleolus
G5EDE7	E72E7219	Pericentriolar matrix
P0A9A6	E92D4409	FtsZ condensate
Q13501	718A9EC3	P62 body
P04050	0CC02154	RNA polymerase clusters
P35974	54D84D15	Viral factory
P08287	9638259C	Euchromatin
P46937	38EC0B30	Transcriptional condensate
Q5JVS0	462A97B5	Leucocyte nuclear body
Q9N3P1	060EE9EF	Z-granule
O43561	36896B46	T-cell signalosome
Q9UPQ9	C5843A5F	miRISC condensate
Q00613	38EC0B30	Transcriptional condensate
O62011	60DC040A	MUTator foci
Q54VP4	26D57712	HSP condensate
P23771	38EC0B30	Transcriptional condensate
Q9GZV5	38EC0B30	Transcriptional condensate
Q92804	38EC0B30	Transcriptional condensate
Q8SWR8	E61E225E	Stress granule
Q500V5	8F2F7B5C	Heterochromatin
P03520	0E37FC39	Cytoplasmic viral factory
Q9VD51	34A76419	Nucleolus
Q8MT06	34A76419	Nucleolus
Q02794	504CA153	STD1 body
P05453	F3106323	Sup35 condensate
Q07889	36896B46	T-cell signalosome
Q9VNF8	C0C3C39E	Sec-body
Q8L3W1	9BAE09A1	VRN1 nuclear body
Q02794	CE67A724	Cytoplasmic protein granule
Q8JXF6	886620B0	Negri body
Q9UPQ9	9DBB3093	GW-body
P03521	0E37FC39	Cytoplasmic viral factory
M9NFQ7	E61E225E	Stress granule
Q22053	3743B201	Nucleolus
P45973	B57B8AD8	Heterochromatin
Q14781	B57B8AD8	Heterochromatin
Q8N163	62EA6512	Sam68 nuclear body
Q9W1V3	34A76419	Nucleolus
M9PF20	E61E225E	Stress granule
O43791	462A97B5	Leucocyte nuclear body
P15502	BB244C6C	Elastin granule
Q9W4I7	444FFC0C	Cytoplasmic protein granule
P22363	886620B0	Negri body
P03523	0E37FC39	Cytoplasmic viral factory
Q04726	62EA6512	Sam68 nuclear body
P09651	62EA6512	Sam68 nuclear body
Q9XW17	D6EADA8A	RNP granule
J3QQ18	50C2EE40	Presynaptic clusters
P63104	03D56D03	Tau Condensate
O42958	0808F6DD	P-body
O13828	0808F6DD	P-body
O74454	0808F6DD	P-body
Q09737	0808F6DD	P-body
D8V196	E0732220	CPEB4 granule
Q6ZN04	CA00D4B7	MEX3B granule
R4GEN3	DD98A56E	Balbiani body
A0A0R4IAW9	DD98A56E	Balbiani body
P05205	1CF1AEDA	Heterochromatin
Q95YF3	D6EADA8A	RNP granule
Q96B97	F345034F	Signaling cluster
Q9A7H8	EF55C906	BR-body
Q9VVI2	A6E1D014	P-body
P52948	D6A53B8E	Nuclear pore complex
Q8WYP5	D6A53B8E	Nuclear pore complex
Q14764	D6A53B8E	Nuclear pore complex
Q02748	A6E1D014	P-body
Q6ZRY4	2B1872D5	Balbiani body
Q9A341	EF55C906	BR-body
Q92345	0808F6DD	P-body
P23246	38EC0B30	Transcriptional condensate
Q15233	38EC0B30	Transcriptional condensate
P49687	691A1FB1	Nuclear pore complex
Q9A805	EF55C906	BR-body
Q9A211	EF55C906	BR-body
O94752	0808F6DD	P-body
Q92499	6F9FB6EF	Cleavage body
P91941	A6E1D014	P-body
Q91398	DD98A56E	Balbiani body
O65934	7C7190F1	ABC transporter condensate
Q80UE6	62836ADF	WNK body
P23128	1DA11FFF	Germ granule
H2L067	D6EADA8A	RNP granule
Q9P2I0	6F9FB6EF	Cleavage body
Q8NAV1	38EC0B30	Transcriptional condensate
Q23972	1DA11FFF	Germ granule
Q9Z1W9	62836ADF	WNK body
F1R237	DD98A56E	Balbiani body
A0A2R8QD37	DD98A56E	Balbiani body
Q53GS7	D6A53B8E	Nuclear pore complex
P14907	691A1FB1	Nuclear pore complex
Q7SXI8	7137E280	Histone Locus Body
Q9A8N4	EF55C906	BR-body
P09052	1DA11FFF	Germ granule
Q5A791	35EAEEF6	Stress granule
Q4ACU6	50C2EE40	Presynaptic clusters
Q9Y5Q8	38EC0B30	Transcriptional condensate
Q8WUA4	38EC0B30	Transcriptional condensate
O75817	B75B0A5E	SMN-Rpp20 complex
Q92499	5B6CCA73	DDX1 body
P33240	5B6CCA73	DDX1 body
H0WFA5	DD98A56E	Balbiani body
Q8IH18	A6E1D014	P-body
A0A0B4LEZ3	A6E1D014	P-body
E1JJR3	A6E1D014	P-body
Q7KY08	A6E1D014	P-body
Q9VMA3	A6E1D014	P-body
Q5U127	A6E1D014	P-body
Q9W1H5	A6E1D014	P-body
Q9VCN7	A6E1D014	P-body
Q8SY33	A6E1D014	P-body
M9NFQ7	A6E1D014	P-body
M9PF20	A6E1D014	P-body
O76922	A6E1D014	P-body
Q9NQI0	45FBF2D1	Nuage
Q9WVG6	81B83C9C	Paraspeckle
Q9BW27	D6A53B8E	Nuclear pore complex
O75791	F345034F	Signaling cluster
A8CG34	D6A53B8E	Nuclear pore complex
Q8WV28	F345034F	Signaling cluster
Q8IUD2	F345034F	Signaling cluster
O75643	38EC0B30	Transcriptional condensate
Q9VVX0	A086309B	U-body
Q9NR21	D6A53B8E	Nuclear pore complex
Q96HA1	D6A53B8E	Nuclear pore complex
P55735	D6A53B8E	Nuclear pore complex
O60318	D6A53B8E	Nuclear pore complex
Q9NPA8	D6A53B8E	Nuclear pore complex
Q9NRG9	D6A53B8E	Nuclear pore complex
Q9BXS6	D6A53B8E	Nuclear pore complex
P49792	D6A53B8E	Nuclear pore complex
P57740	D6A53B8E	Nuclear pore complex
P12270	D6A53B8E	Nuclear pore complex
P49790	D6A53B8E	Nuclear pore complex
Q12769	D6A53B8E	Nuclear pore complex
Q9UKX7	D6A53B8E	Nuclear pore complex
Q8WUM0	D6A53B8E	Nuclear pore complex
Q8TD16	D6A53B8E	Nuclear pore complex
Q9HC62	D6A53B8E	Nuclear pore complex
Q96J94	278829DE	Chromatoid body
Q9H6R0	975B8A70	Inflammasome
Q02199	691A1FB1	Nuclear pore complex
P48837	691A1FB1	Nuclear pore complex
Q02629	691A1FB1	Nuclear pore complex
P10636	03D56D03	Tau Condensate
P40383	0808F6DD	P-body
O13310	0808F6DD	P-body
P35979	62836ADF	WNK body
Q7ZUL7	DD98A56E	Balbiani body
Q6DH13	DD98A56E	Balbiani body
F1RA35	DD98A56E	Balbiani body
P83741	62836ADF	WNK body
Q9D415	50C2EE40	Presynaptic clusters
P25158	1DA11FFF	Germ granule
Q9VEN9	A6E1D014	P-body
Q08881	F345034F	Signaling cluster
Q13094	F345034F	Signaling cluster
Q09181	0808F6DD	P-body
P23128	A6E1D014	P-body
O00401	F345034F	Signaling cluster
Q9P805	0808F6DD	P-body
O74874	0808F6DD	P-body
Q9UBU9	38EC0B30	Transcriptional condensate
P33240	6F9FB6EF	Cleavage body
Q8TC44	03D56D03	Tau Condensate
Q8WVC0	38EC0B30	Transcriptional condensate
Q6PIF6	F345034F	Signaling cluster
Q14432	F345034F	Signaling cluster
Q13136	F345034F	Signaling cluster
O43561	F345034F	Signaling cluster
P18031	F345034F	Signaling cluster
Q86SQ0	F345034F	Signaling cluster
Q495M9	F345034F	Signaling cluster
Q9Y2X7	F345034F	Signaling cluster
Q96EP5	2B1872D5	Balbiani body
Q75E28	F05969EF	Stress granule
Q9VUU4	A6E1D014	P-body
Q92621	D6A53B8E	Nuclear pore complex
Q8UVX0	DD98A56E	Balbiani body
Q6P158	38EC0B30	Transcriptional condensate
Q24009	A6E1D014	P-body
Q14676	A0DCDA94	DNA damage foci
Q92973	9A9D7F4D	Synthetic Condensate 000014
Q9U2F5	1C3173BF	TIAR2 neuronal granule
Q12888	A0DCDA94	DNA damage foci
Q16533	A0DCDA94	DNA damage foci
Q06609	A0DCDA94	DNA damage foci
Q80Z37	2E092FC3	PML body
Q23529	1E117272	Centrosome
P43297	24475C75	Stress granule
A0A024RB53	943B2789	Synthetic Condensate 000008
G5ECG0	1E117272	Centrosome
Q9XW79	1E117272	Centrosome
P91349	1E117272	Centrosome
G5EEM5	1E117272	Centrosome
Q95QJ7	1E117272	Centrosome
Q9NDC9	1E117272	Centrosome
Q8WT44	1E117272	Centrosome
Q94131	1E117272	Centrosome
P34690	1E117272	Centrosome
Q9XVW6	1E117272	Centrosome
O44548	1E117272	Centrosome
Q03605	1E117272	Centrosome
G5EFV3	1E117272	Centrosome
Q21215	1E117272	Centrosome
P45970	1E117272	Centrosome
Q9GT24	1E117272	Centrosome
Q03569	1E117272	Centrosome
G5EBX0	1E117272	Centrosome
O02217	1E117272	Centrosome
P34808	1E117272	Centrosome
P39936	26E28FFB	Synthetic Condensate 000009
P23804	2E092FC3	PML body
O35613	2E092FC3	PML body
Q61686	2E092FC3	PML body
G5EDE7	1E117272	Centrosome
Q9JKK8	2E092FC3	PML body
Q9JJ48	2E092FC3	PML body
Q3MK94	24475C75	Stress granule
O82307	24475C75	Stress granule
Q9SLB9	24475C75	Stress granule
Q9SX79	24475C75	Stress granule
Q9FKW2	24475C75	Stress granule
A0A654EPD5	24475C75	Stress granule
Q944A2	24475C75	Stress granule
Q9SJ41	24475C75	Stress granule
O04379	24475C75	Stress granule
Q9U2F5	9DA71F79	Stress granule
G5EFT5	9DA71F79	Stress granule
Q9UKF6	24B72B50	Histone Locus Body
P32588	60893955	Synthetic Condensate 000005
P35637	1422620B	Synthetic Condensate 000017
Q0WW84	24475C75	Stress granule
P26599	60F74988	Synthetic Condensate 000004
Q9UKL3	24B72B50	Histone Locus Body
P35637	6DA31C6B	Synthetic Condensate 000011
Q9UKV8	278829DE	Chromatoid body
Q9NPI6	278829DE	Chromatoid body
Q9V727	58FDC23F	PcG body
O43390	F85A2E29	IMP1 RNP granule
Q17353	1E117272	Centrosome
D0PV95	74574544	Synthetic Condensate 000020
Q14207	24B72B50	Histone Locus Body
P0DMV9	F85A2E29	IMP1 RNP granule
P35820	58FDC23F	PcG body
D0PV95	0CEEA3E8	Synthetic Condensate 000006
G5ED39	1E117272	Centrosome
X5DSL3	0CEEA3E8	Synthetic Condensate 000006
Q9SRE6	24475C75	Stress granule
Q21351	9DA71F79	Stress granule
P35637	60F74988	Synthetic Condensate 000004
Q9XU12	1E117272	Centrosome
P91870	1E117272	Centrosome
P35637	9A9D7F4D	Synthetic Condensate 000014
P11940	F85A2E29	IMP1 RNP granule
Q9NZI8	F85A2E29	IMP1 RNP granule
Q9FLT0	24475C75	Stress granule
P39769	58FDC23F	PcG body
Q9W363	58FDC23F	PcG body
P09077	58FDC23F	PcG body
Q9VB08	58FDC23F	PcG body
Q7KJA9	58FDC23F	PcG body
Q24459	58FDC23F	PcG body
P17917	58FDC23F	PcG body
Q7K5N4	58FDC23F	PcG body
P26017	58FDC23F	PcG body
Q9NJG9	58FDC23F	PcG body
O76906	58FDC23F	PcG body
Q92945	F659AEC6	Pericentriolar compartment
P35637	2CF52CF0	Synthetic Condensate 000015
P31483	1855AB2E	Synthetic Condensate 000027
Q9UPQ9	F85A2E29	IMP1 RNP granule
Q99873	2CF52CF0	Synthetic Condensate 000015
Q01844	B8725CFA	Synthetic Condensate 000007
Q9BQA5	24B72B50	Histone Locus Body
Q9W517	58FDC23F	PcG body
Q16637	91E14AE1	U-body
O23252	24475C75	Stress granule
C5MKY7	832870F1	Synthetic Condensate 000010
Q75E28	37C8BA2F	Synthetic Condensate 000012
P00519	1CD3856C	Synthetic Condensate 000003
Q8L4A7	24475C75	Stress granule
P11308	F85A2E29	IMP1 RNP granule
Q9UPY3	278829DE	Chromatoid body
Q24338	58FDC23F	PcG body
P16333	1CD3856C	Synthetic Condensate 000003
P09651-2	60893955	Synthetic Condensate 000005
P09922	2E092FC3	PML body
Q8LGS1	24475C75	Stress granule
P35637	1CD3856C	Synthetic Condensate 000003
Q13315	A0DCDA94	DNA damage foci
Q13535	A0DCDA94	DNA damage foci
P78527	A0DCDA94	DNA damage foci
P35637	A0DCDA94	DNA damage foci
Q92966	A0DCDA94	DNA damage foci
P16104	A0DCDA94	DNA damage foci
Q8IUH3	A0DCDA94	DNA damage foci
Q92878	A0DCDA94	DNA damage foci
Q13547	A0DCDA94	DNA damage foci
Q96B01	A0DCDA94	DNA damage foci
P09651-2	832870F1	Synthetic Condensate 000010
P24928	6DA31C6B	Synthetic Condensate 000011
P35637	B8725CFA	Synthetic Condensate 000007
D3KYQ3	4133D0F7	Nuclear pore complex
P20226	A0DCDA94	DNA damage foci
Q5SXM2	A0DCDA94	DNA damage foci
C5MKY7	74574544	Synthetic Condensate 000020
Q13487	A0DCDA94	DNA damage foci
P42124	58FDC23F	PcG body
Q6UN15	24B72B50	Histone Locus Body
Q9P2I0	24B72B50	Histone Locus Body
Q8ST83	58FDC23F	PcG body
P26599	1855AB2E	Synthetic Condensate 000027
P49711	24B72B50	Histone Locus Body
Q10570	24B72B50	Histone Locus Body
P00519	041D4500	Synthetic Condensate 000036
P16333	1070A586	Synthetic Condensate 000045
P39936	BD836276	Synthetic Condensate 000030
P09651-2	9568789E	Synthetic Condensate 000022
Q8IGP5	5A480847	Insulator body
O43707	F85A2E29	IMP1 RNP granule
O75791	1070A586	Synthetic Condensate 000045
Q5U127	19A54EA0	Sponge body
Q95RE4	19A54EA0	Sponge body
Q9VMA3	19A54EA0	Sponge body
Q9W1H5	19A54EA0	Sponge body
Q9VSR3	19A54EA0	Sponge body
Q8GW31	60F64496	P-body
Q9FPW4	60F64496	P-body
P43297	60F64496	P-body
Q8LGS1	60F64496	P-body
Q9SL49	60F64496	P-body
Q9S814	60F64496	P-body
Q14781	F701F3BC	PcG body
A0A1D5PQ11	3E806696	Stress granule
Q92833	F701F3BC	PcG body
P48809	19A54EA0	Sponge body
P67809	F85A2E29	IMP1 RNP granule
A0A0D9RRJ6	604353D6	Stress granule
Q9VHG6	5A480847	Insulator body
A0A0D9REQ6	604353D6	Stress granule
P26599	67BDA0FF	Synthetic Condensate 000032
P28750	19A54EA0	Sponge body
Q9VCU7	DB0924F8	Yb-body
A1Z6E0	19A54EA0	Sponge body
Q9W363	49BCF3D0	Histone Locus Body
P35637	67BDA0FF	Synthetic Condensate 000032
Q9Y5A9	D8E9712B	Neuronal RNP granule
P31483	67BDA0FF	Synthetic Condensate 000032
P09651-2	F4417166	Synthetic Condensate 000019
P23128	19A54EA0	Sponge body
Q8IP90	19A54EA0	Sponge body
P0DMV8	F85A2E29	IMP1 RNP granule
P35637	2857FDAA	Synthetic Condensate 000028
Q3LHL9	49BCF3D0	Histone Locus Body
Q9W4V9	5A480847	Insulator body
P08970	5A480847	Insulator body
P11142	F85A2E29	IMP1 RNP granule
Q13310	F85A2E29	IMP1 RNP granule
Q9FQ04	60F64496	P-body
Q9FLT0	60F64496	P-body
O04379	60F64496	P-body
O82307	60F64496	P-body
Q9SLB9	60F64496	P-body
Q9C658	60F64496	P-body
O22173	60F64496	P-body
Q9FKW2	60F64496	P-body
A0A178V3U6	60F64496	P-body
A0A1I9LSB9	60F64496	P-body
A0A654EPD5	60F64496	P-body
P50995	D8E9712B	Neuronal RNP granule
P39936	CABCA76D	Synthetic Condensate 000018
O74718	7D39771A	Synthetic Condensate 000042
P40070	2F09078B	Synthetic Condensate 000024
Q93062	D8E9712B	Neuronal RNP granule
P26599	2F09078B	Synthetic Condensate 000024
Q24009	19A54EA0	Sponge body
Q9BQ52	F701F3BC	PcG body
Q7Z739	D8E9712B	Neuronal RNP granule
Q06787	D8E9712B	Neuronal RNP granule
R4GMX3	F701F3BC	PcG body
Q9VL52	DB0924F8	Yb-body
P26599	9D926880	Synthetic Condensate 000034
Q9UHD9	95FADA74	Synthetic Condensate 000026
Q9W4W2	DB0924F8	Yb-body
P62241	F85A2E29	IMP1 RNP granule
Q08211	F85A2E29	IMP1 RNP granule
P35637	9568789E	Synthetic Condensate 000022
P35637	D8E9712B	Neuronal RNP granule
Q15233	D8E9712B	Neuronal RNP granule
O75683	CBF57B02	Synthetic Condensate 000043
P06748	CBF57B02	Synthetic Condensate 000043
Q92804-2	2857FDAA	Synthetic Condensate 000028
P31483	1249081A	Synthetic Condensate 000025
Q92804	D8E9712B	Neuronal RNP granule
Q13148	D8E9712B	Neuronal RNP granule
Q00994	D8E9712B	Neuronal RNP granule
Q13283	D8E9712B	Neuronal RNP granule
Q17RY0	D8E9712B	Neuronal RNP granule
Q9BYJ9	D8E9712B	Neuronal RNP granule
Q14444	D8E9712B	Neuronal RNP granule
Q9Y224	D8E9712B	Neuronal RNP granule
P40070	99286EFB	Synthetic Condensate 000038
Q13094	1070A586	Synthetic Condensate 000045
P42731	60F64496	P-body
Q22053	CB5A3F31	Synthetic Condensate 000041
P32588	6F314257	Synthetic Condensate 000035
C5MKY7	9D926880	Synthetic Condensate 000034
P16333	041D4500	Synthetic Condensate 000036
O08816	28618213	Synthetic Condensate 000040
Q6ZN18	F701F3BC	PcG body
M9NFQ7	21DC7D43	Cajal body
O43663	F701F3BC	PcG body
P25159	19A54EA0	Sponge body
O75530	F701F3BC	PcG body
Q8IXK0	F701F3BC	PcG body
P49711	F701F3BC	PcG body
Q14190	F701F3BC	PcG body
Q06587	F701F3BC	PcG body
Q15910	F701F3BC	PcG body
P16333	7ADEF05E	Synthetic Condensate 000039
P00519	7ADEF05E	Synthetic Condensate 000039
A1Z7A8	21DC7D43	Cajal body
Q6J5K9	DB0924F8	Yb-body
P05453	2F7EB6DB	Synthetic Condensate 000037
P35637	95FADA74	Synthetic Condensate 000026
O00257	F701F3BC	PcG body
P46781	F85A2E29	IMP1 RNP granule
Q14103	F85A2E29	IMP1 RNP granule
P05388	F85A2E29	IMP1 RNP granule
Q09161	F85A2E29	IMP1 RNP granule
P23396	F85A2E29	IMP1 RNP granule
Q99729	F85A2E29	IMP1 RNP granule
P60709	F85A2E29	IMP1 RNP granule
P14866	F85A2E29	IMP1 RNP granule
Q00839	F85A2E29	IMP1 RNP granule
P61247	F85A2E29	IMP1 RNP granule
Q9UKV8	F85A2E29	IMP1 RNP granule
P62701	F85A2E29	IMP1 RNP granule
Q06787	F85A2E29	IMP1 RNP granule
P22626	F85A2E29	IMP1 RNP granule
O60506	F85A2E29	IMP1 RNP granule
Q86U42	F85A2E29	IMP1 RNP granule
P32588	22369FCF	Synthetic Condensate 000029
P26599	22369FCF	Synthetic Condensate 000029
P26599	31BA30E7	Synthetic Condensate 000023
P16333	28618213	Synthetic Condensate 000040
Q9VHG5	5A480847	Insulator body
P08985	49BCF3D0	Histone Locus Body
A1Z8C4	49BCF3D0	Histone Locus Body
O22315	9A8A194B	Nuclear speckle
Q06787	D83843FA	Synthetic Condensate 000055
A9QM73	60F64496	P-body
Q64337	D12E4DB9	Stress granule
P32588	33BF1E0E	Synthetic Condensate 000053
P04147	6E49930B	Synthetic Condensate 000065
J3QQ18	2B18F727	Synthetic Condensate 000056
Q92973	25CCE98C	Synthetic Condensate 000047
Q9Y4X5	6F24707C	Cajal body
P08228	D12E4DB9	Stress granule
Q76E23	60F64496	P-body
P45973	9F05356D	Synthetic Condensate 000062
J3QQ18	452A98AF	Synthetic Condensate 000046
Q42404	9A8A194B	Nuclear speckle
Q8VY74	9A8A194B	Nuclear speckle
P83916	984F3092	Synthetic Condensate 000063
P62750	6AB35885	Synthetic Condensate 000052
Q8N5A5	6F24707C	Cajal body
Q14207	6F24707C	Cajal body
Q8IYM9	6F24707C	Cajal body
Q96RS0	6F24707C	Cajal body
Q96HW7	6F24707C	Cajal body
P35269	6F24707C	Cajal body
Q14331	6F24707C	Cajal body
O95402	6F24707C	Cajal body
P63162	6F24707C	Cajal body
O95453	6F24707C	Cajal body
O14746	6F24707C	Cajal body
Q9H633	6F24707C	Cajal body
Q5W0Q7	6F24707C	Cajal body
O14980	6F24707C	Cajal body
Q9UBY9	6F24707C	Cajal body
P61289	6F24707C	Cajal body
Q14978	6F24707C	Cajal body
P08579	6F24707C	Cajal body
P63267	6F24707C	Cajal body
Q06787	6F24707C	Cajal body
P08621	6F24707C	Cajal body
P63165	6F24707C	Cajal body
Q9H840	6F24707C	Cajal body
Q9NY26	6F24707C	Cajal body
O94906	6F24707C	Cajal body
P17480	6F24707C	Cajal body
Q9UKL3	6F24707C	Cajal body
Q6IQ16	6F24707C	Cajal body
O14893	6F24707C	Cajal body
P62314	6F24707C	Cajal body
P62308	6F24707C	Cajal body
P38432	6F24707C	Cajal body
Q9NPE3	6F24707C	Cajal body
Q13148	6F24707C	Cajal body
P49368	6F24707C	Cajal body
Q9GZU8	6F24707C	Cajal body
O60832	6F24707C	Cajal body
Q8TEQ6	6F24707C	Cajal body
Q9Y2X3	6F24707C	Cajal body
P09661	6F24707C	Cajal body
Q9NRM2	6F24707C	Cajal body
Q9H089	6F24707C	Cajal body
P62304	6F24707C	Cajal body
Q7L014	6F24707C	Cajal body
Q7Z6G8	6F24707C	Cajal body
Q8WXD5	6F24707C	Cajal body
Q86TB9	6F24707C	Cajal body
Q9Y265	6F24707C	Cajal body
Q14011	6F24707C	Cajal body
P62316	6F24707C	Cajal body
Q99986	6F24707C	Cajal body
Q9NWZ8	6F24707C	Cajal body
Q16637	6F24707C	Cajal body
Q96CJ1	6F24707C	Cajal body
Q9H244	6F24707C	Cajal body
Q96GM8	6F24707C	Cajal body
Q9Y3F4	6F24707C	Cajal body
Q9BPY3	6F24707C	Cajal body
Q96JC9	6F24707C	Cajal body
O00567	6F24707C	Cajal body
P22626	92722620	Synthetic Condensate 000059
P06748	A3AA02E8	Synthetic Condensate 000061
P02550	43F5F736	Synthetic Condensate 000068
P02554	43F5F736	Synthetic Condensate 000068
P06748	71F78BB1	Synthetic Condensate 000049
P06493	6F24707C	Cajal body
Q92793	6F24707C	Cajal body
Q8RWN5	9A8A194B	Nuclear speckle
Q9SD61	9A8A194B	Nuclear speckle
Q6NT76	6F24707C	Cajal body
Q9Y230	6F24707C	Cajal body
O22703	9A8A194B	Nuclear speckle
Q1PDV2	9A8A194B	Nuclear speckle
Q8L7W3	9A8A194B	Nuclear speckle
Q9XFR5	9A8A194B	Nuclear speckle
O82804	9A8A194B	Nuclear speckle
Q8L3X8	9A8A194B	Nuclear speckle
Q9SY88	9A8A194B	Nuclear speckle
Q9CAN3	9A8A194B	Nuclear speckle
P43254	9A8A194B	Nuclear speckle
F4HVZ5	9A8A194B	Nuclear speckle
Q9LY75	9A8A194B	Nuclear speckle
Q944A2	60F64496	P-body
P46777	A3AA02E8	Synthetic Condensate 000061
P52293	D12E4DB9	Stress granule
P93831	9A8A194B	Nuclear speckle
Q15020	6F24707C	Cajal body
P06748	6AB35885	Synthetic Condensate 000052
P10636-8	43F5F736	Synthetic Condensate 000068
Q8VI94	D12E4DB9	Stress granule
P35637	CEC93CD4	Synthetic Condensate 000048
Q60865	D12E4DB9	Stress granule
P45973	98A5DA6D	Synthetic Condensate 000066
P10636-8	5E3205E2	Synthetic Condensate 000064
P52912	D12E4DB9	Stress granule
P49312	D12E4DB9	Stress granule
P35922	D12E4DB9	Stress granule
P31750	D12E4DB9	Stress granule
Q61545	D12E4DB9	Stress granule
P97801	D12E4DB9	Stress granule
O70305	D12E4DB9	Stress granule
P62960	D12E4DB9	Stress granule
Q8K310	D12E4DB9	Stress granule
P23116	D12E4DB9	Stress granule
P17225	D12E4DB9	Stress granule
Q6NZJ6	D12E4DB9	Stress granule
Q9JM55	D12E4DB9	Stress granule
P78352-3	2B18F727	Synthetic Condensate 000056
Q13148	85C30F04	Synthetic Condensate 000057
Q13148	ED4B3785	Synthetic Condensate 000058
P56959	D12E4DB9	Stress granule
P35637	6F24707C	Cajal body
P26599	CEC93CD4	Synthetic Condensate 000048
P39936	CEC93CD4	Synthetic Condensate 000048
Q9SUC3	60F64496	P-body
P22626	85C30F04	Synthetic Condensate 000057
Q13823	71F78BB1	Synthetic Condensate 000049
Q9W4H9	2838EF58	Centrosome
Q8WXF1	1A18FFC4	Paraspeckle
P13496	2838EF58	Centrosome
Q9VJQ6	2838EF58	Centrosome
P48436	1A18FFC4	Paraspeckle
Q9UHD9	139BF52E	Synthetic Condensate 000072
O60479	1A18FFC4	Paraspeckle
Q5HY92	1A18FFC4	Paraspeckle
Q5TGY3	1A18FFC4	Paraspeckle
P51531	1A18FFC4	Paraspeckle
P17028	1A18FFC4	Paraspeckle
Q9H165	1A18FFC4	Paraspeckle
P35637	1A18FFC4	Paraspeckle
Q96EP5	1A18FFC4	Paraspeckle
Q9NRF2	1A18FFC4	Paraspeckle
Q13148	1A18FFC4	Paraspeckle
O75177	1A18FFC4	Paraspeckle
O75494	1A18FFC4	Paraspeckle
Q9ULX6	1A18FFC4	Paraspeckle
Q6NSI3	1A18FFC4	Paraspeckle
Q96J87	1A18FFC4	Paraspeckle
P98170	1A18FFC4	Paraspeckle
Q08211	1A18FFC4	Paraspeckle
V9GYY5	1A18FFC4	Paraspeckle
P61129	1A18FFC4	Paraspeckle
Q9BQ04	1A18FFC4	Paraspeckle
Q9H4Z2	1A18FFC4	Paraspeckle
P31942	1A18FFC4	Paraspeckle
Q05519	1A18FFC4	Paraspeckle
P61978	1A18FFC4	Paraspeckle
Q2YD98	1A18FFC4	Paraspeckle
P13498	1A18FFC4	Paraspeckle
Q5T447	1A18FFC4	Paraspeckle
Q32P51	1A18FFC4	Paraspeckle
P38159	1A18FFC4	Paraspeckle
Q9NTZ6	1A18FFC4	Paraspeckle
Q16630	1A18FFC4	Paraspeckle
P31943	1A18FFC4	Paraspeckle
P04637	1A18FFC4	Paraspeckle
Q96PK6	1A18FFC4	Paraspeckle
Q96KG9	1A18FFC4	Paraspeckle
P15976	1A18FFC4	Paraspeckle
Q8NCA5	1A18FFC4	Paraspeckle
P51532	1A18FFC4	Paraspeckle
Q8N0Y2	1A18FFC4	Paraspeckle
Q14157	1A18FFC4	Paraspeckle
Q9Y2L1	1A18FFC4	Paraspeckle
P52597	1A18FFC4	Paraspeckle
Q03252	1A18FFC4	Paraspeckle
Q8N5P1	1A18FFC4	Paraspeckle
Q8TC92	1A18FFC4	Paraspeckle
Q9Y580	1A18FFC4	Paraspeckle
Q13761	1A18FFC4	Paraspeckle
Q86U42	1A18FFC4	Paraspeckle
P09651	1A18FFC4	Paraspeckle
Q14011	1A18FFC4	Paraspeckle
O43809	1A18FFC4	Paraspeckle
Q9BWF3	1A18FFC4	Paraspeckle
Q9H0B3	1A18FFC4	Paraspeckle
Q5U5Q3	1A18FFC4	Paraspeckle
P98179	1A18FFC4	Paraspeckle
P23246	1A18FFC4	Paraspeckle
Q9TZQ3	75CAE956	Synthetic Condensate 000075
Q9BXT4	6F24707C	Cajal body
Q9XUB2	0F0CDB11	Synthetic Condensate 000073
G5EBV6	0F0CDB11	Synthetic Condensate 000073
Q9VQM0	2838EF58	Centrosome
P0CG48	139BF52E	Synthetic Condensate 000072
Q9XYP7	2838EF58	Centrosome
Q9XYP8	2838EF58	Centrosome
P37276	2838EF58	Centrosome
Q9VAS9	2838EF58	Centrosome
Q24117	2838EF58	Centrosome
Q9VGI4	2838EF58	Centrosome
O61267	2838EF58	Centrosome
P46150	2838EF58	Centrosome
Q9VHP9	2838EF58	Centrosome
Q9XZ31	2838EF58	Centrosome
Q9VAC8	2838EF58	Centrosome
Q9VC64	2838EF58	Centrosome
Q9NBD7	2838EF58	Centrosome
Q9VEZ3	2838EF58	Centrosome
A1YK02	2838EF58	Centrosome
O76932	2838EF58	Centrosome
Q9VNE4	2838EF58	Centrosome
Q7KSK2	2838EF58	Centrosome
Q9VJE5	2838EF58	Centrosome
M9ND89	2838EF58	Centrosome
Q9VI72	2838EF58	Centrosome
Q9W1A3	2838EF58	Centrosome
Q9VDR7	2838EF58	Centrosome
P54623	2838EF58	Centrosome
P18431	2838EF58	Centrosome
Q9VTY6	2838EF58	Centrosome
Q2PDW6	2838EF58	Centrosome
Q9VV79	2838EF58	Centrosome
Q9VC45	2838EF58	Centrosome
Q9VZF5	2838EF58	Centrosome
P52304	2838EF58	Centrosome
Q960Z0	2838EF58	Centrosome
Q6NQZ5	2838EF58	Centrosome
Q8T0S6	2838EF58	Centrosome
Q9W0G7	2838EF58	Centrosome
Q9GPJ1	2838EF58	Centrosome
P20439	2838EF58	Centrosome
Q9VQN8	2838EF58	Centrosome
Q9VZ62	2838EF58	Centrosome
Q9W1U1	2838EF58	Centrosome
Q7K0E3	2838EF58	Centrosome
A1Z8P9	2838EF58	Centrosome
Q7K180	2838EF58	Centrosome
P48451	2838EF58	Centrosome
Q9VRF2	2838EF58	Centrosome
Q9VT70	2838EF58	Centrosome
A0A0B4JD97	2838EF58	Centrosome
Q400N2	2838EF58	Centrosome
Q95RA8	2838EF58	Centrosome
Q9W3N8	2838EF58	Centrosome
P02828	2838EF58	Centrosome
P20480	2838EF58	Centrosome
Q9V877	2838EF58	Centrosome
O60500	17687E46	Synthetic Condensate 000078
P42212	17687E46	Synthetic Condensate 000078
P23257	2838EF58	Centrosome
Q9TZQ3	985E7A25	Synthetic Condensate 000077
Q92804	1A18FFC4	Paraspeckle
O60500	6340D055	Synthetic Condensate 000071
G5EBV6	75CAE956	Synthetic Condensate 000075
O43390	1A18FFC4	Paraspeckle
Q9BUJ2	1A18FFC4	Paraspeckle
Q15233	1A18FFC4	Paraspeckle
A0A0B4KG66	2838EF58	Centrosome
Q96FZ7	1A18FFC4	Paraspeckle
M9MSL4	2838EF58	Centrosome
P34331-2	240400BD	Synthetic Condensate 000102
P55795	7FF43F25	Synthetic Condensate 000087
Q8TCS8	5965E019	mtRNA granule
Q9GZQ8	F5639AB0	Synthetic Condensate 000096
Q95XR4	F6300417	Synthetic Condensate 000082
A8J209	EA8B71D1	Pyrenoid
Q24044	2838EF58	Centrosome
A8HPS9	EA8B71D1	Pyrenoid
P0CG48	F5639AB0	Synthetic Condensate 000096
Q9P805	5113914A	Synthetic Condensate 000100
O13828	5113914A	Synthetic Condensate 000100
Q96I99	5965E019	mtRNA granule
Q6IN84	5965E019	mtRNA granule
O95900	5965E019	mtRNA granule
Q6P087	5965E019	mtRNA granule
Q14296	5965E019	mtRNA granule
Q8WVM0	5965E019	mtRNA granule
Q8NE86	5965E019	mtRNA granule
O15091	5965E019	mtRNA granule
Q6PI48	5965E019	mtRNA granule
Q7L2E3	5965E019	mtRNA granule
Q8NC60	5965E019	mtRNA granule
Q9NUL7	5965E019	mtRNA granule
P23368	5965E019	mtRNA granule
Q12849	5965E019	mtRNA granule
Q8IYB8	5965E019	mtRNA granule
O00411	5965E019	mtRNA granule
O75127	5965E019	mtRNA granule
P82933	5965E019	mtRNA granule
Q9NYY8	5965E019	mtRNA granule
Q7L8L6	5965E019	mtRNA granule
Q96CM3	5965E019	mtRNA granule
Q9Y2R9	5965E019	mtRNA granule
Q53R41	5965E019	mtRNA granule
Q9HC36	5965E019	mtRNA granule
Q9HD33	5965E019	mtRNA granule
Q92552	5965E019	mtRNA granule
Q5JTZ9	5965E019	mtRNA granule
Q8WV60	5965E019	mtRNA granule
Q8N983	5965E019	mtRNA granule
O75616	5965E019	mtRNA granule
Q92665	5965E019	mtRNA granule
Q9H5Q4	5965E019	mtRNA granule
Q7X8Q2	EA8B71D1	Pyrenoid
Q9UI43	5965E019	mtRNA granule
P09651-1	48F3BEDE	Synthetic Condensate 000099
Q07889	AB997901	Synthetic Condensate 000089
Q96TA2	5965E019	mtRNA granule
Q99714	5965E019	mtRNA granule
O14979	D0F20FEF	Synthetic Condensate 000090
O43561-2	AB997901	Synthetic Condensate 000089
P24928	C4E5F0B6	Synthetic Condensate 000109
Q01844	0B2C2654	Synthetic Condensate 000105
G8JLB6	6625DDE5	Synthetic Condensate 000086
O94752	5113914A	Synthetic Condensate 000100
Q32P51	552B0C4E	Synthetic Condensate 000091
Q7K3L1	2838EF58	Centrosome
Q75VY8	EA8B71D1	Pyrenoid
Q9VIF5	2838EF58	Centrosome
P91870	2839F8E0	Synthetic Condensate 000108
O94752	CE90FC77	Synthetic Condensate 000084
Q15811	C2ED57FB	Synthetic Condensate 000110
G5EDE7	5A404BB6	Synthetic Condensate 000106
Q13501	1822EB5E	Synthetic Condensate 000092
Q96E29	5965E019	mtRNA granule
Q8WXF1	5D9BA5D6	Synthetic Condensate 000093
P91349	5A404BB6	Synthetic Condensate 000106
O13828	BADB2D85	Synthetic Condensate 000094
P17600	C2ED57FB	Synthetic Condensate 000110
Q9VY77	2838EF58	Centrosome
O97143	2838EF58	Centrosome
A0A2K3DQI7	EA8B71D1	Pyrenoid
O94752	BADB2D85	Synthetic Condensate 000094
P62993	AB997901	Synthetic Condensate 000089
A8HSU1	EA8B71D1	Pyrenoid
Q6Y682	EA8B71D1	Pyrenoid
O24426	EA8B71D1	Pyrenoid
Q66YD0	EA8B71D1	Pyrenoid
A8HWS8	EA8B71D1	Pyrenoid
Q75VY9	EA8B71D1	Pyrenoid
A0A0M5MUP5	EA8B71D1	Pyrenoid
A8INR7	EA8B71D1	Pyrenoid
Q6SA05	EA8B71D1	Pyrenoid
A6YT86	EA8B71D1	Pyrenoid
A8IXG3	EA8B71D1	Pyrenoid
Q8GTZ9	EA8B71D1	Pyrenoid
Q84V18	EA8B71D1	Pyrenoid
Q6QJE1	EA8B71D1	Pyrenoid
A8HT91	EA8B71D1	Pyrenoid
A8IIK4	EA8B71D1	Pyrenoid
A8J5D4	EA8B71D1	Pyrenoid
A8I686	EA8B71D1	Pyrenoid
A8IEF7	EA8B71D1	Pyrenoid
A8JB36	EA8B71D1	Pyrenoid
A0A2K3E6Y0	EA8B71D1	Pyrenoid
A8IE32	EA8B71D1	Pyrenoid
A8HUP3	EA8B71D1	Pyrenoid
A8J6R5	EA8B71D1	Pyrenoid
A8JGB1	EA8B71D1	Pyrenoid
Q6QJE0	EA8B71D1	Pyrenoid
Q84Y02	EA8B71D1	Pyrenoid
O64927	EA8B71D1	Pyrenoid
A8IT08	EA8B71D1	Pyrenoid
A8JC54	EA8B71D1	Pyrenoid
A8IKC8	EA8B71D1	Pyrenoid
O81648	EA8B71D1	Pyrenoid
A8HPG8	EA8B71D1	Pyrenoid
A8I2V7	EA8B71D1	Pyrenoid
Q75NZ3	EA8B71D1	Pyrenoid
A8I1D3	EA8B71D1	Pyrenoid
A0A2K3DML6	EA8B71D1	Pyrenoid
A0A2K3CV27	EA8B71D1	Pyrenoid
A8ITV3	EA8B71D1	Pyrenoid
A8HVN7	EA8B71D1	Pyrenoid
A8J525	EA8B71D1	Pyrenoid
A8I9G7	EA8B71D1	Pyrenoid
A8IL32	EA8B71D1	Pyrenoid
A0A2K3E7A5	EA8B71D1	Pyrenoid
A8JGJ6	EA8B71D1	Pyrenoid
P00873	EA8B71D1	Pyrenoid
P91349	2839F8E0	Synthetic Condensate 000108
Q9TZQ3	F6300417	Synthetic Condensate 000082
G5EBV6	F6300417	Synthetic Condensate 000082
G5EC37	F6300417	Synthetic Condensate 000082
P33240	8E58DEA8	Synthetic Condensate 000081
A0A024RB53	EA2D28A3	Synthetic Condensate 000095
Q14103	EC23E69A	Synthetic Condensate 000107
P91870	2665D7F9	Synthetic Condensate 000097
P52912	B61E46D6	Synthetic Condensate 000104
Q13501	F5639AB0	Synthetic Condensate 000096
Q7L0Y3	5965E019	mtRNA granule
P18031	AB997901	Synthetic Condensate 000089
A0A2K3DN68	EA8B71D1	Pyrenoid
A8HX70	EA8B71D1	Pyrenoid
P91349	240400BD	Synthetic Condensate 000102
Q9NVV4	5965E019	mtRNA granule
E9Q7G0	01CA17F3	Centrosome
P60766	01CA17F3	Centrosome
Q64702	01CA17F3	Centrosome
Q99104	01CA17F3	Centrosome
Q9R0L6	01CA17F3	Centrosome
P97313	01CA17F3	Centrosome
P42208	01CA17F3	Centrosome
P33215	01CA17F3	Centrosome
Q62159	01CA17F3	Centrosome
O35942	01CA17F3	Centrosome
P63005	01CA17F3	Centrosome
Q9QYJ3	01CA17F3	Centrosome
P08752	01CA17F3	Centrosome
Q8BUK6	01CA17F3	Centrosome
P25206	01CA17F3	Centrosome
P48725	01CA17F3	Centrosome
P41209	01CA17F3	Centrosome
O54887	01CA17F3	Centrosome
Q9Z265	01CA17F3	Centrosome
Q8R3P9	01CA17F3	Centrosome
Q8BMQ3	01CA17F3	Centrosome
Q8K057	01CA17F3	Centrosome
Q922G7	01CA17F3	Centrosome
Q8K4K1	01CA17F3	Centrosome
Q8CJ27	01CA17F3	Centrosome
Q3URD3	01CA17F3	Centrosome
O88708	01CA17F3	Centrosome
P31750	01CA17F3	Centrosome
Q6NZK8	01CA17F3	Centrosome
Q80U87	01CA17F3	Centrosome
Q7TQJ1	01CA17F3	Centrosome
Q7TSG1	01CA17F3	Centrosome
Q9CQ25	01CA17F3	Centrosome
Q6ZQ12	01CA17F3	Centrosome
Q99NH2	01CA17F3	Centrosome
Q62074	01CA17F3	Centrosome
O08553	01CA17F3	Centrosome
P31938	01CA17F3	Centrosome
Q9CZA6	01CA17F3	Centrosome
Q6A078	01CA17F3	Centrosome
Q64695	01CA17F3	Centrosome
Q9DAJ2	01CA17F3	Centrosome
Q921G8	01CA17F3	Centrosome
P29594	01CA17F3	Centrosome
Q61043	01CA17F3	Centrosome
Q9ET47	01CA17F3	Centrosome
Q60610	01CA17F3	Centrosome
Q8R4H2	01CA17F3	Centrosome
O35594	01CA17F3	Centrosome
Q99JB8	01CA17F3	Centrosome
Q8C1Z7	01CA17F3	Centrosome
Q02956	01CA17F3	Centrosome
Q8R0L9	01CA17F3	Centrosome
P48964	01CA17F3	Centrosome
Q8CID0	01CA17F3	Centrosome
Q9JI70	01CA17F3	Centrosome
P97310	01CA17F3	Centrosome
Q9Z101	01CA17F3	Centrosome
P70453	01CA17F3	Centrosome
Q9R1K9	01CA17F3	Centrosome
Q9Z1N2	01CA17F3	Centrosome
Q80UF4	01CA17F3	Centrosome
P49717	01CA17F3	Centrosome
Q9Z0Y1	01CA17F3	Centrosome
Q9R207	01CA17F3	Centrosome
A2AL36	01CA17F3	Centrosome
O35280	01CA17F3	Centrosome
P20612	01CA17F3	Centrosome
Q9WVE8	01CA17F3	Centrosome
P23116	01CA17F3	Centrosome
P00536	01CA17F3	Centrosome
Q6P5D4	01CA17F3	Centrosome
Q7TSJ6	01CA17F3	Centrosome
Q921M4	01CA17F3	Centrosome
P12023	01CA17F3	Centrosome
P28867	01CA17F3	Centrosome
P23475	01CA17F3	Centrosome
Q7TMK6	01CA17F3	Centrosome
Q9JK88	01CA17F3	Centrosome
A6H687	01CA17F3	Centrosome
P26450	01CA17F3	Centrosome
Q8K4R9	01CA17F3	Centrosome
Q61881	01CA17F3	Centrosome
Q8K4E0	01CA17F3	Centrosome
P27641	01CA17F3	Centrosome
Q9WUV0	01CA17F3	Centrosome
E9Q8Q6	01CA17F3	Centrosome
P83887	01CA17F3	Centrosome
Q9ERR1	01CA17F3	Centrosome
Q9JMD0	01CA17F3	Centrosome
Q8BKN5	01CA17F3	Centrosome
P16879	01CA17F3	Centrosome
Q9JJ66	01CA17F3	Centrosome
Q61532	01CA17F3	Centrosome
Q9JLG4	01CA17F3	Centrosome
Q70FJ1	01CA17F3	Centrosome
Q9DC51	01CA17F3	Centrosome
Q63932	01CA17F3	Centrosome
Q61686	01CA17F3	Centrosome
O35648	01CA17F3	Centrosome
Q61187	01CA17F3	Centrosome
Q9JMG3	01CA17F3	Centrosome
G5E8P0	01CA17F3	Centrosome
Q61025	01CA17F3	Centrosome
Q9Z207	01CA17F3	Centrosome
D6RBZ0	6C24B33F	Synthetic Condensate 000116
Q7TME2	01CA17F3	Centrosome
A8HNG8	EA8B71D1	Pyrenoid
P17600	84137BFC	Synthetic Condensate 000112
Q13151	0B6FB1B0	Synthetic Condensate 000115
A8I9A1	EA8B71D1	Pyrenoid
A8J6H7	EA8B71D1	Pyrenoid
A8IWK2	EA8B71D1	Pyrenoid
P04050	777112DF	Synthetic Condensate 000111
A8J0B1	EA8B71D1	Pyrenoid
Q84U22	EA8B71D1	Pyrenoid
A8HXA9	EA8B71D1	Pyrenoid
Q9ZSJ4	EA8B71D1	Pyrenoid
Q75VY6	EA8B71D1	Pyrenoid
A8IYM0	EA8B71D1	Pyrenoid
A8HSV0	EA8B71D1	Pyrenoid
A1YSB4	EA8B71D1	Pyrenoid
A8J8T6	EA8B71D1	Pyrenoid
A0A2K3D5H4	EA8B71D1	Pyrenoid
P05726	EA8B71D1	Pyrenoid
Q94ET8	EA8B71D1	Pyrenoid
A8J635	EA8B71D1	Pyrenoid
Q92804-2	6449F681	Synthetic Condensate 000113
Q92777	84137BFC	Synthetic Condensate 000112
P47811	01CA17F3	Centrosome
Q9QUI0	01CA17F3	Centrosome
P58854	01CA17F3	Centrosome
Q5EG47	01CA17F3	Centrosome
A2AM05	01CA17F3	Centrosome
P35761	01CA17F3	Centrosome
P20152	01CA17F3	Centrosome
Q61644	01CA17F3	Centrosome
Q02248	01CA17F3	Centrosome
A3KGV1	01CA17F3	Centrosome
Q9UER7	A1835F71	Synthetic Condensate 000128
O43791	5D403D55	Synthetic Condensate 000119
Q91ZR4	01CA17F3	Centrosome
P51991	A3E85EF1	Synthetic Condensate 000117
Q15759	B5B9A610	PML body
Q14164	B5B9A610	PML body
O43791	C93AFFD2	Synthetic Condensate 000131
P61956	B5B9A610	PML body
P04050	917A6517	Synthetic Condensate 000120
Q92777	4543C70E	Synthetic Condensate 000118
P28653	01CA17F3	Centrosome
Q6A065	01CA17F3	Centrosome
A0A0G2JMS6	B5B9A610	PML body
P49718	01CA17F3	Centrosome
P01023	B5B9A610	PML body
Q6NT76	B5B9A610	PML body
P04156	7A2E2A6F	Synthetic Condensate 000125
P17600	0D48A13A	Synthetic Condensate 000121
Q61166	01CA17F3	Centrosome
P15408	B5B9A610	PML body
O43309	B5B9A610	PML body
Q969Q0	B5B9A610	PML body
Q9H2X6	B5B9A610	PML body
Q09472	B5B9A610	PML body
P23497	B5B9A610	PML body
P63165	B5B9A610	PML body
Q14149	B5B9A610	PML body
Q9Y2K1	B5B9A610	PML body
P29590	B5B9A610	PML body
Q6PCD5	B5B9A610	PML body
Q99607	B5B9A610	PML body
P63279	B5B9A610	PML body
Q9HB58	B5B9A610	PML body
Q13501	B5B9A610	PML body
Q8IYW5	B5B9A610	PML body
Q96EP1	B5B9A610	PML body
Q00987	B5B9A610	PML body
P15927	B5B9A610	PML body
Q86UC2	B5B9A610	PML body
Q9UKA9	B5B9A610	PML body
Q16236	B5B9A610	PML body
Q9NVV9	B5B9A610	PML body
Q14191	B5B9A610	PML body
O75150	B5B9A610	PML body
P29590-12	B5B9A610	PML body
P18887	B5B9A610	PML body
P04150	B5B9A610	PML body
Q6UWX4	B5B9A610	PML body
Q6NX45	B5B9A610	PML body
O75943	B5B9A610	PML body
Q96MF7	B5B9A610	PML body
P00519	B5B9A610	PML body
Q06609	B5B9A610	PML body
G2XKQ0	B5B9A610	PML body
P43004	B5B9A610	PML body
P10276	B5B9A610	PML body
Q6EEV6	B5B9A610	PML body
Q6NXT1	B5B9A610	PML body
P60484	B5B9A610	PML body
P33076	B5B9A610	PML body
P16333	B5B9A610	PML body
P55854	B5B9A610	PML body
Q9UFD9	B5B9A610	PML body
P16104	B5B9A610	PML body
P04637	B5B9A610	PML body
Q9UBP6	B5B9A610	PML body
Q9Y3R0	B5B9A610	PML body
Q674X7	B5B9A610	PML body
Q9Y4E5	B5B9A610	PML body
P10242	B5B9A610	PML body
Q9BW11	B5B9A610	PML body
O75928	B5B9A610	PML body
Q9NS56	B5B9A610	PML body
O14980	B5B9A610	PML body
P07196	B5B9A610	PML body
Q01826	B5B9A610	PML body
P51532	B5B9A610	PML body
Q96K62	B5B9A610	PML body
Q8NBZ0	B5B9A610	PML body
Q15583	B5B9A610	PML body
P11021	B5B9A610	PML body
O75925	B5B9A610	PML body
Q1MSJ5	B5B9A610	PML body
Q96RE7	B5B9A610	PML body
Q92794	B5B9A610	PML body
O15350	B5B9A610	PML body
Q8IZ83	B5B9A610	PML body
Q9NX09	B5B9A610	PML body
P62136	B5B9A610	PML body
Q53H80	B5B9A610	PML body
P10415	B5B9A610	PML body
Q6IE36	B5B9A610	PML body
Q8IYT2	B5B9A610	PML body
Q96SB8	B5B9A610	PML body
Q8NC69	B5B9A610	PML body
Q14974	B5B9A610	PML body
Q86W67	B5B9A610	PML body
Q92793	B5B9A610	PML body
Q8N2W9	B5B9A610	PML body
Q9UBW7	B5B9A610	PML body
Q8IUH3	B5B9A610	PML body
O60269	B5B9A610	PML body
Q8IY18	B5B9A610	PML body
P08047	B5B9A610	PML body
Q6PEW1	B5B9A610	PML body
P78317	B5B9A610	PML body
Q9NRA8	B5B9A610	PML body
P13056	B5B9A610	PML body
Q9Y3M2	B5B9A610	PML body
Q13535	B5B9A610	PML body
O60934	B5B9A610	PML body
Q8NG27	B5B9A610	PML body
P46100	B5B9A610	PML body
P54274	B5B9A610	PML body
P23511	B5B9A610	PML body
Q9ULX6	B5B9A610	PML body
Q9Y3B7	B5B9A610	PML body
Q6VMQ6	B5B9A610	PML body
Q9UER7	B5B9A610	PML body
Q9NQM4	B5B9A610	PML body
Q9NQB0	B5B9A610	PML body
P55072	B5B9A610	PML body
Q16987	A310D5D6	Synthetic Condensate 000126
O54863	01CA17F3	Centrosome
Q16987	873B6374	Synthetic Condensate 000122
P27694	B5B9A610	PML body
Q06851	A310D5D6	Synthetic Condensate 000126
P39517	1D5AA081	Synthetic Condensate 000123
B1MUE1	37FB04D7	Synthetic Condensate 000157
Q13148	CC266C53	Synthetic Condensate 000179
P42212	12F82FB5	Synthetic Condensate 000142
P42212	CDDB7C63	Synthetic Condensate 000147
P00873	93AE757A	Synthetic Condensate 000154
A0A2K3DA85	B70647E2	Synthetic Condensate 000160
P62694	9321DD1F	Synthetic Condensate 000162
B7JA25	B70647E2	Synthetic Condensate 000160
G5EC37	0F455885	Synthetic Condensate 000172
P34331-2	49499F59	Synthetic Condensate 000132
P42212	07D09420	Synthetic Condensate 000144
A0A2K3DA85	294DEF4F	Synthetic Condensate 000159
O60500	84374B0C	Synthetic Condensate 000158
P16333	B6F3E647	Synthetic Condensate 000176
Q95XR4	D8841629	Synthetic Condensate 000136
P19622	634B234B	Synthetic Condensate 000180
P40337	5AAA2F68	Synthetic Condensate 000140
O08816	170524B4	Synthetic Condensate 000168
Q15648	DBAF6C49	Synthetic Condensate 000170
Q15648	7EC67CCE	Synthetic Condensate 000169
O60500	170524B4	Synthetic Condensate 000168
B7JA24	B70647E2	Synthetic Condensate 000160
Q01860	0DCC03B3	Synthetic Condensate 000178
Q15648	7231FD3C	Synthetic Condensate 000185
C5MKY7	7EC67CCE	Synthetic Condensate 000169
P16753-2	A32542C0	Synthetic Condensate 000183
P06100	A777E0F8	P-body
B1MUE8	9AFE287E	Synthetic Condensate 000149
B7JB30	EED4A971	Synthetic Condensate 000152
P39517	12F82FB5	Synthetic Condensate 000142
P55854	E0298522	Synthetic Condensate 000165
A0A2K3DA85	5ED75EB5	Synthetic Condensate 000145
G5EC37	D8841629	Synthetic Condensate 000136
P16333	170524B4	Synthetic Condensate 000168
G5EDE7	49499F59	Synthetic Condensate 000132
G5EBV6	0F455885	Synthetic Condensate 000172
B7JB29	EED4A971	Synthetic Condensate 000152
A0A0G2UMW8	AC4402D9	Synthetic Condensate 000139
P24784	CDDB7C63	Synthetic Condensate 000147
P38203	A777E0F8	P-body
P95648	294DEF4F	Synthetic Condensate 000159
P16333	84374B0C	Synthetic Condensate 000158
P32909	A777E0F8	P-body
A0A2K3DA85	EED4A971	Synthetic Condensate 000152
P10275	EEE9EDCA	Synthetic Condensate 000155
Q15648	06422D8E	Synthetic Condensate 000175
Q9NQI0	A21D42E2	Synthetic Condensate 000153
B1MUE9	502D4027	Synthetic Condensate 000161
P05067	2C639066	Synthetic Condensate 000143
P24784	A5E21351	Synthetic Condensate 000135
O75928	E0298522	Synthetic Condensate 000165
O60885	DBAF6C49	Synthetic Condensate 000170
P04716	5ED75EB5	Synthetic Condensate 000145
Q02875	A777E0F8	P-body
P36041	A777E0F8	P-body
Q12514	A777E0F8	P-body
Q6WNK7	A777E0F8	P-body
P53316	A777E0F8	P-body
P10080	A777E0F8	P-body
P53297	A777E0F8	P-body
P16862	A777E0F8	P-body
P06102	A777E0F8	P-body
P50109	A777E0F8	P-body
P57743	A777E0F8	P-body
P53849	A777E0F8	P-body
P50896	A777E0F8	P-body
P05453	A777E0F8	P-body
Q12123	A777E0F8	P-body
P27636	A777E0F8	P-body
P38798	A777E0F8	P-body
Q02773	A777E0F8	P-body
P47977	A777E0F8	P-body
Q06151	A777E0F8	P-body
P20433	A777E0F8	P-body
Q99383	A777E0F8	P-body
P06169	A777E0F8	P-body
P29295	A777E0F8	P-body
P40070	A777E0F8	P-body
P53905	A777E0F8	P-body
P34087	A777E0F8	P-body
P53280	A777E0F8	P-body
P30657	A777E0F8	P-body
P04147	A777E0F8	P-body
P00546	A777E0F8	P-body
P39935	A777E0F8	P-body
Q12517	A777E0F8	P-body
P25491	A777E0F8	P-body
P34909	A777E0F8	P-body
P53829	A777E0F8	P-body
P06105	A777E0F8	P-body
P25655	A777E0F8	P-body
P38293	A777E0F8	P-body
P32831	A777E0F8	P-body
P25644	A777E0F8	P-body
P48412	A777E0F8	P-body
P25555	A777E0F8	P-body
P38934	A777E0F8	P-body
P07260	A777E0F8	P-body
P06634	A777E0F8	P-body
P53550	A777E0F8	P-body
P39517	A777E0F8	P-body
P32770	A777E0F8	P-body
P15992	A777E0F8	P-body
P08018	A777E0F8	P-body
P38199	A777E0F8	P-body
Q08831	A777E0F8	P-body
P38760	A777E0F8	P-body
P30771	A777E0F8	P-body
P16892	A777E0F8	P-body
P32501	A777E0F8	P-body
P40356	A777E0F8	P-body
P00873	25ECCE88	Synthetic Condensate 000148
C5MKY7	6E3E4A3C	Synthetic Condensate 000164
Q15648	BADFB975	Synthetic Condensate 000187
P42212	A5E21351	Synthetic Condensate 000135
P07987	9321DD1F	Synthetic Condensate 000162
A0A2K3DA85	863EAD4F	Synthetic Condensate 000138
Q9H9S0	2217B16D	Synthetic Condensate 000173
P24784	28F07613	Synthetic Condensate 000134
G5EC37	A3406C3E	Synthetic Condensate 000146
Q9NQI0	CC266C53	Synthetic Condensate 000179
A0A2K3DA85	7F3F31A7	Synthetic Condensate 000171
A0A2K3DA85	93AE757A	Synthetic Condensate 000154
P12385	A777E0F8	P-body
P39998	A777E0F8	P-body
B1MUF0	33B67FEA	Synthetic Condensate 000151
O08816	84374B0C	Synthetic Condensate 000158
P38254	A777E0F8	P-body
P40089	A777E0F8	P-body
P18566	7F3F31A7	Synthetic Condensate 000171
Q95XR4	50E9090F	Synthetic Condensate 000137
B1MUE4	ECE45DA7	Synthetic Condensate 000150
K7EK33	950B8BA2	Synthetic Condensate 000133
O08816	B6F3E647	Synthetic Condensate 000176
P91870	49499F59	Synthetic Condensate 000132
Q6ZRV2	804901D1	Nuclear speckle
Q9H9S0	20D775CC	Synthetic Condensate 000188
Q14966	804901D1	Nuclear speckle
Q16665	804901D1	Nuclear speckle
Q8TC56	804901D1	Nuclear speckle
P35637	804901D1	Nuclear speckle
P57052	804901D1	Nuclear speckle
P49841	804901D1	Nuclear speckle
Q16629	804901D1	Nuclear speckle
Q01081	804901D1	Nuclear speckle
Q86U44	804901D1	Nuclear speckle
Q8WYA6	804901D1	Nuclear speckle
P19544	804901D1	Nuclear speckle
Q9NWB1	804901D1	Nuclear speckle
Q96GM8	804901D1	Nuclear speckle
Q9Y6Y0	804901D1	Nuclear speckle
Q15648	804901D1	Nuclear speckle
P51816	804901D1	Nuclear speckle
P18583	804901D1	Nuclear speckle
P17066	804901D1	Nuclear speckle
P82979	804901D1	Nuclear speckle
Q8WWM7	804901D1	Nuclear speckle
Q02040	804901D1	Nuclear speckle
Q8IYF1	804901D1	Nuclear speckle
Q96S94	804901D1	Nuclear speckle
Q96T37	804901D1	Nuclear speckle
O95232	804901D1	Nuclear speckle
P52739	804901D1	Nuclear speckle
Q9UBU9	804901D1	Nuclear speckle
P62995	804901D1	Nuclear speckle
P0C7X2	804901D1	Nuclear speckle
Q8IZD2	804901D1	Nuclear speckle
Q66PJ3	804901D1	Nuclear speckle
Q9UMS4	804901D1	Nuclear speckle
Q8N3C0	804901D1	Nuclear speckle
Q9NR00	804901D1	Nuclear speckle
O00422	804901D1	Nuclear speckle
Q96N46	804901D1	Nuclear speckle
P50613	804901D1	Nuclear speckle
Q9NVI1	804901D1	Nuclear speckle
P50750	804901D1	Nuclear speckle
Q13905	804901D1	Nuclear speckle
P84103	804901D1	Nuclear speckle
Q04206	804901D1	Nuclear speckle
Q15428	804901D1	Nuclear speckle
Q9NVM6	804901D1	Nuclear speckle
Q6P6C2	804901D1	Nuclear speckle
P36897	804901D1	Nuclear speckle
Q96QD9	804901D1	Nuclear speckle
Q9Y3M2	804901D1	Nuclear speckle
P25685	804901D1	Nuclear speckle
Q12906	804901D1	Nuclear speckle
Q03518	804901D1	Nuclear speckle
Q9Y3Y2	804901D1	Nuclear speckle
P52298	804901D1	Nuclear speckle
O75643	804901D1	Nuclear speckle
P09012	804901D1	Nuclear speckle
Q8IZL2	804901D1	Nuclear speckle
P61326	804901D1	Nuclear speckle
Q9P0U4	804901D1	Nuclear speckle
Q13526	804901D1	Nuclear speckle
Q96ME1	804901D1	Nuclear speckle
Q9H093	804901D1	Nuclear speckle
Q9BZJ0	804901D1	Nuclear speckle
Q9NYF8	804901D1	Nuclear speckle
O60885	804901D1	Nuclear speckle
Q09028	804901D1	Nuclear speckle
P84090	804901D1	Nuclear speckle
Q9H0G5	804901D1	Nuclear speckle
Q13427	804901D1	Nuclear speckle
P40763	804901D1	Nuclear speckle
Q86X55	804901D1	Nuclear speckle
Q05066	804901D1	Nuclear speckle
P50222	804901D1	Nuclear speckle
Q86WT6	804901D1	Nuclear speckle
P09661	804901D1	Nuclear speckle
Q14004	804901D1	Nuclear speckle
P38919	804901D1	Nuclear speckle
P11362	804901D1	Nuclear speckle
Q9H1I8	804901D1	Nuclear speckle
Q07955	804901D1	Nuclear speckle
Q8IYB3	804901D1	Nuclear speckle
Q86YP4	804901D1	Nuclear speckle
P06493	804901D1	Nuclear speckle
Q13435	804901D1	Nuclear speckle
Q9UPS6	804901D1	Nuclear speckle
O43781	804901D1	Nuclear speckle
Q9H244	804901D1	Nuclear speckle
Q92598	804901D1	Nuclear speckle
Q9UER7	804901D1	Nuclear speckle
P62877	804901D1	Nuclear speckle
Q86U42	804901D1	Nuclear speckle
Q8WXF1	804901D1	Nuclear speckle
P08579	804901D1	Nuclear speckle
P17676	804901D1	Nuclear speckle
Q9BZ67	804901D1	Nuclear speckle
Q969G3	804901D1	Nuclear speckle
Q86U06	804901D1	Nuclear speckle
O43670	804901D1	Nuclear speckle
O43447	804901D1	Nuclear speckle
Q00839	804901D1	Nuclear speckle
Q9C0B1	804901D1	Nuclear speckle
Q9H9J4	804901D1	Nuclear speckle
P63165	804901D1	Nuclear speckle
P26599	804901D1	Nuclear speckle
P25788	804901D1	Nuclear speckle
Q13247	804901D1	Nuclear speckle
Q9ULX6	804901D1	Nuclear speckle
Q15287	804901D1	Nuclear speckle
P84022	804901D1	Nuclear speckle
O75494	804901D1	Nuclear speckle
Q13618	804901D1	Nuclear speckle
P55199	804901D1	Nuclear speckle
Q9Y383	804901D1	Nuclear speckle
P08621	804901D1	Nuclear speckle
Q8TF01	804901D1	Nuclear speckle
Q2KHN1	804901D1	Nuclear speckle
O75934	804901D1	Nuclear speckle
Q8N5F7	804901D1	Nuclear speckle
Q15020	804901D1	Nuclear speckle
Q15637	804901D1	Nuclear speckle
P26368	804901D1	Nuclear speckle
Q96SQ7	804901D1	Nuclear speckle
P51531	804901D1	Nuclear speckle
Q96MU7	804901D1	Nuclear speckle
Q3ZCQ8	804901D1	Nuclear speckle
Q86V81	804901D1	Nuclear speckle
P23769	77377E79	Synthetic Condensate 000190
Q9TXM1	3209C5A5	Synthetic Condensate 000193
Q96CJ1	804901D1	Nuclear speckle
P48431	50D32664	Synthetic Condensate 000192
Q15648	50D32664	Synthetic Condensate 000192
P19659	279CD642	Synthetic Condensate 000197
J3QQ18	848A4BCD	Synthetic Condensate 000228
D8V196	A0C76C25	Synthetic Condensate 000210
P25644	A771B61B	Synthetic Condensate 000236
Q2Q9Z6	1EC76F9B	Synthetic Condensate 000230
J3QQ18	A08D2591	Synthetic Condensate 000245
J3QQ18	A81FC5A0	Synthetic Condensate 000233
Q03513	6EF1C41E	Synthetic Condensate 000225
P10636	804901D1	Nuclear speckle
Q61686	0C73AF1D	Synthetic Condensate 000242
O60563	F4B231E0	Synthetic Condensate 000208
P00698	870FBEC9	Synthetic Condensate 000218
Q4ACU6	6D6C8CDE	Synthetic Condensate 000237
P78352-3	848A4BCD	Synthetic Condensate 000228
Q9D415	A81FC5A0	Synthetic Condensate 000233
P39517	A771B61B	Synthetic Condensate 000236
Q9D415	A08D2591	Synthetic Condensate 000245
Q8N884	C34F94B5	Synthetic Condensate 000199
Q4ACU6	E9A74F70	Synthetic Condensate 000227
Q4ACU6	A08D2591	Synthetic Condensate 000245
P25644	DFF57E3B	Synthetic Condensate 000241
Q9D415	88B1263E	Synthetic Condensate 000240
P03069	3BAE19B2	Synthetic Condensate 000201
Q9D415	6D6C8CDE	Synthetic Condensate 000237
Q96JK9	804901D1	Nuclear speckle
O15047	804901D1	Nuclear speckle
Q9UKV8	804901D1	Nuclear speckle
Q8WXI9	804901D1	Nuclear speckle
Q13627	804901D1	Nuclear speckle
Q9NQ29	804901D1	Nuclear speckle
Q9HCG8	804901D1	Nuclear speckle
Q92585	804901D1	Nuclear speckle
Q9Y230	804901D1	Nuclear speckle
Q15007	804901D1	Nuclear speckle
Q13535	804901D1	Nuclear speckle
P23246	804901D1	Nuclear speckle
O14980	804901D1	Nuclear speckle
Q9UJ72	804901D1	Nuclear speckle
O15234	804901D1	Nuclear speckle
O15527	804901D1	Nuclear speckle
Q16630	804901D1	Nuclear speckle
O43791	804901D1	Nuclear speckle
P49760	804901D1	Nuclear speckle
Q5JVS0	804901D1	Nuclear speckle
Q15459	804901D1	Nuclear speckle
Q8N9N2	804901D1	Nuclear speckle
Q96I25	804901D1	Nuclear speckle
Q9Y2W1	804901D1	Nuclear speckle
P43628	804901D1	Nuclear speckle
Q9NRA8	804901D1	Nuclear speckle
Q7L014	804901D1	Nuclear speckle
O60563	804901D1	Nuclear speckle
Q6PJT7	804901D1	Nuclear speckle
Q13838	804901D1	Nuclear speckle
Q9UQ35	804901D1	Nuclear speckle
P52824	804901D1	Nuclear speckle
O75152	804901D1	Nuclear speckle
P02545	804901D1	Nuclear speckle
Q9UJ70	804901D1	Nuclear speckle
P0DMV8	804901D1	Nuclear speckle
O15042	804901D1	Nuclear speckle
Q9UKY1	804901D1	Nuclear speckle
Q08170	804901D1	Nuclear speckle
Q9H2U1	804901D1	Nuclear speckle
P61011	804901D1	Nuclear speckle
Q12874	804901D1	Nuclear speckle
Q9BWG6	804901D1	Nuclear speckle
Q01844	804901D1	Nuclear speckle
P22626	804901D1	Nuclear speckle
Q8NDT2	804901D1	Nuclear speckle
Q92766	804901D1	Nuclear speckle
Q9Y6X2	804901D1	Nuclear speckle
Q8WYQ5	804901D1	Nuclear speckle
P51532	804901D1	Nuclear speckle
Q09161	804901D1	Nuclear speckle
O75554	804901D1	Nuclear speckle
P25490	804901D1	Nuclear speckle
Q5HYJ3	804901D1	Nuclear speckle
Q9UK58	804901D1	Nuclear speckle
P05388	804901D1	Nuclear speckle
P42768	804901D1	Nuclear speckle
P04716	6EF1C41E	Synthetic Condensate 000225
Q15648	BF2F133A	Synthetic Condensate 000204
P0AEX9	29DC92C3	Synthetic Condensate 000232
Q12905	804901D1	Nuclear speckle
Q9NSC5	A81FC5A0	Synthetic Condensate 000233
P03372	BF2F133A	Synthetic Condensate 000204
Q06787	671877C5	Synthetic Condensate 000209
P18573	69D46933	Synthetic Condensate 000224
P16554	DD124B01	Synthetic Condensate 000205
Q9NSC5	6DD039B3	Synthetic Condensate 000229
Q9Z214-3	A08D2591	Synthetic Condensate 000245
Q15365	804901D1	Nuclear speckle
Q96JC9	804901D1	Nuclear speckle
Q9Y2N7	804901D1	Nuclear speckle
Q13148	95CA54FE	Synthetic Condensate 000215
P09651-2	95CA54FE	Synthetic Condensate 000215
Q9W4I7	DD124B01	Synthetic Condensate 000205
P04716	29B486D9	Synthetic Condensate 000221
P00698	783B6188	Synthetic Condensate 000211
Q9TXM1	97E999E0	Synthetic Condensate 000219
Q9XUB2	97E999E0	Synthetic Condensate 000219
G5EBV6	B30D3E4B	Synthetic Condensate 000234
P24928	F4B231E0	Synthetic Condensate 000208
P78352-3	A81FC5A0	Synthetic Condensate 000233
P08287	B19EA3C3	Synthetic Condensate 000214
Q9NSC5	F7E61417	Synthetic Condensate 000244
P09651	804901D1	Nuclear speckle
Q9TXM1	B30D3E4B	Synthetic Condensate 000234
P0A9A6	7BA5F8B6	Synthetic Condensate 000223
Q9NSC5	6D6C8CDE	Synthetic Condensate 000237
A0A0G2UHG9	34EE5EA1	Synthetic Condensate 000239
P78352-3	FCE689D0	Synthetic Condensate 000238
P0C093	7BA5F8B6	Synthetic Condensate 000223
O60563	16670A7A	Synthetic Condensate 000207
P01012	783B6188	Synthetic Condensate 000211
Q13148	29DC92C3	Synthetic Condensate 000232
Q9D415	FCE689D0	Synthetic Condensate 000238
O75319	804901D1	Nuclear speckle
Q13542	671877C5	Synthetic Condensate 000209
P01012	DFAB25C5	Synthetic Condensate 000216
Q4ACU6	FCE689D0	Synthetic Condensate 000238
P39517	DFF57E3B	Synthetic Condensate 000241
Q4ACU6	D23CAB07	Synthetic Condensate 000243
Q60598	9F5326C7	Synthetic Condensate 000213
O00571	88CBB25B	Synthetic Condensate 000222
P23769	178CF9FC	Synthetic Condensate 000200
Q15648	178CF9FC	Synthetic Condensate 000200
Q4ACU6	A81FC5A0	Synthetic Condensate 000233
P0C093	86211E4F	Synthetic Condensate 000220
P25655	DFF57E3B	Synthetic Condensate 000241
Q9W4I7	65A6D83D	Synthetic Condensate 000203
Q9Z214-1	FCE689D0	Synthetic Condensate 000238
J3QQ18	88B1263E	Synthetic Condensate 000240
Q13627	0769205F	Synthetic Condensate 000206
Q4ACU6	88B1263E	Synthetic Condensate 000240
P23771	ECBAC048	MegaTrans enhancer complex
P04642	246D7041	Chromatoid body
P79083	F5301D48	Stress granule
Q80XP8	3F0300C2	Nuclear speckle
Q5M9G3	1E07FF65	Neuronal RNP granule
P62907	34881ED2	Nucleolus
P15502	47E1BA53	Synthetic Condensate 000249
P67874	34881ED2	Nucleolus
Q15424	81D2A7B6	Nuclear stress body
G1SWW8	97EBEFF3	Nucleolus
P62960	8BEB9125	Cajal body
P35550	8BEB9125	Cajal body
Q8SWR8	558B70E9	Synthetic Condensate 000263
P32337	21A3CED6	Synthetic Condensate 000267
J3QQ18	624CA2FF	Synthetic Condensate 000247
P49185	1E07FF65	Neuronal RNP granule
Q68FV8	246D7041	Chromatoid body
Q6LED0	246D7041	Chromatoid body
P62804	246D7041	Chromatoid body
D3ZRT2	246D7041	Chromatoid body
P00787	246D7041	Chromatoid body
P14562	246D7041	Chromatoid body
P31000	246D7041	Chromatoid body
P05503	246D7041	Chromatoid body
P10247	246D7041	Chromatoid body
Q4QRB4	246D7041	Chromatoid body
Q6QDX6	246D7041	Chromatoid body
P78352-3	624CA2FF	Synthetic Condensate 000247
P52293	3F0300C2	Nuclear speckle
P62705	B4774FF5	Nucleolus
F1R810	6EB88474	Birc5b assembly
G1SEK1	97EBEFF3	Nucleolus
P30658	3F0300C2	Nuclear speckle
P35637	94A6FFB4	Synthetic Condensate 000253
O13759	F5301D48	Stress granule
Q80WE1	1E07FF65	Neuronal RNP granule
Q91V33	1E07FF65	Neuronal RNP granule
P62497	97EBEFF3	Nucleolus
P61765	34881ED2	Nucleolus
P62282	34881ED2	Nucleolus
P62083	34881ED2	Nucleolus
P63245	34881ED2	Nucleolus
P62890	34881ED2	Nucleolus
Q12530	7CAF9006	Tam body
Q92973	94A6FFB4	Synthetic Condensate 000253
Q9ET50	1E07FF65	Neuronal RNP granule
Q9SL49	A9BEEE91	Sirna body
Q9LDX1	A9BEEE91	Sirna body
Q8K3X6	F1DB9E1E	Signaling cluster
P62796	9ED295E5	Nucleolus
Q41372	41EA8E74	Synthetic Condensate 000264
F1R237	0E1CE0E6	Germ granule
P32835	21A3CED6	Synthetic Condensate 000267
P04985	67447146	Synthetic Condensate 000250
Q9D415	624CA2FF	Synthetic Condensate 000247
O35134	8BEB9125	Cajal body
Q9QY16	246D7041	Chromatoid body
O94260	F5301D48	Stress granule
B5DE31	2A88FC49	P-body
P60322	AD9D4934	P-body
P63268	8BEB9125	Cajal body
Q9H3P2	81D2A7B6	Nuclear stress body
P33242	3F0300C2	Nuclear speckle
Q10425	F5301D48	Stress granule
P32835	94A6FFB4	Synthetic Condensate 000253
Q62376	3F0300C2	Nuclear speckle
P87048	F5301D48	Stress granule
P32835	28F24DDF	Synthetic Condensate 000256
Q8L3W1	A7832E2F	Synthetic Condensate 000252
P78953	3C2A39A9	Synthetic Condensate 000261
P62755	34881ED2	Nucleolus
Q07936	23113A41	PML body
Q00729	246D7041	Chromatoid body
P15502	694DAD9E	Synthetic Condensate 000259
M0R484	246D7041	Chromatoid body
Q03346	246D7041	Chromatoid body
P38336	7CAF9006	Tam body
P0DMW1	246D7041	Chromatoid body
P35637	80EB2636	Synthetic Condensate 000255
P52292	80EB2636	Synthetic Condensate 000255
F1LN29	1E07FF65	Neuronal RNP granule
P24928	81D2A7B6	Nuclear stress body
Q03933	81D2A7B6	Nuclear stress body
Q16629	81D2A7B6	Nuclear stress body
O08816	56808221	Signaling cluster
O04492	52A3D75E	Pericentriolar compartment
P62997	34881ED2	Nucleolus
P53297	1AFBA5D2	Synthetic Condensate 000248
O94916	81D2A7B6	Nuclear stress body
P61980	34881ED2	Nucleolus
P62898	246D7041	Chromatoid body
A0A0D9RS87	8E814538	Nuclear speckle
P97801	4700BF7B	SMN1 nuclear body
Q61471	AD9D4934	P-body
O14980	BC3C46DC	Synthetic Condensate 000257
P35555	694DAD9E	Synthetic Condensate 000259
P63283	A1E2A3BE	Nucleolus
P32337	9C0C01E2	Synthetic Condensate 000254
P02945	5E466542	Synthetic Condensate 000268
O09032	1E07FF65	Neuronal RNP granule
P35637	9C0C01E2	Synthetic Condensate 000254
P97801	8BEB9125	Cajal body
O94269	F5301D48	Stress granule
P62303	A1E2A3BE	Nucleolus
Q9NSC5	D23CAB07	Synthetic Condensate 000243
P38291	7CAF9006	Tam body
Q7ZUL7	0E1CE0E6	Germ granule
Q9SG02	A9BEEE91	Sirna body
O59810	F5301D48	Stress granule
P61515	34881ED2	Nucleolus
P62893	34881ED2	Nucleolus
Q6PDU1	8FEE509A	Nuclear speckle
P18615	81D2A7B6	Nuclear stress body
P35637	BC3C46DC	Synthetic Condensate 000257
Q00613	81D2A7B6	Nuclear stress body
P08908	7F2B39AE	Synthetic Condensate 000262
Q13242	81D2A7B6	Nuclear stress body
Q6ZWS8	3F0300C2	Nuclear speckle
A7VJC2	1E07FF65	Neuronal RNP granule
Q8IXH7	81D2A7B6	Nuclear stress body
Q7ZTZ4	26FE9D3B	Cajal body
Q5SU73	8BEB9125	Cajal body
H0V4U0	9CC59152	Nucleolus
Q64127	AD9D4934	P-body
Q61602	3F0300C2	Nuclear speckle
A0A178VCT0	A9BEEE91	Sirna body
P78954	F5301D48	Stress granule
Q7XZZ2	5F357AD4	CCR4-NOT1 complex
Q9D415	D23CAB07	Synthetic Condensate 000243
P35637	21A3CED6	Synthetic Condensate 000267
Q14974	80EB2636	Synthetic Condensate 000255
P60844	1209505D	Synthetic Condensate 000266
P35922	8BEB9125	Cajal body
P78352-3	D23CAB07	Synthetic Condensate 000243
P62849	5E82D60E	Nucleolus
P50528	576F0A76	Centrosome
Q5ADX8	1E246C77	Transcriptional condensate
Q683C9	33FCD62D	Centrosome
P53833	7CAF9006	Tam body
Q63531	B2E8AD81	Stress granule
Q5RKI1	B2E8AD81	Stress granule
Q21049	3E94B511	Presynaptic clusters
Q6GSS7	5E82D60E	Nucleolus
Q9LE82	33FCD62D	Centrosome
Q5AP80	1E246C77	Transcriptional condensate
Q59X67	1E246C77	Transcriptional condensate
O95049	CCFFAF5A	Junctional condensate
P62852	5E82D60E	Nucleolus
Q9Z2X5	A7E9CBB4	Postsynaptic density
P97836	A7E9CBB4	Postsynaptic density
P23772	D9A36668	Transcriptional condensate
Q10336	576F0A76	Centrosome
P36618	576F0A76	Centrosome
O00444	1DAEF59B	Pericentriolar matrix
P17066	BEB5E62D	Anisosome
Q9EPH8	B2E8AD81	Stress granule
P83882	5E82D60E	Nucleolus
P23201	D4C202DD	Polarisome
Q09898	576F0A76	Centrosome
Q9UST6	576F0A76	Centrosome
Q09933	576F0A76	Centrosome
Q9UTS6	576F0A76	Centrosome
O94242	576F0A76	Centrosome
Q9USQ2	576F0A76	Centrosome
O94360	576F0A76	Centrosome
Q10322	576F0A76	Centrosome
O59755	576F0A76	Centrosome
Q09825	576F0A76	Centrosome
O13947	576F0A76	Centrosome
Q10951	576F0A76	Centrosome
Q10218	576F0A76	Centrosome
O13839	576F0A76	Centrosome
Q7LL22	576F0A76	Centrosome
Q9P7Q8	576F0A76	Centrosome
Q10411	576F0A76	Centrosome
P41892	576F0A76	Centrosome
P36589	576F0A76	Centrosome
P87027	576F0A76	Centrosome
Q10430	576F0A76	Centrosome
Q10173	576F0A76	Centrosome
Q92376	576F0A76	Centrosome
O13961	576F0A76	Centrosome
Q9P7H1	576F0A76	Centrosome
Q10432	576F0A76	Centrosome
O74473	576F0A76	Centrosome
P87245	576F0A76	Centrosome
O14305	576F0A76	Centrosome
O14188	576F0A76	Centrosome
O13601	576F0A76	Centrosome
P24339	576F0A76	Centrosome
Q9Y705	576F0A76	Centrosome
Q9URY2	576F0A76	Centrosome
Q92351	576F0A76	Centrosome
P18296	576F0A76	Centrosome
O60187	576F0A76	Centrosome
P06778	C555D4ED	DNA damage foci
Q4G061	B2E8AD81	Stress granule
O08532	05A797AF	Presynaptic clusters
P11021	BEB5E62D	Anisosome
P0DTD1	38D1B6BE	SARS-CoV-2 condensate
O80588	33FCD62D	Centrosome
Q5A8T7	0971622F	Als5p amyloid
P84089	5E82D60E	Nucleolus
P62911	5E82D60E	Nucleolus
P62900	5E82D60E	Nucleolus
P61965	5E82D60E	Nucleolus
P68372	5E82D60E	Nucleolus
P62309	5E82D60E	Nucleolus
P62242	5E82D60E	Nucleolus
P61161	5E82D60E	Nucleolus
P62918	5E82D60E	Nucleolus
Q8CB77	5E82D60E	Nucleolus
P60843	5E82D60E	Nucleolus
P62245	5E82D60E	Nucleolus
Q8K3Y3	5E82D60E	Nucleolus
P0DTC9	38D1B6BE	SARS-CoV-2 condensate
Q96MT8	1DAEF59B	Pericentriolar matrix
O94986	1DAEF59B	Pericentriolar matrix
Q15154	1DAEF59B	Pericentriolar matrix
P10961	D77CF3DC	Nuclear stress body
P38786	7CAF9006	Tam body
Q8NI35	CCFFAF5A	Junctional condensate
Q80ZI1	5E82D60E	Nucleolus
P08775	D9A36668	Transcriptional condensate
Q61686	443AEDFE	Heterochromatin
O43781	8908B6CB	DYRK3 speckle
O44490	3E94B511	Presynaptic clusters
P31016	A7E9CBB4	Postsynaptic density
P11275	A7E9CBB4	Postsynaptic density
O08816	A7E9CBB4	Postsynaptic density
P62264	5E82D60E	Nucleolus
P20781	A7E9CBB4	Postsynaptic density
Q00960	A7E9CBB4	Postsynaptic density
P0DMV8	BEB5E62D	Anisosome
P11142	BEB5E62D	Anisosome
O13351	576F0A76	Centrosome
Q9US52	576F0A76	Centrosome
P34931	BEB5E62D	Anisosome
Q8N884	1A0B17A6	cGAS foci
Q9Y4E8	1A0B17A6	cGAS foci
Q5RKG9	B2E8AD81	Stress granule
P63074	B2E8AD81	Stress granule
Q5BJU2	B2E8AD81	Stress granule
Q7YU08	C9BBDF4E	RBFOX1 RNP granule
M9NFQ7	C9BBDF4E	RBFOX1 RNP granule
P40993	7CAF9006	Tam body
Q03555	A7E9CBB4	Postsynaptic density
P38208	7CAF9006	Tam body
D3ZU13	B2E8AD81	Stress granule
P28005	7CAF9006	Tam body
B3DL84	09A0EAB5	Centrosome
Q9Z2D6	443AEDFE	Heterochromatin
P42858	518B4F3F	Htt inclusion
Q5TCQ9	CCFFAF5A	Junctional condensate
Q86WV6	7F558BCC	STING phase-separator
P62878	5E82D60E	Nucleolus
F1M049	B2E8AD81	Stress granule
Q9UDY2	CCFFAF5A	Junctional condensate
O94487	576F0A76	Centrosome
O88935	05A797AF	Presynaptic clusters
Q9PUD9	D46705B1	Presynaptic clusters
Q10198	576F0A76	Centrosome
Q9UHD2	7F558BCC	STING phase-separator
Q07157	CCFFAF5A	Junctional condensate
P20236	A7E9CBB4	Postsynaptic density
P53218	7CAF9006	Tam body
Q6P3V8	B2E8AD81	Stress granule
P15992	67785C55	Hypersomatic shock foci
Q03690	67785C55	Hypersomatic shock foci
Q64337	3393144B	P62 cluster
Q9H3S7	E8F4C1F2	Sint speckle
F4JGP4	33FCD62D	Centrosome
Q9FGQ6	33FCD62D	Centrosome
P53010	67785C55	Hypersomatic shock foci
P19659	BE14A044	Transcriptional condensate
P00925	0F56F502	G-body
C3XWA2	8F16FF3E	Nuclear pore complex
P05453	67785C55	Hypersomatic shock foci
Q9FJJ5	33FCD62D	Centrosome
Q7XJ60	33FCD62D	Centrosome
Q94FN2	33FCD62D	Centrosome
Q9SG79	33FCD62D	Centrosome
Q56YN8	33FCD62D	Centrosome
A4GSN8	33FCD62D	Centrosome
B3H5K9	33FCD62D	Centrosome
Q9LX99	33FCD62D	Centrosome
Q9FG37	33FCD62D	Centrosome
Q9FQ25	33FCD62D	Centrosome
P38557	33FCD62D	Centrosome
Q9LU93	33FCD62D	Centrosome
P11139	33FCD62D	Centrosome
Q9M077	33FCD62D	Centrosome
F4HYD7	33FCD62D	Centrosome
Q9C9T3	33FCD62D	Centrosome
Q9FHN8	33FCD62D	Centrosome
Q94AH6	33FCD62D	Centrosome
Q9SEX2	33FCD62D	Centrosome
O64629	33FCD62D	Centrosome
Q9FHM4	33FCD62D	Centrosome
Q9LDN0	33FCD62D	Centrosome
P16862	0F56F502	G-body
P03418	21EC1620	Inclusion body
A0A3Q7I916	88794875	Transcriptional condensate
P03069	BE14A044	Transcriptional condensate
Q61545	764D0258	Neuronal RNP granule
P10126	764D0258	Neuronal RNP granule
Q61656	764D0258	Neuronal RNP granule
Q6NTV9	AC502520	Nucleolus
Q9M0N8	33FCD62D	Centrosome
Q99LF4	764D0258	Neuronal RNP granule
P32598	876000F7	Centrosome
Q9ZVJ3	33FCD62D	Centrosome
P07222	AC502520	Nucleolus
P25491	67785C55	Hypersomatic shock foci
P10592	67785C55	Hypersomatic shock foci
Q9FF75	33FCD62D	Centrosome
P14904	67785C55	Hypersomatic shock foci
P19097	67785C55	Hypersomatic shock foci
P25294	67785C55	Hypersomatic shock foci
P31539	67785C55	Hypersomatic shock foci
P54785	67785C55	Hypersomatic shock foci
P32288	67785C55	Hypersomatic shock foci
Q12329	67785C55	Hypersomatic shock foci
Q00764	67785C55	Hypersomatic shock foci
P34760	67785C55	Hypersomatic shock foci
P55072	550E224B	Proteasome condensate
P54727	550E224B	Proteasome condensate
Q05086	550E224B	Proteasome condensate
Q6GLI9	AC502520	Nucleolus
P36126	876000F7	Centrosome
P40014	876000F7	Centrosome
Q8BJW6	764D0258	Neuronal RNP granule
Q8VEK3	764D0258	Neuronal RNP granule
Q9Z0N2	764D0258	Neuronal RNP granule
Q60668	764D0258	Neuronal RNP granule
Q9WVR4	764D0258	Neuronal RNP granule
Q8R326	764D0258	Neuronal RNP granule
Q91VR5	764D0258	Neuronal RNP granule
P60824	764D0258	Neuronal RNP granule
O08583	764D0258	Neuronal RNP granule
Q7TMK9	764D0258	Neuronal RNP granule
Q9D7H3	764D0258	Neuronal RNP granule
Q99L45	764D0258	Neuronal RNP granule
P42669	764D0258	Neuronal RNP granule
P17879	764D0258	Neuronal RNP granule
Q61584	764D0258	Neuronal RNP granule
P49312	764D0258	Neuronal RNP granule
Q8VD12	764D0258	Neuronal RNP granule
Q9ERK0	764D0258	Neuronal RNP granule
P35922	764D0258	Neuronal RNP granule
Q5DTT2	764D0258	Neuronal RNP granule
Q9JJ11	764D0258	Neuronal RNP granule
Q99020	764D0258	Neuronal RNP granule
Q9R0U0	764D0258	Neuronal RNP granule
Q9ESN6	764D0258	Neuronal RNP granule
P09405	764D0258	Neuronal RNP granule
P27659	764D0258	Neuronal RNP granule
Q9CX86	764D0258	Neuronal RNP granule
Q7TN99	764D0258	Neuronal RNP granule
Q80U78	764D0258	Neuronal RNP granule
Q8CJ67	764D0258	Neuronal RNP granule
Q12421	4F15E4D1	ATG condensate
P10961	BE14A044	Transcriptional condensate
P35189	BE14A044	Transcriptional condensate
Q8C6L5	394AC681	cGAS foci
A7MCY6	E8F4C1F2	Sint speckle
Q0WQE7	33FCD62D	Centrosome
P54254	E86DA2C3	Nuclear body
Q03018	876000F7	Centrosome
P47149	876000F7	Centrosome
Q12248	876000F7	Centrosome
Q08457	876000F7	Centrosome
O35295	764D0258	Neuronal RNP granule
Q12092	4F15E4D1	ATG condensate
Q06628	4F15E4D1	ATG condensate
P53104	4F15E4D1	ATG condensate
O89086	764D0258	Neuronal RNP granule
P03421	21EC1620	Inclusion body
P25367	BA10A4D8	Htt inclusion
P53155	67785C55	Hypersomatic shock foci
P16861	0F56F502	G-body
P14540	0F56F502	G-body
P22232	AC502520	Nucleolus
P47113	876000F7	Centrosome
Q9JK83	296927EE	Par complex
P09922	E86DA2C3	Nuclear body
F4I2H7	33FCD62D	Centrosome
Q14596	3393144B	P62 cluster
Q62074	296927EE	Par complex
Q8VIJ6	764D0258	Neuronal RNP granule
Q9H6S1	E8F4C1F2	Sint speckle
S5DU62	8B6B23E7	P6 inclusion body
P11709	876000F7	Centrosome
Q06410	4F15E4D1	ATG condensate
P31539	BA10A4D8	Htt inclusion
Q9CUN6	3393144B	P62 cluster
P30822	876000F7	Centrosome
Q12143	876000F7	Centrosome
P14870	92558670	PML body
P35637	2C224C76	Synthetic Condensate 000284
P22626	2C224C76	Synthetic Condensate 000284
P52919	876000F7	Centrosome
O60500	589474B0	Synthetic Condensate 000287
Q14011	6209F224	Synthetic Condensate 000281
Q91820	7B3AF3B0	Centrosome
Q5EWX9	0DA90D7A	Nuclear pore complex
Q64K55	A42DF0C6	Synthetic Condensate 000285
P24928	33D42E40	Synthetic Condensate 000271
Q7ZXV8	7B3AF3B0	Centrosome
P38313	876000F7	Centrosome
J7I6Y1	54E74809	Nuclear pore complex
Q22053	EE0382A7	P-body
Q9PVZ2	0DA90D7A	Nuclear pore complex
P09651	6209F224	Synthetic Condensate 000281
G5EEH9	EE0382A7	P-body
Q9N363	EE0382A7	P-body
P05453	6209F224	Synthetic Condensate 000281
P22626	A3F53DF0	Synthetic Condensate 000272
P09651	A3F53DF0	Synthetic Condensate 000272
P35637	6209F224	Synthetic Condensate 000281
P31483	6209F224	Synthetic Condensate 000281
Q6ZN16	FBBE2A73	Synthetic Condensate 000275
Q13148	6209F224	Synthetic Condensate 000281
P98179	6209F224	Synthetic Condensate 000281
P05453	2C224C76	Synthetic Condensate 000284
Q94239	51423B36	Neuronal granule
Q21351	51423B36	Neuronal granule
P04049	D57F7ABA	Synthetic Condensate 000274
Q7Z5Q1	6209F224	Synthetic Condensate 000281
Q91820	D47533BE	Synthetic Condensate 000286
D0PV95	D57F7ABA	Synthetic Condensate 000274
K9ZTJ6	0DA90D7A	Nuclear pore complex
P04591	40C311B2	Stress granule
P32562	876000F7	Centrosome
P53168	876000F7	Centrosome
Q04477	876000F7	Centrosome
P38863	876000F7	Centrosome
P40568	876000F7	Centrosome
P32500	876000F7	Centrosome
P06786	876000F7	Centrosome
Q04746	876000F7	Centrosome
Q08931	876000F7	Centrosome
P46675	876000F7	Centrosome
Q03898	876000F7	Centrosome
P02557	876000F7	Centrosome
Q08490	876000F7	Centrosome
Q03954	876000F7	Centrosome
Q01919	876000F7	Centrosome
Q05955	876000F7	Centrosome
P32526	876000F7	Centrosome
Q12411	876000F7	Centrosome
P36131	876000F7	Centrosome
Q04431	876000F7	Centrosome
P50275	876000F7	Centrosome
P69852	876000F7	Centrosome
P47069	876000F7	Centrosome
P09733	876000F7	Centrosome
Q07732	876000F7	Centrosome
P36094	876000F7	Centrosome
Q12045	876000F7	Centrosome
P36022	876000F7	Centrosome
P53148	876000F7	Centrosome
P38903	876000F7	Centrosome
Q00684	876000F7	Centrosome
P53267	876000F7	Centrosome
P07834	876000F7	Centrosome
Q06616	876000F7	Centrosome
P33420	876000F7	Centrosome
P38198	876000F7	Centrosome
P32336	876000F7	Centrosome
P39723	876000F7	Centrosome
P33419	876000F7	Centrosome
P33895	876000F7	Centrosome
Q12365	876000F7	Centrosome
P32380	876000F7	Centrosome
P38987	876000F7	Centrosome
P09734	876000F7	Centrosome
P29295	876000F7	Centrosome
P53865	876000F7	Centrosome
P45819	876000F7	Centrosome
P30283	876000F7	Centrosome
P06704	876000F7	Centrosome
Q08550	876000F7	Centrosome
P23624	876000F7	Centrosome
Q01649	876000F7	Centrosome
P40316	876000F7	Centrosome
P69851	876000F7	Centrosome
P39731	876000F7	Centrosome
P14682	876000F7	Centrosome
P28742	876000F7	Centrosome
P27636	876000F7	Centrosome
Q12369	876000F7	Centrosome
P24871	876000F7	Centrosome
P06787	876000F7	Centrosome
P22204	876000F7	Centrosome
P53540	876000F7	Centrosome
P53159	876000F7	Centrosome
Q00772	876000F7	Centrosome
Q08692	876000F7	Centrosome
A2AUM9	017348A2	Synthetic Condensate 000276
O08816	589474B0	Synthetic Condensate 000287
Q5EAX5	0DA90D7A	Nuclear pore complex
P01116	D57F7ABA	Synthetic Condensate 000274
Q6DEC7	0DA90D7A	Nuclear pore complex
Q5XGN1	0DA90D7A	Nuclear pore complex
P35637	A3F53DF0	Synthetic Condensate 000272
K9ZRR1	54E74809	Nuclear pore complex
F4ID16	2E2EF814	Nuclear pore complex
Q8NB46	FBBE2A73	Synthetic Condensate 000275
Q6NZI2	86739B61	Synthetic Condensate 000279
P17119	876000F7	Centrosome
Q7ZXV8	D47533BE	Synthetic Condensate 000286
Q8NC56	38BEFE36	Synthetic Condensate 000277
Q92804	89D22CC2	Synthetic Condensate 000270
P24928	950D9077	Synthetic Condensate 000273
P22626	6209F224	Synthetic Condensate 000281
Q54EQ8	58AD3AE7	Nuclear pore complex
Q01844	33D42E40	Synthetic Condensate 000271
P26448	876000F7	Centrosome
G5EEH9	807266B4	Nuclear pore complex
P24869	876000F7	Centrosome
O62255	EE0382A7	P-body
Q9TYK1	EE0382A7	P-body
Q95YF3	EE0382A7	P-body
Q9U2F5	51423B36	Neuronal granule
P35637	89D22CC2	Synthetic Condensate 000270
P35637	950D9077	Synthetic Condensate 000273
Q01844	3C81F809	Synthetic Condensate 000288
Q01844	89D22CC2	Synthetic Condensate 000270
P15056	D57F7ABA	Synthetic Condensate 000274
Q01543	3C81F809	Synthetic Condensate 000288
P17156	DE1E139C	Chromatoid body
Q92804	58F5AC37	Synthetic Condensate 000283
P53859	BDAE0F88	Nucleolus
Q9EPU0	DE1E139C	Chromatoid body
P53335	BDAE0F88	Nucleolus
O96561	214630CE	Synthetic Condensate 000289
P25158	D9D613FC	Synthetic Condensate 000290
P09052	D9D613FC	Synthetic Condensate 000290
O60885	9355EE84	Synthetic Condensate 000292
Q922G7	DE1E139C	Chromatoid body
P69566	DE1E139C	Chromatoid body
Q9CPN8	DE1E139C	Chromatoid body
P53883	BDAE0F88	Nucleolus
P35194	BDAE0F88	Nucleolus
P35207	BDAE0F88	Nucleolus
Q12499	BDAE0F88	Nucleolus
P38712	BDAE0F88	Nucleolus
P27476	BDAE0F88	Nucleolus
Q07844	BDAE0F88	Nucleolus
P0C2H6	BDAE0F88	Nucleolus
Q08096	BDAE0F88	Nucleolus
Q04373	BDAE0F88	Nucleolus
P38911	BDAE0F88	Nucleolus
P40010	BDAE0F88	Nucleolus
Q04305	BDAE0F88	Nucleolus
Q06679	BDAE0F88	Nucleolus
P33750	BDAE0F88	Nucleolus
P10964	BDAE0F88	Nucleolus
P39516	BDAE0F88	Nucleolus
P24783	BDAE0F88	Nucleolus
Q12099	BDAE0F88	Nucleolus
P42846	BDAE0F88	Nucleolus
P36070	BDAE0F88	Nucleolus
P20436	BDAE0F88	Nucleolus
P20484	BDAE0F88	Nucleolus
P46948	BDAE0F88	Nucleolus
P40991	BDAE0F88	Nucleolus
P53256	BDAE0F88	Nucleolus
Q06631	BDAE0F88	Nucleolus
P25635	BDAE0F88	Nucleolus
Q07896	BDAE0F88	Nucleolus
Q04217	BDAE0F88	Nucleolus
Q08208	BDAE0F88	Nucleolus
Q08285	BDAE0F88	Nucleolus
P36080	BDAE0F88	Nucleolus
P35178	BDAE0F88	Nucleolus
P38786	BDAE0F88	Nucleolus
Q12213	BDAE0F88	Nucleolus
Q12220	BDAE0F88	Nucleolus
Q12460	BDAE0F88	Nucleolus
Q9JIR4	51D569B1	Synthetic Condensate 000294
Q9JIR0	51D569B1	Synthetic Condensate 000294
P48240	BDAE0F88	Nucleolus
Q01844	58F5AC37	Synthetic Condensate 000283
P24928	58F5AC37	Synthetic Condensate 000283
Q16236	5D6181E1	Synthetic Condensate 000293
Q12149	BDAE0F88	Nucleolus
Q12024	BDAE0F88	Nucleolus
P05214	DE1E139C	Chromatoid body
Q9CWZ3	DE1E139C	Chromatoid body
P61407	DE1E139C	Chromatoid body
Q60662	DE1E139C	Chromatoid body
Q149S1	DE1E139C	Chromatoid body
P70398	DE1E139C	Chromatoid body
Q8BKX6	DE1E139C	Chromatoid body
Q61545	DE1E139C	Chromatoid body
Q8BFY9	DE1E139C	Chromatoid body
Q08288	DE1E139C	Chromatoid body
P10126	DE1E139C	Chromatoid body
Q9D5P4	DE1E139C	Chromatoid body
Q8BG05	DE1E139C	Chromatoid body
Q9JJH7	DE1E139C	Chromatoid body
P11499	DE1E139C	Chromatoid body
Q8C2Q3	DE1E139C	Chromatoid body
Q9Z1X4	DE1E139C	Chromatoid body
P40336	DE1E139C	Chromatoid body
Q61656	DE1E139C	Chromatoid body
Q9Z321	DE1E139C	Chromatoid body
O35737	DE1E139C	Chromatoid body
Q32MG2	DE1E139C	Chromatoid body
Q99MW1	DE1E139C	Chromatoid body
O88569	DE1E139C	Chromatoid body
Q91VR5	DE1E139C	Chromatoid body
P11378	DE1E139C	Chromatoid body
P60843	DE1E139C	Chromatoid body
Q9JIB0	DE1E139C	Chromatoid body
Q9Z2C8	DE1E139C	Chromatoid body
Q8BP67	DE1E139C	Chromatoid body
P61406	DE1E139C	Chromatoid body
P33215	DE1E139C	Chromatoid body
Q0HA38	DE1E139C	Chromatoid body
Q99JF8	DE1E139C	Chromatoid body
Q9EQH3	DE1E139C	Chromatoid body
Q8BVN9	DE1E139C	Chromatoid body
P07901	DE1E139C	Chromatoid body
P68433	DE1E139C	Chromatoid body
O70133	DE1E139C	Chromatoid body
Q9CXW4	DE1E139C	Chromatoid body
P53996	DE1E139C	Chromatoid body
P63073	DE1E139C	Chromatoid body
Q8K1H1	DE1E139C	Chromatoid body
Q9JMB7	DE1E139C	Chromatoid body
Q9CXS4	DE1E139C	Chromatoid body
Q9Z130	DE1E139C	Chromatoid body
P16381	DE1E139C	Chromatoid body
Q61496	DE1E139C	Chromatoid body
P62996	DE1E139C	Chromatoid body
Q9CYG7	DE1E139C	Chromatoid body
Q61990	DE1E139C	Chromatoid body
P62264	DE1E139C	Chromatoid body
P60335	DE1E139C	Chromatoid body
Q6PDM2	DE1E139C	Chromatoid body
Q9CQL1	DE1E139C	Chromatoid body
Q99MV7	DE1E139C	Chromatoid body
Q8VD46	DE1E139C	Chromatoid body
Q61999	DE1E139C	Chromatoid body
Q9Z2X1	DE1E139C	Chromatoid body
Q8K3W3	DE1E139C	Chromatoid body
Q14BI7	DE1E139C	Chromatoid body
B2RR83	DE1E139C	Chromatoid body
O08716	DE1E139C	Chromatoid body
P00342	DE1E139C	Chromatoid body
Q5SUE7	DE1E139C	Chromatoid body
Q9QY15	DE1E139C	Chromatoid body
Q91VC3	DE1E139C	Chromatoid body
Q9D0E1	DE1E139C	Chromatoid body
P16333	589474B0	Synthetic Condensate 000287
O14686	9355EE84	Synthetic Condensate 000292
P25054	D8D47D1F	Synthetic Condensate 000297
O15169	D8D47D1F	Synthetic Condensate 000297
P35637	2CE6B729	Synthetic Condensate 000295
Q13501	5D6181E1	Synthetic Condensate 000293
Q14145	5D6181E1	Synthetic Condensate 000293
O43463	AF287C13	Synthetic Condensate 000326
P26368	C1EEEEF5	Synthetic Condensate 000309
P20591	348497F3	Synthetic Condensate 000321
P62995	318A8771	Synthetic Condensate 000319
Q06787	11D8DE05	Synthetic Condensate 000317
Q84TD8	6838ABCD	Synthetic Condensate 000303
Q9VSM9	28DCC277	Synthetic Condensate 000327
P23772	3521A8E2	Synthetic Condensate 000312
Q3TKT4	3521A8E2	Synthetic Condensate 000312
O16810	28DCC277	Synthetic Condensate 000327
Q14671	D212AE19	Synthetic Condensate 000305
Q01844	3521A8E2	Synthetic Condensate 000312
O15392	3F4CB227	Synthetic Condensate 000322
Q08962	BDAE0F88	Nucleolus
Q68FF6	D4281DD4	Synthetic Condensate 000311
P68431	76F9ED9B	Synthetic Condensate 000325
Q92804	D936E305	Synthetic Condensate 000298
Q24169	19512460	Synthetic Condensate 000336
Q07802	D0109C64	Synthetic Condensate 000306
P0DTC9	7A2955EF	Synthetic Condensate 000304
P68431	4F7E7B13	Synthetic Condensate 000323
P40381	4F7E7B13	Synthetic Condensate 000323
Q13148	E3E4F6CC	Synthetic Condensate 000302
P16333	1A926453	Synthetic Condensate 000307
P15646	BDAE0F88	Nucleolus
Q99207	BDAE0F88	Nucleolus
Q12176	BDAE0F88	Nucleolus
Q07457	8339491E	Synthetic Condensate 000329
Q02796	8339491E	Synthetic Condensate 000329
O04425	6838ABCD	Synthetic Condensate 000303
P20263	D70B1BED	Synthetic Condensate 000318
P0DTC9	2612F8DB	Synthetic Condensate 000313
Q53HL2	7230F6EA	Synthetic Condensate 000328
O35613	D41CB90A	Synthetic Condensate 000316
Q64337	D41CB90A	Synthetic Condensate 000316
P07437	B7348731	Synthetic Condensate 000301
P02792	D212AE19	Synthetic Condensate 000305
P22626	2612F8DB	Synthetic Condensate 000313
Q6NUF4	B7348731	Synthetic Condensate 000301
C9JJQ8	B7348731	Synthetic Condensate 000301
O15392	7230F6EA	Synthetic Condensate 000328
P38159	318A8771	Synthetic Condensate 000319
P28007	BDAE0F88	Nucleolus
P36160	BDAE0F88	Nucleolus
P38719	BDAE0F88	Nucleolus
P28000	BDAE0F88	Nucleolus
P22138	BDAE0F88	Nucleolus
P04786	BDAE0F88	Nucleolus
P38112	BDAE0F88	Nucleolus
P38333	BDAE0F88	Nucleolus
P53914	BDAE0F88	Nucleolus
Q12389	BDAE0F88	Nucleolus
P53261	BDAE0F88	Nucleolus
Q05946	BDAE0F88	Nucleolus
P45818	BDAE0F88	Nucleolus
Q05636	BDAE0F88	Nucleolus
Q08745	BDAE0F88	Nucleolus
Q08237	BDAE0F88	Nucleolus
P42945	BDAE0F88	Nucleolus
Q08235	BDAE0F88	Nucleolus
P22139	BDAE0F88	Nucleolus
Q08162	BDAE0F88	Nucleolus
Q03532	BDAE0F88	Nucleolus
P54780	BDAE0F88	Nucleolus
P07703	BDAE0F88	Nucleolus
P21304	BDAE0F88	Nucleolus
P32583	BDAE0F88	Nucleolus
P40362	BDAE0F88	Nucleolus
Q6Q547	BDAE0F88	Nucleolus
Q3E7Y3	BDAE0F88	Nucleolus
Q06132	BDAE0F88	Nucleolus
P20448	BDAE0F88	Nucleolus
P38336	BDAE0F88	Nucleolus
P38789	BDAE0F88	Nucleolus
Q04500	BDAE0F88	Nucleolus
P53927	BDAE0F88	Nucleolus
P25627	BDAE0F88	Nucleolus
P53734	BDAE0F88	Nucleolus
Q04177	BDAE0F88	Nucleolus
Q06511	BDAE0F88	Nucleolus
P33201	BDAE0F88	Nucleolus
Q08421	BDAE0F88	Nucleolus
P53743	BDAE0F88	Nucleolus
Q02354	BDAE0F88	Nucleolus
Q01080	BDAE0F88	Nucleolus
Q05022	BDAE0F88	Nucleolus
Q08965	BDAE0F88	Nucleolus
P39744	BDAE0F88	Nucleolus
Q08492	BDAE0F88	Nucleolus
P38961	BDAE0F88	Nucleolus
Q06506	BDAE0F88	Nucleolus
P25808	BDAE0F88	Nucleolus
P38792	BDAE0F88	Nucleolus
Q04225	BDAE0F88	Nucleolus
Q08273	BDAE0F88	Nucleolus
P39990	BDAE0F88	Nucleolus
Q12522	BDAE0F88	Nucleolus
P32495	BDAE0F88	Nucleolus
P33322	BDAE0F88	Nucleolus
P41819	BDAE0F88	Nucleolus
Q9ES28	D4281DD4	Synthetic Condensate 000311
Q88992	348497F3	Synthetic Condensate 000321
P56959	BC554416	Synthetic Condensate 000308
P68431	AF287C13	Synthetic Condensate 000326
P26599	1A926453	Synthetic Condensate 000307
Q9W102	19512460	Synthetic Condensate 000336
P03520	01BEC43A	Synthetic Condensate 000315
Q14444	11D8DE05	Synthetic Condensate 000317
P83916	AF287C13	Synthetic Condensate 000326
P45973	AF287C13	Synthetic Condensate 000326
Q13185	76F9ED9B	Synthetic Condensate 000325
P0DTC9	E3E4F6CC	Synthetic Condensate 000302
O16810	19512460	Synthetic Condensate 000336
Q07802	BC554416	Synthetic Condensate 000308
P24928	D936E305	Synthetic Condensate 000298
Q07802	3521A8E2	Synthetic Condensate 000312
P56959	3521A8E2	Synthetic Condensate 000312
P35637	7A2955EF	Synthetic Condensate 000304
O43463	76F9ED9B	Synthetic Condensate 000325
O13024	7230F6EA	Synthetic Condensate 000328
P68431	7230F6EA	Synthetic Condensate 000328
P29617	E9C70067	Synthetic Condensate 000299
Q53HL2	3F4CB227	Synthetic Condensate 000322
Q3TKT4	BC554416	Synthetic Condensate 000308
P09651	318A8771	Synthetic Condensate 000319
P45973	3F4CB227	Synthetic Condensate 000322
Q7K2L1	19512460	Synthetic Condensate 000336
Q07955	318A8771	Synthetic Condensate 000319
Q01844	D0109C64	Synthetic Condensate 000306
P47083	BDAE0F88	Nucleolus
P25586	BDAE0F88	Nucleolus
P40055	BDAE0F88	Nucleolus
Q925J9	D70B1BED	Synthetic Condensate 000318
Q21770	73A75392	P-granule
Q95QV8	73A75392	P-granule
P58555	96C56C72	Synthetic Condensate 000354
Q13185	8BB8BA7F	Synthetic Condensate 000324
O14686	2958074C	Synthetic Condensate 000352
Q02796	4081D115	Synthetic Condensate 000341
P00877	7E3E5BC3	Synthetic Condensate 000358
Q8JGN5	735EA068	Synthetic Condensate 000330
Q96C19	24B12ACB	Synthetic Condensate 000346
O14641	9E21F925	Synthetic Condensate 000351
O16810	477BAC9B	Synthetic Condensate 000340
Q7JVY2	477BAC9B	Synthetic Condensate 000340
Q15648	2958074C	Synthetic Condensate 000352
Q07352	44FCF654	Synthetic Condensate 000363
P06104	D12D7489	Synthetic Condensate 000333
P38182	7EE86442	Synthetic Condensate 000355
Q05753	4A9B7D75	Synthetic Condensate 000339
P16104	15E34471	Synthetic Condensate 000334
Q9NQS7	735EA068	Synthetic Condensate 000330
Q3KPK4	735EA068	Synthetic Condensate 000330
Q8C1S0	CB5AE2BC	Synthetic Condensate 000337
P07621	54B206F5	Synthetic Condensate 000335
G5EBV6	73A75392	P-granule
Q9VSM9	477BAC9B	Synthetic Condensate 000340
Q7K2L1	477BAC9B	Synthetic Condensate 000340
Q9Y1B2	477BAC9B	Synthetic Condensate 000340
Q24168	477BAC9B	Synthetic Condensate 000340
P35974	097E35FD	Synthetic Condensate 000345
P35637	44FCF654	Synthetic Condensate 000363
P81133	44FCF654	Synthetic Condensate 000363
P16333	A13F0EB5	Synthetic Condensate 000320
P22087	C4E5D2FC	Synthetic Condensate 000367
P14904	6697AF75	Synthetic Condensate 000332
O60885	67BDE49F	Synthetic Condensate 000353
P04150	AC924507	Synthetic Condensate 000331
P31483	0A6B6B10	Synthetic Condensate 000350
Q13263	8BB8BA7F	Synthetic Condensate 000324
Q94ET8	69B7DAF2	Synthetic Condensate 000360
Q8JGN5	A12AD357	Synthetic Condensate 000347
P68431	8BB8BA7F	Synthetic Condensate 000324
Q17345	73A75392	P-granule
Q08211	48DB1DAF	Synthetic Condensate 000364
P14904	35D5A3ED	Synthetic Condensate 000344
Q42029	4A9B7D75	Synthetic Condensate 000339
Q9UBN7	4CAAAA97	Synthetic Condensate 000349
P83916	8BB8BA7F	Synthetic Condensate 000324
Q9NQS7	A12AD357	Synthetic Condensate 000347
P32908	5F622AE2	Synthetic Condensate 000372
P08475	7E3E5BC3	Synthetic Condensate 000358
P17844	C4E5D2FC	Synthetic Condensate 000367
Q12888	15E34471	Synthetic Condensate 000334
P22087	3B1261D3	Synthetic Condensate 000365
P00873	7E3E5BC3	Synthetic Condensate 000358
Q07457	4081D115	Synthetic Condensate 000341
P22087	48DB1DAF	Synthetic Condensate 000364
Q966L9	73A75392	P-granule
Q17436	73A75392	P-granule
G5EFL0	73A75392	P-granule
Q21126	73A75392	P-granule
Q9TZK8	73A75392	P-granule
Q65XX1	73A75392	P-granule
G5EC37	73A75392	P-granule
G5EEH9	73A75392	P-granule
O01836	73A75392	P-granule
P91349	73A75392	P-granule
Q17740	73A75392	P-granule
Q8I4M5	73A75392	P-granule
Q23359	73A75392	P-granule
Q94131	73A75392	P-granule
Q9TZQ3	73A75392	P-granule
D0PV95	73A75392	P-granule
Q9U3A0	73A75392	P-granule
O62275	73A75392	P-granule
H2L067	73A75392	P-granule
Q9N303	73A75392	P-granule
G5EF15	73A75392	P-granule
Q95ZK7	73A75392	P-granule
Q17339	73A75392	P-granule
Q9XUB2	73A75392	P-granule
Q93413	73A75392	P-granule
Q20374	73A75392	P-granule
O62255	73A75392	P-granule
G5EF02	73A75392	P-granule
Q95YF3	73A75392	P-granule
O17087	73A75392	P-granule
Q9TXM1	73A75392	P-granule
G5ECB9	73A75392	P-granule
Q9TW45	73A75392	P-granule
G5EBQ3	73A75392	P-granule
Q95XR4	73A75392	P-granule
O45551	73A75392	P-granule
Q9XVI3	73A75392	P-granule
Q21127	73A75392	P-granule
P22087	B5F9EA4E	Synthetic Condensate 000369
P19338	B5F9EA4E	Synthetic Condensate 000369
Q04002	5F622AE2	Synthetic Condensate 000372
P40541	5F622AE2	Synthetic Condensate 000372
P40090	5F622AE2	Synthetic Condensate 000372
P47037	5F622AE2	Synthetic Condensate 000372
Q02796	D12D7489	Synthetic Condensate 000333
Q12158	5F622AE2	Synthetic Condensate 000372
P06104	4081D115	Synthetic Condensate 000341
Q94ET8	7E3E5BC3	Synthetic Condensate 000358
Q31NB3	04340D3C	Synthetic Condensate 000348
P34689	73A75392	P-granule
P35637	3B1261D3	Synthetic Condensate 000365
Q9W102	477BAC9B	Synthetic Condensate 000340
O14686	67BDE49F	Synthetic Condensate 000353
Q24169	477BAC9B	Synthetic Condensate 000340
Q13185	208F8600	Synthetic Condensate 000366
P22996	54B206F5	Synthetic Condensate 000335
Q9N363	73A75392	P-granule
O03042	69B7DAF2	Synthetic Condensate 000360
P68400	9B5B2FB8	Synthetic Condensate 000374
P35193	35D5A3ED	Synthetic Condensate 000344
Q9XW17	73A75392	P-granule
Q92547	D3B9EAFD	Synthetic Condensate 000362
P08775	CB5AE2BC	Synthetic Condensate 000337
P45973	208F8600	Synthetic Condensate 000366
Q89933	097E35FD	Synthetic Condensate 000345
P81133	0AEBFC12	Synthetic Condensate 000361
Q14596	98C8800A	Synthetic Condensate 000338
Q13148	4CAAAA97	Synthetic Condensate 000349
Q92793	9E21F925	Synthetic Condensate 000351
Q4V7H8	A12AD357	Synthetic Condensate 000347
Q13148	0A6B6B10	Synthetic Condensate 000350
Q15648	AC924507	Synthetic Condensate 000331
Q13501	98C8800A	Synthetic Condensate 000338
Q13535	D3B9EAFD	Synthetic Condensate 000362
Q24168	19512460	Synthetic Condensate 000336
P34216	7EE86442	Synthetic Condensate 000355
Q9Y1B2	19512460	Synthetic Condensate 000336
P00879	96C56C72	Synthetic Condensate 000354
P0CH28	D7FE2080	Nucleolus
Q3T0J9	D7FE2080	Nucleolus
G3MYW2	D7FE2080	Nucleolus
G3MX45	D7FE2080	Nucleolus
F1MFW8	D7FE2080	Nucleolus
Q5E9X4	D7FE2080	Nucleolus
F1N532	D7FE2080	Nucleolus
F1MYW4	D7FE2080	Nucleolus
Q58DT1	D7FE2080	Nucleolus
Q29RS9	D7FE2080	Nucleolus
Q3SZF8	D7FE2080	Nucleolus
P61603	D7FE2080	Nucleolus
Q58DQ3	D7FE2080	Nucleolus
F1MMA0	D7FE2080	Nucleolus
Q5E963	D7FE2080	Nucleolus
Q3SYR7	D7FE2080	Nucleolus
A5PKD1	D7FE2080	Nucleolus
A7MBC0	D7FE2080	Nucleolus
F1MIM8	D7FE2080	Nucleolus
Q2KHT8	D7FE2080	Nucleolus
Q3SZ21	D7FE2080	Nucleolus
P02316	D7FE2080	Nucleolus
Q3T169	D7FE2080	Nucleolus
P68002	D7FE2080	Nucleolus
F2Z4J7	D7FE2080	Nucleolus
P0C0S4	D7FE2080	Nucleolus
Q2TBR9	D7FE2080	Nucleolus
A7Z065	D7FE2080	Nucleolus
A5PJN6	D7FE2080	Nucleolus
F1ML72	D7FE2080	Nucleolus
F1N7I8	D7FE2080	Nucleolus
F1N533	D7FE2080	Nucleolus
Q32PI3	D7FE2080	Nucleolus
Q28009	D7FE2080	Nucleolus
P45879	D7FE2080	Nucleolus
F1MRX4	D7FE2080	Nucleolus
E1BFH7	D7FE2080	Nucleolus
E1BCL3	D7FE2080	Nucleolus
F1MY97	D7FE2080	Nucleolus
F6QTA8	D7FE2080	Nucleolus
F1MM59	D7FE2080	Nucleolus
Q5E973	D7FE2080	Nucleolus
A6QLS0	D7FE2080	Nucleolus
E1BC24	D7FE2080	Nucleolus
E1BC14	D7FE2080	Nucleolus
Q0IIG0	D7FE2080	Nucleolus
F1MR14	D7FE2080	Nucleolus
Q8WN55	D7FE2080	Nucleolus
Q5E995	D7FE2080	Nucleolus
E1BGI6	D7FE2080	Nucleolus
A5D7D9	D7FE2080	Nucleolus
E1BNQ2	D7FE2080	Nucleolus
A6QL85	D7FE2080	Nucleolus
F1ML79	D7FE2080	Nucleolus
F1MQV1	D7FE2080	Nucleolus
P48616	D7FE2080	Nucleolus
Q3SZD4	D7FE2080	Nucleolus
Q32L22	D7FE2080	Nucleolus
P61284	D7FE2080	Nucleolus
A6QP94	D7FE2080	Nucleolus
F1MNS4	D7FE2080	Nucleolus
Q3T057	D7FE2080	Nucleolus
F1MYG5	D7FE2080	Nucleolus
Q2HJ65	D7FE2080	Nucleolus
Q5EA82	D7FE2080	Nucleolus
G3N361	D7FE2080	Nucleolus
Q3SZZ0	D7FE2080	Nucleolus
Q58D06	D7FE2080	Nucleolus
P61157	D7FE2080	Nucleolus
A4FUG9	D7FE2080	Nucleolus
Q0VD10	D7FE2080	Nucleolus
F1MMU4	D7FE2080	Nucleolus
Q0VC24	D7FE2080	Nucleolus
F1MPT7	D7FE2080	Nucleolus
A6H7B6	D7FE2080	Nucleolus
Q08DT0	D7FE2080	Nucleolus
F1MB54	D7FE2080	Nucleolus
P60902	D7FE2080	Nucleolus
Q2YDK1	D7FE2080	Nucleolus
F1MLB8	D7FE2080	Nucleolus
Q3T0S6	D7FE2080	Nucleolus
A6H769	D7FE2080	Nucleolus
Q32P60	D7FE2080	Nucleolus
F1MCR2	D7FE2080	Nucleolus
A7MB12	D7FE2080	Nucleolus
Q3SZ40	D7FE2080	Nucleolus
E1B8K6	D7FE2080	Nucleolus
F1MUZ0	D7FE2080	Nucleolus
F1MUM9	D7FE2080	Nucleolus
A4FV97	D7FE2080	Nucleolus
Q2TBU3	D7FE2080	Nucleolus
F1MMK3	D7FE2080	Nucleolus
F1MN93	D7FE2080	Nucleolus
Q3T003	D7FE2080	Nucleolus
E1BGE2	D7FE2080	Nucleolus
Q5E9A3	D7FE2080	Nucleolus
E1BM03	D7FE2080	Nucleolus
F1MHM7	D7FE2080	Nucleolus
Q56JX8	D7FE2080	Nucleolus
P00829	D7FE2080	Nucleolus
Q3T0U2	D7FE2080	Nucleolus
Q5E988	D7FE2080	Nucleolus
A2VDT2	D7FE2080	Nucleolus
Q56K03	D7FE2080	Nucleolus
A2VDN9	D7FE2080	Nucleolus
F1N5H8	D7FE2080	Nucleolus
G3MWV5	D7FE2080	Nucleolus
E1BDL9	D7FE2080	Nucleolus
Q3T0E1	D7FE2080	Nucleolus
Q3SYT9	D7FE2080	Nucleolus
Q2HJ56	D7FE2080	Nucleolus
Q1LZD9	D7FE2080	Nucleolus
A7MB10	D7FE2080	Nucleolus
F1MBQ8	D7FE2080	Nucleolus
A4FV23	D7FE2080	Nucleolus
P39872	D7FE2080	Nucleolus
E1BKI4	D7FE2080	Nucleolus
Q76I81	D7FE2080	Nucleolus
Q2KIZ8	D7FE2080	Nucleolus
A0A140T832	D7FE2080	Nucleolus
F1MGC9	D7FE2080	Nucleolus
A5D7C1	D7FE2080	Nucleolus
Q3SZ29	D7FE2080	Nucleolus
A0A140T846	D7FE2080	Nucleolus
Q29S22	D7FE2080	Nucleolus
Q3T0D5	D7FE2080	Nucleolus
E1BIX2	D7FE2080	Nucleolus
P02253	D7FE2080	Nucleolus
Q05D60	2A09918C	Synthetic Condensate 000359
F2Z4E7	D7FE2080	Nucleolus
E1BF14	D7FE2080	Nucleolus
E1BM58	D7FE2080	Nucleolus
Q3T0W9	D7FE2080	Nucleolus
Q15717	1A0651A8	Synthetic Condensate 000370
P53133	E03F929F	Stress granule
P31483	9B5E283A	Synthetic Condensate 000373
Q3ZBH5	D7FE2080	Nucleolus
F1MRA9	D7FE2080	Nucleolus
Q05D60	890CF536	Synthetic Condensate 000368
Q3T087	D7FE2080	Nucleolus
E1BKR4	D7FE2080	Nucleolus
Q56JV9	D7FE2080	Nucleolus
Q05016	E03F929F	Stress granule
F1MWS9	D7FE2080	Nucleolus
P38341	E03F929F	Stress granule
G3MY44	D7FE2080	Nucleolus
P69341	D7FE2080	Nucleolus
Q2KID0	D7FE2080	Nucleolus
A7E307	D7FE2080	Nucleolus
E1BHU1	D7FE2080	Nucleolus
E1BGW4	D7FE2080	Nucleolus
G3X6I6	D7FE2080	Nucleolus
A4FUI2	D7FE2080	Nucleolus
Q3SYV6	D7FE2080	Nucleolus
Q3T0D0	D7FE2080	Nucleolus
Q0IIL6	D7FE2080	Nucleolus
E1BH22	D7FE2080	Nucleolus
F1MU08	D7FE2080	Nucleolus
Q5EAD6	D7FE2080	Nucleolus
Q2KII5	D7FE2080	Nucleolus
A5PJU0	D7FE2080	Nucleolus
E1BLD4	D7FE2080	Nucleolus
E1BQ37	D7FE2080	Nucleolus
Q3MHR7	D7FE2080	Nucleolus
Q2YDK4	D7FE2080	Nucleolus
E1BGN3	D7FE2080	Nucleolus
Q3SWW9	D7FE2080	Nucleolus
Q3T025	D7FE2080	Nucleolus
F1MRB9	D7FE2080	Nucleolus
A6QLA4	D7FE2080	Nucleolus
P0CB32	D7FE2080	Nucleolus
Q08DU9	D7FE2080	Nucleolus
Q3T076	D7FE2080	Nucleolus
Q2TBQ5	D7FE2080	Nucleolus
Q3T0V4	D7FE2080	Nucleolus
Q2NKY7	D7FE2080	Nucleolus
G5E631	D7FE2080	Nucleolus
A4FUD9	D7FE2080	Nucleolus
E1BEW6	D7FE2080	Nucleolus
Q0VCY3	D7FE2080	Nucleolus
P48734	D7FE2080	Nucleolus
A0A140T862	D7FE2080	Nucleolus
Q3SZ90	D7FE2080	Nucleolus
F2Z4J4	D7FE2080	Nucleolus
Q2TBV5	D7FE2080	Nucleolus
P68103	D7FE2080	Nucleolus
Q0VD01	D7FE2080	Nucleolus
Q2KIV0	D7FE2080	Nucleolus
F1N301	D7FE2080	Nucleolus
F1MMB9	D7FE2080	Nucleolus
Q2KHX8	D7FE2080	Nucleolus
Q3T0E7	D7FE2080	Nucleolus
E1BAG2	D7FE2080	Nucleolus
Q28141	D7FE2080	Nucleolus
Q3B7L9	D7FE2080	Nucleolus
A7YWH5	D7FE2080	Nucleolus
F1N5B5	D7FE2080	Nucleolus
F1MK30	D7FE2080	Nucleolus
F1N7F7	D7FE2080	Nucleolus
G3N1F5	D7FE2080	Nucleolus
Q7YRA3	D7FE2080	Nucleolus
P0CG53	D7FE2080	Nucleolus
A0JN82	D7FE2080	Nucleolus
Q58DW0	D7FE2080	Nucleolus
A6H7B7	D7FE2080	Nucleolus
P60712	D7FE2080	Nucleolus
Q5E9N0	D7FE2080	Nucleolus
E1BMI6	D7FE2080	Nucleolus
Q863B3	D7FE2080	Nucleolus
F1N0P2	D7FE2080	Nucleolus
Q3T0Q8	D7FE2080	Nucleolus
Q24JY1	D7FE2080	Nucleolus
Q2NL22	D7FE2080	Nucleolus
P61356	D7FE2080	Nucleolus
F1N3W8	D7FE2080	Nucleolus
Q0VC68	D7FE2080	Nucleolus
Q148M8	D7FE2080	Nucleolus
F1MDU9	D7FE2080	Nucleolus
F1MFN1	D7FE2080	Nucleolus
F1MMG3	D7FE2080	Nucleolus
F1MPG7	D7FE2080	Nucleolus
Q1JQD2	D7FE2080	Nucleolus
A1A4H6	D7FE2080	Nucleolus
Q6Q137	D7FE2080	Nucleolus
A6H702	D7FE2080	Nucleolus
F1MCK7	D7FE2080	Nucleolus
P36124	E03F929F	Stress granule
O94986	890CF536	Synthetic Condensate 000368
P68102	D7FE2080	Nucleolus
Q53HL2	45F3D8EC	Synthetic Condensate 000342
P04786	E03F929F	Stress granule
Q5FBB7	45F3D8EC	Synthetic Condensate 000342
Q03690	E03F929F	Stress granule
P53111	E03F929F	Stress granule
P53327	E03F929F	Stress granule
P38747	E03F929F	Stress granule
P08432	E03F929F	Stress granule
P40024	E03F929F	Stress granule
Q04432	E03F929F	Stress granule
P47120	E03F929F	Stress granule
P38719	E03F929F	Stress granule
Q08992	E03F929F	Stress granule
Q06508	E03F929F	Stress granule
P20435	E03F929F	Stress granule
P16862	E03F929F	Stress granule
P00127	E03F929F	Stress granule
P32618	E03F929F	Stress granule
P41819	E03F929F	Stress granule
Q08925	E03F929F	Stress granule
Q12196	E03F929F	Stress granule
P33309	E03F929F	Stress granule
P04840	E03F929F	Stress granule
P39729	E03F929F	Stress granule
P49367	E03F929F	Stress granule
P39533	E03F929F	Stress granule
P35691	E03F929F	Stress granule
P23301	E03F929F	Stress granule
P38631	E03F929F	Stress granule
P46972	E03F929F	Stress granule
O13024	45F3D8EC	Synthetic Condensate 000342
P35637	1A0651A8	Synthetic Condensate 000370
O15392	45F3D8EC	Synthetic Condensate 000342
Q9UHD9	9B5E283A	Synthetic Condensate 000373
P07737	9B5E283A	Synthetic Condensate 000373
P35637	9B5E283A	Synthetic Condensate 000373
Q9UBN7	9B5E283A	Synthetic Condensate 000373
Q99383	E03F929F	Stress granule
Q99369	E03F929F	Stress granule
P40150	E03F929F	Stress granule
P40070	E03F929F	Stress granule
P54115	E03F929F	Stress granule
P53905	E03F929F	Stress granule
P53261	E03F929F	Stress granule
P08524	E03F929F	Stress granule
P04147	E03F929F	Stress granule
P36421	E03F929F	Stress granule
Q12532	E03F929F	Stress granule
P00546	E03F929F	Stress granule
P41277	E03F929F	Stress granule
P20606	E03F929F	Stress granule
P40422	E03F929F	Stress granule
P38009	E03F929F	Stress granule
P53145	E03F929F	Stress granule
Q7M4S9	E03F929F	Stress granule
P07342	E03F929F	Stress granule
P32831	E03F929F	Stress granule
P00812	E03F929F	Stress granule
P00942	E03F929F	Stress granule
P08536	E03F929F	Stress granule
P00899	E03F929F	Stress granule
P20447	E03F929F	Stress granule
Q06252	E03F929F	Stress granule
P36008	E03F929F	Stress granule
Q02884	E03F929F	Stress granule
P50277	E03F929F	Stress granule
Q04660	E03F929F	Stress granule
P39076	E03F929F	Stress granule
P53728	E03F929F	Stress granule
P24280	E03F929F	Stress granule
P38873	E03F929F	Stress granule
P53199	E03F929F	Stress granule
P32770	E03F929F	Stress granule
P53295	E03F929F	Stress granule
Q03735	E03F929F	Stress granule
P15992	E03F929F	Stress granule
P08018	E03F929F	Stress granule
P42842	E03F929F	Stress granule
Q04307	E03F929F	Stress granule
P32588	E03F929F	Stress granule
P16861	E03F929F	Stress granule
P16892	E03F929F	Stress granule
P13188	E03F929F	Stress granule
P40356	E03F929F	Stress granule
P40449	E03F929F	Stress granule
P43535	E03F929F	Stress granule
P12385	E03F929F	Stress granule
Q02875	E03F929F	Stress granule
P40157	E03F929F	Stress granule
P48589	E03F929F	Stress granule
P36041	E03F929F	Stress granule
P41810	E03F929F	Stress granule
Q08979	E03F929F	Stress granule
P38182	E03F929F	Stress granule
P00950	E03F929F	Stress granule
Q06836	E03F929F	Stress granule
P23201	E03F929F	Stress granule
Q99207	E03F929F	Stress granule
P39009	E03F929F	Stress granule
P53297	E03F929F	Stress granule
P40069	E03F929F	Stress granule
P32656	E03F929F	Stress granule
P32832	E03F929F	Stress granule
P53686	E03F929F	Stress granule
P40468	E03F929F	Stress granule
P14306	E03F929F	Stress granule
P32905	E03F929F	Stress granule
P38431	E03F929F	Stress granule
P47818	E03F929F	Stress granule
P33892	E03F929F	Stress granule
P38828	E03F929F	Stress granule
P53914	E03F929F	Stress granule
P10659	E03F929F	Stress granule
P32527	E03F929F	Stress granule
P33418	E03F929F	Stress granule
P35844	E03F929F	Stress granule
P40825	E03F929F	Stress granule
P53617	E03F929F	Stress granule
P41734	E03F929F	Stress granule
P36013	E03F929F	Stress granule
P47079	E03F929F	Stress granule
P20485	E03F929F	Stress granule
P41811	E03F929F	Stress granule
P11938	E03F929F	Stress granule
P38817	E03F929F	Stress granule
P14832	E03F929F	Stress granule
P06105	E03F929F	Stress granule
P39676	E03F929F	Stress granule
Q06338	E03F929F	Stress granule
P38689	E03F929F	Stress granule
P12612	E03F929F	Stress granule
P40002	E03F929F	Stress granule
P35719	E03F929F	Stress granule
P32582	E03F929F	Stress granule
Q86ZR7	E03F929F	Stress granule
Q07878	E03F929F	Stress granule
P38691	E03F929F	Stress granule
P38788	E03F929F	Stress granule
P40017	E03F929F	Stress granule
P07260	E03F929F	Stress granule
P32898	E03F929F	Stress granule
P39517	E03F929F	Stress granule
P38999	E03F929F	Stress granule
P32288	E03F929F	Stress granule
P20459	E03F929F	Stress granule
P38199	E03F929F	Stress granule
P38249	E03F929F	Stress granule
P40545	E03F929F	Stress granule
P07283	E03F929F	Stress granule
Q08962	E03F929F	Stress granule
P06780	E03F929F	Stress granule
Q05022	E03F929F	Stress granule
P50623	E03F929F	Stress granule
P38911	E03F929F	Stress granule
P14742	E03F929F	Stress granule
P26754	E03F929F	Stress granule
P0CX34	E03F929F	Stress granule
Q08601	E03F929F	Stress granule
P48562	E03F929F	Stress granule
P10592	E03F929F	Stress granule
P15705	E03F929F	Stress granule
P25374	E03F929F	Stress granule
Q99297	E03F929F	Stress granule
Q12069	E03F929F	Stress granule
P28272	E03F929F	Stress granule
P08518	E03F929F	Stress granule
Q12754	E03F929F	Stress granule
P38333	E03F929F	Stress granule
Q12680	E03F929F	Stress granule
Q8K400	CE726F99	Postsynaptic density
P35279	CE726F99	Postsynaptic density
Q9Z1S5	CE726F99	Postsynaptic density
Q8VEM8	CE726F99	Postsynaptic density
Q8VHV1	CE726F99	Postsynaptic density
Q80YA9	CE726F99	Postsynaptic density
P10080	E03F929F	Stress granule
P53834	E03F929F	Stress granule
P16550	E03F929F	Stress granule
Q05123	E03F929F	Stress granule
Q05911	E03F929F	Stress granule
P25623	E03F929F	Stress granule
P54114	E03F929F	Stress granule
Q05506	E03F929F	Stress granule
P10363	E03F929F	Stress granule
Q12429	E03F929F	Stress granule
Q07362	E03F929F	Stress granule
P26785	E03F929F	Stress granule
P11972	E03F929F	Stress granule
P09435	E03F929F	Stress granule
P00815	E03F929F	Stress granule
P10591	E03F929F	Stress granule
P05453	E03F929F	Stress granule
Q08281	E03F929F	Stress granule
P32497	E03F929F	Stress granule
P03962	E03F929F	Stress granule
P50101	E03F929F	Stress granule
Q12055	E03F929F	Stress granule
Q06205	E03F929F	Stress granule
P40850	E03F929F	Stress granule
P07264	E03F929F	Stress granule
Q03940	E03F929F	Stress granule
Q12464	E03F929F	Stress granule
P36010	E03F929F	Stress granule
P39935	E03F929F	Stress granule
P25491	E03F929F	Stress granule
P39976	E03F929F	Stress granule
P53829	E03F929F	Stress granule
P34909	E03F929F	Stress granule
P32263	E03F929F	Stress granule
P29469	E03F929F	Stress granule
Q05775	E03F929F	Stress granule
P53011	E03F929F	Stress granule
P25555	E03F929F	Stress granule
P38715	E03F929F	Stress granule
P08566	E03F929F	Stress granule
Q01560	E03F929F	Stress granule
P06634	E03F929F	Stress granule
P16521	E03F929F	Stress granule
Q06010	E03F929F	Stress granule
Q04636	E03F929F	Stress granule
P53550	E03F929F	Stress granule
P38912	E03F929F	Stress granule
P32644	E03F929F	Stress granule
P38986	E03F929F	Stress granule
Q12018	E03F929F	Stress granule
P19097	E03F929F	Stress granule
P23796	E03F929F	Stress granule
P47169	E03F929F	Stress granule
P47176	E03F929F	Stress granule
P34216	E03F929F	Stress granule
P41318	E03F929F	Stress granule
P38996	E03F929F	Stress granule
P53091	E03F929F	Stress granule
P38147	E03F929F	Stress granule
P39936	E03F929F	Stress granule
P19158	E03F929F	Stress granule
P04050	E03F929F	Stress granule
P38823	E03F929F	Stress granule
P47912	E03F929F	Stress granule
Q12285	E03F929F	Stress granule
P39730	E03F929F	Stress granule
Q03532	E03F929F	Stress granule
P32324	E03F929F	Stress granule
P25294	E03F929F	Stress granule
P34756	E03F929F	Stress granule
Q04067	E03F929F	Stress granule
P40160	E03F929F	Stress granule
P30656	E03F929F	Stress granule
P00958	E03F929F	Stress granule
P06208	E03F929F	Stress granule
P07703	E03F929F	Stress granule
P09733	E03F929F	Stress granule
P23644	E03F929F	Stress granule
P34760	E03F929F	Stress granule
P53849	E03F929F	Stress granule
P35198	E03F929F	Stress granule
Q08972	E03F929F	Stress granule
P0C2H8	E03F929F	Stress granule
P13433	E03F929F	Stress granule
Q12447	E03F929F	Stress granule
P38798	E03F929F	Stress granule
P32558	E03F929F	Stress granule
P27692	E03F929F	Stress granule
P38151	E03F929F	Stress granule
Q01662	E03F929F	Stress granule
P32895	E03F929F	Stress granule
Q07938	E03F929F	Stress granule
P11745	E03F929F	Stress granule
Q12034	E03F929F	Stress granule
P38219	E03F929F	Stress granule
P38263	E03F929F	Stress granule
P39945	E03F929F	Stress granule
P40217	E03F929F	Stress granule
P19358	E03F929F	Stress granule
Q12292	E03F929F	Stress granule
P38713	E03F929F	Stress granule
P46655	E03F929F	Stress granule
P25655	E03F929F	Stress granule
Q12272	E03F929F	Stress granule
P47165	E03F929F	Stress granule
P46672	E03F929F	Stress granule
P04076	E03F929F	Stress granule
P29311	E03F929F	Stress granule
Q05874	E03F929F	Stress granule
P38112	E03F929F	Stress granule
P07262	E03F929F	Stress granule
P38934	E03F929F	Stress granule
P12754	E03F929F	Stress granule
P15454	E03F929F	Stress granule
P53131	E03F929F	Stress granule
P31539	E03F929F	Stress granule
P33297	E03F929F	Stress granule
Q02256	E03F929F	Stress granule
P24783	E03F929F	Stress granule
P29547	E03F929F	Stress granule
P40016	E03F929F	Stress granule
Q8VDN2	CE726F99	Postsynaptic density
Q920I9	CE726F99	Postsynaptic density
Q60598	CE726F99	Postsynaptic density
Q9WUA2	CE726F99	Postsynaptic density
Q9QZQ1	CE726F99	Postsynaptic density
Q9R099	CE726F99	Postsynaptic density
P80316	CE726F99	Postsynaptic density
Q99MI1	CE726F99	Postsynaptic density
P84099	CE726F99	Postsynaptic density
Q6Q477	CE726F99	Postsynaptic density
Q923Z0	CE726F99	Postsynaptic density
Q8R191	CE726F99	Postsynaptic density
P62761	CE726F99	Postsynaptic density
Q9JMH9	CE726F99	Postsynaptic density
P35436	CE726F99	Postsynaptic density
P47757	CE726F99	Postsynaptic density
Q99KY4	CE726F99	Postsynaptic density
Q9D4E6	CE726F99	Postsynaptic density
A2AG50	CE726F99	Postsynaptic density
Q8BM55	CE726F99	Postsynaptic density
Q8R5L3	CE726F99	Postsynaptic density
Q8C7J6	CE726F99	Postsynaptic density
P39053	CE726F99	Postsynaptic density
Q8VHG2	CE726F99	Postsynaptic density
Q6PDH0	CE726F99	Postsynaptic density
Q9DCT8	CE726F99	Postsynaptic density
E9PXQ7	CE726F99	Postsynaptic density
O08547	CE726F99	Postsynaptic density
Q9QYB5	CE726F99	Postsynaptic density
P70408	CE726F99	Postsynaptic density
Q91V92	CE726F99	Postsynaptic density
P05480	CE726F99	Postsynaptic density
Q8R066	CE726F99	Postsynaptic density
Q8BKX1	CE726F99	Postsynaptic density
Q3V3R1	CE726F99	Postsynaptic density
Q9D8B3	CE726F99	Postsynaptic density
Q9WUQ2	CE726F99	Postsynaptic density
Q80TV8	CE726F99	Postsynaptic density
O54865	CE726F99	Postsynaptic density
Q8CHG7	CE726F99	Postsynaptic density
P07321	CE726F99	Postsynaptic density
Q8JZW4	CE726F99	Postsynaptic density
Q99PW8	CE726F99	Postsynaptic density
Q8BRT1	CE726F99	Postsynaptic density
O88910	CE726F99	Postsynaptic density
Q61387	CE726F99	Postsynaptic density
Q9DBC7	CE726F99	Postsynaptic density
A2AJA9	CE726F99	Postsynaptic density
B5TVM2	CE726F99	Postsynaptic density
Q8R0S2	CE726F99	Postsynaptic density
Q8BXT1	CE726F99	Postsynaptic density
Q8C7X2	CE726F99	Postsynaptic density
P68254	CE726F99	Postsynaptic density
D3YWQ0	CE726F99	Postsynaptic density
Q9QZF2	CE726F99	Postsynaptic density
E9Q7X7	CE726F99	Postsynaptic density
Q9WV69	CE726F99	Postsynaptic density
O70439	CE726F99	Postsynaptic density
E9Q8I9	CE726F99	Postsynaptic density
Q61656	CE726F99	Postsynaptic density
P62754	CE726F99	Postsynaptic density
Q6PH08	CE726F99	Postsynaptic density
Q8VDJ3	CE726F99	Postsynaptic density
Q8R5C5	CE726F99	Postsynaptic density
Q9Z2H5	CE726F99	Postsynaptic density
Q8VC48	CE726F99	Postsynaptic density
Q8BVL9	CE726F99	Postsynaptic density
Q3ULD5	CE726F99	Postsynaptic density
Q3UHJ0	CE726F99	Postsynaptic density
O88487	CE726F99	Postsynaptic density
Q8VE33	CE726F99	Postsynaptic density
P06837	CE726F99	Postsynaptic density
Q3TDD9	CE726F99	Postsynaptic density
Q8R555	CE726F99	Postsynaptic density
Q8K341	CE726F99	Postsynaptic density
Q64487	CE726F99	Postsynaptic density
Q99MS8	CE726F99	Postsynaptic density
Q8C015	CE726F99	Postsynaptic density
Q6P5D3	CE726F99	Postsynaptic density
Q6R0H7	CE726F99	Postsynaptic density
Q9DB43	CE726F99	Postsynaptic density
Q62261	CE726F99	Postsynaptic density
P28661	CE726F99	Postsynaptic density
P62855	CE726F99	Postsynaptic density
Q9JIG8	CE726F99	Postsynaptic density
Q9D7B6	CE726F99	Postsynaptic density
Q8C854	CE726F99	Postsynaptic density
B9EHT4	CE726F99	Postsynaptic density
Q9Z2I0	CE726F99	Postsynaptic density
Q61503	CE726F99	Postsynaptic density
P63038	CE726F99	Postsynaptic density
Q9DCJ5	CE726F99	Postsynaptic density
P11627	CE726F99	Postsynaptic density
P12657	CE726F99	Postsynaptic density
Q2WF71	CE726F99	Postsynaptic density
O70305	CE726F99	Postsynaptic density
Q6PHS9	CE726F99	Postsynaptic density
Q8VD75	CE726F99	Postsynaptic density
P80315	CE726F99	Postsynaptic density
Q8BG89	CE726F99	Postsynaptic density
Q3UTJ2	CE726F99	Postsynaptic density
Q9QYX7	CE726F99	Postsynaptic density
P47962	CE726F99	Postsynaptic density
Q3TXX4	CE726F99	Postsynaptic density
Q99NF2	CE726F99	Postsynaptic density
Q9Z0H8	CE726F99	Postsynaptic density
Q3UHB8	CE726F99	Postsynaptic density
O08599	CE726F99	Postsynaptic density
Q9JM76	CE726F99	Postsynaptic density
Q9QZB1	CE726F99	Postsynaptic density
P50571	CE726F99	Postsynaptic density
Q04735	CE726F99	Postsynaptic density
P62908	CE726F99	Postsynaptic density
O35250	CE726F99	Postsynaptic density
Q9DCF9	CE726F99	Postsynaptic density
Q69Z38	CE726F99	Postsynaptic density
P16330	CE726F99	Postsynaptic density
Q64331	CE726F99	Postsynaptic density
Q8BKC5	CE726F99	Postsynaptic density
P63017	CE726F99	Postsynaptic density
Q8CBE3	CE726F99	Postsynaptic density
P43274	CE726F99	Postsynaptic density
P14869	CE726F99	Postsynaptic density
Q61285	CE726F99	Postsynaptic density
P97461	CE726F99	Postsynaptic density
Q9JJ69	CE726F99	Postsynaptic density
O35098	CE726F99	Postsynaptic density
Q9CR57	CE726F99	Postsynaptic density
Q8R313	CE726F99	Postsynaptic density
P42669	CE726F99	Postsynaptic density
P24369	CE726F99	Postsynaptic density
P20029	CE726F99	Postsynaptic density
P16858	CE726F99	Postsynaptic density
Q9EPK2	CE726F99	Postsynaptic density
Q8VDP6	CE726F99	Postsynaptic density
Q9ES97	CE726F99	Postsynaptic density
Q7TPD3	CE726F99	Postsynaptic density
G5E829	CE726F99	Postsynaptic density
Q6GQT9	CE726F99	Postsynaptic density
P14115	CE726F99	Postsynaptic density
Q91YR1	CE726F99	Postsynaptic density
A2A8L5	CE726F99	Postsynaptic density
Q91ZU6	CE726F99	Postsynaptic density
Q8BI08	CE726F99	Postsynaptic density
P57780	CE726F99	Postsynaptic density
Q8BVE3	CE726F99	Postsynaptic density
Q4ACU6	CE726F99	Postsynaptic density
Q9JJK2	CE726F99	Postsynaptic density
P68372	CE726F99	Postsynaptic density
Q5SSL4	CE726F99	Postsynaptic density
Q02248	CE726F99	Postsynaptic density
O55143	CE726F99	Postsynaptic density
Q14CH0	CE726F99	Postsynaptic density
Q63912	CE726F99	Postsynaptic density
Q9DCZ4	CE726F99	Postsynaptic density
B2RXQ2	CE726F99	Postsynaptic density
O70228	CE726F99	Postsynaptic density
Q9QXZ0	CE726F99	Postsynaptic density
P27601	CE726F99	Postsynaptic density
Q6NZJ6	CE726F99	Postsynaptic density
Q78TU8	CE726F99	Postsynaptic density
P11531	CE726F99	Postsynaptic density
Q80TE7	CE726F99	Postsynaptic density
Q02053	CE726F99	Postsynaptic density
O09111	CE726F99	Postsynaptic density
Q9DCC4	CE726F99	Postsynaptic density
Q8K012	CE726F99	Postsynaptic density
P35438	CE726F99	Postsynaptic density
Q9JJA9	CE726F99	Postsynaptic density
Q9CXJ4	CE726F99	Postsynaptic density
Q80U19	CE726F99	Postsynaptic density
Q07409	CE726F99	Postsynaptic density
P20917	CE726F99	Postsynaptic density
Q9Z0H4	CE726F99	Postsynaptic density
Q60932	CE726F99	Postsynaptic density
Q9WVQ1	CE726F99	Postsynaptic density
Q8K0V2	CE726F99	Postsynaptic density
Q811P8	CE726F99	Postsynaptic density
P12970	CE726F99	Postsynaptic density
Q7TPH6	CE726F99	Postsynaptic density
Q9D1T0	CE726F99	Postsynaptic density
P63087	CE726F99	Postsynaptic density
Q9JKY5	CE726F99	Postsynaptic density
Q9DCU2	CE726F99	Postsynaptic density
Q9CR95	CE726F99	Postsynaptic density
Q8K377	CE726F99	Postsynaptic density
Q9Z2Y3	CE726F99	Postsynaptic density
P62331	CE726F99	Postsynaptic density
Q9DCX2	CE726F99	Postsynaptic density
P97797	CE726F99	Postsynaptic density
P05063	CE726F99	Postsynaptic density
Q9WTX5	CE726F99	Postsynaptic density
Q8BH57	CE726F99	Postsynaptic density
P60202	CE726F99	Postsynaptic density
Q5PR73	CE726F99	Postsynaptic density
Q3UVX5	CE726F99	Postsynaptic density
P17426	CE726F99	Postsynaptic density
Q8R307	CE726F99	Postsynaptic density
P46460	CE726F99	Postsynaptic density
O70251	CE726F99	Postsynaptic density
Q91VR8	CE726F99	Postsynaptic density
A0A140LIW3	CE726F99	Postsynaptic density
P17156	CE726F99	Postsynaptic density
Q6A0A9	CE726F99	Postsynaptic density
Q61553	CE726F99	Postsynaptic density
Q99PJ0	CE726F99	Postsynaptic density
Q60900	CE726F99	Postsynaptic density
P70175	CE726F99	Postsynaptic density
P47753	CE726F99	Postsynaptic density
Q91VR5	CE726F99	Postsynaptic density
P23819	CE726F99	Postsynaptic density
Q9WTI7	CE726F99	Postsynaptic density
B2RWC4	CE726F99	Postsynaptic density
O88643	CE726F99	Postsynaptic density
Q9QZN4	CE726F99	Postsynaptic density
P59017	CE726F99	Postsynaptic density
Q5SRX1	CE726F99	Postsynaptic density
P67778	CE726F99	Postsynaptic density
Q69ZU6	CE726F99	Postsynaptic density
P42932	CE726F99	Postsynaptic density
Q8R361	CE726F99	Postsynaptic density
Q9D8S3	CE726F99	Postsynaptic density
Q61879	CE726F99	Postsynaptic density
P15105	CE726F99	Postsynaptic density
Q9WUM4	CE726F99	Postsynaptic density
Q9Z1N9	CE726F99	Postsynaptic density
P60867	CE726F99	Postsynaptic density
Q9CQZ5	CE726F99	Postsynaptic density
Q9DC51	CE726F99	Postsynaptic density
Q8K2C9	CE726F99	Postsynaptic density
P47915	CE726F99	Postsynaptic density
D3Z7P3	CE726F99	Postsynaptic density
Q8BTV1	CE726F99	Postsynaptic density
Q8CBW3	CE726F99	Postsynaptic density
P16054	CE726F99	Postsynaptic density
Q99K28	CE726F99	Postsynaptic density
Q9WTS2	CE726F99	Postsynaptic density
Q9EQP2	CE726F99	Postsynaptic density
Q9WUM3	CE726F99	Postsynaptic density
Q9D1K2	CE726F99	Postsynaptic density
Q8JZS0	CE726F99	Postsynaptic density
Q9DC28	CE726F99	Postsynaptic density
Q9DBE8	CE726F99	Postsynaptic density
P61226	CE726F99	Postsynaptic density
Q812A2	CE726F99	Postsynaptic density
P10126	CE726F99	Postsynaptic density
Q3UTZ3	CE726F99	Postsynaptic density
Q9CPQ1	CE726F99	Postsynaptic density
Q8BZ81	CE726F99	Postsynaptic density
O70318	CE726F99	Postsynaptic density
O35643	CE726F99	Postsynaptic density
Q9D0M5	CE726F99	Postsynaptic density
Q9WTT4	CE726F99	Postsynaptic density
Q8BMG7	CE726F99	Postsynaptic density
P0C0A3	CE726F99	Postsynaptic density
Q3UZ39	CE726F99	Postsynaptic density
E9PZ19	CE726F99	Postsynaptic density
Q8K394	CE726F99	Postsynaptic density
Q99MN1	CE726F99	Postsynaptic density
P63101	CE726F99	Postsynaptic density
Q99NE5	CE726F99	Postsynaptic density
Q9DCL9	CE726F99	Postsynaptic density
Q7TQ95	CE726F99	Postsynaptic density
Q3UH60	CE726F99	Postsynaptic density
P47857	CE726F99	Postsynaptic density
P32883	CE726F99	Postsynaptic density
Q80U23	CE726F99	Postsynaptic density
P31648	CE726F99	Postsynaptic density
Q91YU6	CE726F99	Postsynaptic density
Q9WTR6	CE726F99	Postsynaptic density
Q8C8R3	CE726F99	Postsynaptic density
Q68FF6	CE726F99	Postsynaptic density
Q69ZH9	CE726F99	Postsynaptic density
P60041	CE726F99	Postsynaptic density
Q80UP3	CE726F99	Postsynaptic density
P49615	CE726F99	Postsynaptic density
O54946	CE726F99	Postsynaptic density
Q6R891	CE726F99	Postsynaptic density
Q9WUC3	CE726F99	Postsynaptic density
Q9D1E8	CE726F99	Postsynaptic density
Q8JZU2	CE726F99	Postsynaptic density
O88602	CE726F99	Postsynaptic density
Q9QWW1	CE726F99	Postsynaptic density
Q8CJG0	CE726F99	Postsynaptic density
Q6ZPF4	CE726F99	Postsynaptic density
P63321	CE726F99	Postsynaptic density
Q62188	CE726F99	Postsynaptic density
E9PUL5	CE726F99	Postsynaptic density
P63328	CE726F99	Postsynaptic density
F7BAB2	CE726F99	Postsynaptic density
Q60737	CE726F99	Postsynaptic density
P62242	CE726F99	Postsynaptic density
P63001	CE726F99	Postsynaptic density
B1AR13	CE726F99	Postsynaptic density
Q9R1V7	CE726F99	Postsynaptic density
O88746	CE726F99	Postsynaptic density
Q99KI3	CE726F99	Postsynaptic density
Q8VHW2	CE726F99	Postsynaptic density
P63213	CE726F99	Postsynaptic density
Q8JZP2	CE726F99	Postsynaptic density
Q3UUF8	CE726F99	Postsynaptic density
Q3UMR5	CE726F99	Postsynaptic density
O35286	CE726F99	Postsynaptic density
O89029	CE726F99	Postsynaptic density
Q8BG67	CE726F99	Postsynaptic density
Q9CTY5	CE726F99	Postsynaptic density
Q8BYK6	CE726F99	Postsynaptic density
Q8R1Q8	CE726F99	Postsynaptic density
P10852	CE726F99	Postsynaptic density
Q9ERS2	CE726F99	Postsynaptic density
A6H5Z3	CE726F99	Postsynaptic density
Q8R429	CE726F99	Postsynaptic density
Q8BJ42	CE726F99	Postsynaptic density
P26231	CE726F99	Postsynaptic density
Q8CHT1	CE726F99	Postsynaptic density
Q9D0M3	CE726F99	Postsynaptic density
Q9CQX8	CE726F99	Postsynaptic density
Q8BH44	CE726F99	Postsynaptic density
Q99J47	CE726F99	Postsynaptic density
Q9D593	CE726F99	Postsynaptic density
Q8C0P5	CE726F99	Postsynaptic density
Q9R1C6	CE726F99	Postsynaptic density
P47754	CE726F99	Postsynaptic density
Q99104	CE726F99	Postsynaptic density
P62918	CE726F99	Postsynaptic density
P33175	CE726F99	Postsynaptic density
E9Q3L2	CE726F99	Postsynaptic density
Q9R0P9	CE726F99	Postsynaptic density
Q9JKK1	CE726F99	Postsynaptic density
Q8C0N1	CE726F99	Postsynaptic density
P35700	CE726F99	Postsynaptic density
Q8BJH1	CE726F99	Postsynaptic density
Q9D4H1	CE726F99	Postsynaptic density
Q9Z0U1	CE726F99	Postsynaptic density
Q9R1V6	CE726F99	Postsynaptic density
Q7TPB0	CE726F99	Postsynaptic density
O54991	CE726F99	Postsynaptic density
P63143	CE726F99	Postsynaptic density
Q9R1T4	CE726F99	Postsynaptic density
O55013	CE726F99	Postsynaptic density
Q9Z1W8	CE726F99	Postsynaptic density
Q99LF4	CE726F99	Postsynaptic density
Q99M87	CE726F99	Postsynaptic density
O55017	CE726F99	Postsynaptic density
Q8BHL5	CE726F99	Postsynaptic density
Q8VDN4	CE726F99	Postsynaptic density
P68181	CE726F99	Postsynaptic density
P43276	CE726F99	Postsynaptic density
Q6PD28	CE726F99	Postsynaptic density
O70293	CE726F99	Postsynaptic density
Q60597	CE726F99	Postsynaptic density
P47758	CE726F99	Postsynaptic density
Q8BMK4	CE726F99	Postsynaptic density
P41216	CE726F99	Postsynaptic density
Q60575	CE726F99	Postsynaptic density
Q8R0S4	CE726F99	Postsynaptic density
Q68FM6	CE726F99	Postsynaptic density
Q9Z1G4	CE726F99	Postsynaptic density
P27659	CE726F99	Postsynaptic density
P62835	CE726F99	Postsynaptic density
E9Q4S1	CE726F99	Postsynaptic density
Q6ZWV3	CE726F99	Postsynaptic density
Q6ZWU9	CE726F99	Postsynaptic density
P54285	CE726F99	Postsynaptic density
A0A2R8VKG2	CE726F99	Postsynaptic density
Q9Z0R6	CE726F99	Postsynaptic density
Q8CHH9	CE726F99	Postsynaptic density
Q3TC33	CE726F99	Postsynaptic density
Q9JI91	CE726F99	Postsynaptic density
P35235	CE726F99	Postsynaptic density
Q8R516	CE726F99	Postsynaptic density
Q6ZWV7	CE726F99	Postsynaptic density
Q91XM9	CE726F99	Postsynaptic density
P48318	CE726F99	Postsynaptic density
Q99M80	CE726F99	Postsynaptic density
Q9DB77	CE726F99	Postsynaptic density
O88384	CE726F99	Postsynaptic density
P62812	CE726F99	Postsynaptic density
Q06185	CE726F99	Postsynaptic density
Q0VF55	CE726F99	Postsynaptic density
O88448	CE726F99	Postsynaptic density
Q91VD9	CE726F99	Postsynaptic density
Q9JLB0	CE726F99	Postsynaptic density
Q6PIE5	CE726F99	Postsynaptic density
Q60749	CE726F99	Postsynaptic density
O88704	CE726F99	Postsynaptic density
P10637	CE726F99	Postsynaptic density
P22315	CE726F99	Postsynaptic density
Q3TES0	CE726F99	Postsynaptic density
Q8R3S6	CE726F99	Postsynaptic density
O88990	CE726F99	Postsynaptic density
Q7TQF7	CE726F99	Postsynaptic density
Q6DFV3	CE726F99	Postsynaptic density
A2AJI0	CE726F99	Postsynaptic density
Q9R0N5	CE726F99	Postsynaptic density
Q80VL1	CE726F99	Postsynaptic density
Q91VE0	CE726F99	Postsynaptic density
Q8BGG7	CE726F99	Postsynaptic density
Q8C8N2	CE726F99	Postsynaptic density
P62702	CE726F99	Postsynaptic density
B2RSH2	CE726F99	Postsynaptic density
Q03717	CE726F99	Postsynaptic density
Q9Z0J4	CE726F99	Postsynaptic density
Q9CR51	CE726F99	Postsynaptic density
Q9CRB8	CE726F99	Postsynaptic density
Q9Z0E0	CE726F99	Postsynaptic density
P47964	CE726F99	Postsynaptic density
P01831	CE726F99	Postsynaptic density
Q9CRB9	CE726F99	Postsynaptic density
Q9ERD7	CE726F99	Postsynaptic density
P23242	CE726F99	Postsynaptic density
Q8BMF4	CE726F99	Postsynaptic density
P62874	CE726F99	Postsynaptic density
O55125	CE726F99	Postsynaptic density
O08919	CE726F99	Postsynaptic density
Q3UUG6	CE726F99	Postsynaptic density
Q8CI08	CE726F99	Postsynaptic density
P63034	CE726F99	Postsynaptic density
Q8BGA3	CE726F99	Postsynaptic density
Q99MK8	CE726F99	Postsynaptic density
Q9JM52	CE726F99	Postsynaptic density
Q9D1G1	CE726F99	Postsynaptic density
Q6PEV3	CE726F99	Postsynaptic density
Q61330	CE726F99	Postsynaptic density
Q9CX86	CE726F99	Postsynaptic density
Q9JJI8	CE726F99	Postsynaptic density
Q8BZN6	CE726F99	Postsynaptic density
Q61151	CE726F99	Postsynaptic density
Q3TRR0	CE726F99	Postsynaptic density
Q0II04	CE726F99	Postsynaptic density
Q9CRD2	CE726F99	Postsynaptic density
Q8K386	CE726F99	Postsynaptic density
O08553	CE726F99	Postsynaptic density
P46097	CE726F99	Postsynaptic density
D3YTP3	CE726F99	Postsynaptic density
Q8R2Y0	CE726F99	Postsynaptic density
Q9JMK2	CE726F99	Postsynaptic density
Q99KX1	CE726F99	Postsynaptic density
Q99PU8	CE726F99	Postsynaptic density
Q80WM5	CE726F99	Postsynaptic density
Q3UH99	CE726F99	Postsynaptic density
Q9QYI4	CE726F99	Postsynaptic density
Q50L42	CE726F99	Postsynaptic density
Q99JB8	CE726F99	Postsynaptic density
P62751	CE726F99	Postsynaptic density
Q9JLM8	CE726F99	Postsynaptic density
O35678	CE726F99	Postsynaptic density
Q8R502	CE726F99	Postsynaptic density
P62878	CE726F99	Postsynaptic density
Q8BQZ4	CE726F99	Postsynaptic density
Q3ULB5	CE726F99	Postsynaptic density
P15864	CE726F99	Postsynaptic density
Q80Y24	CE726F99	Postsynaptic density
Q9WTR1	CE726F99	Postsynaptic density
P56695	CE726F99	Postsynaptic density
P63011	CE726F99	Postsynaptic density
Q8R550	CE726F99	Postsynaptic density
Q8BW75	CE726F99	Postsynaptic density
Q9D2M8	CE726F99	Postsynaptic density
Q8CFV4	CE726F99	Postsynaptic density
P49025	CE726F99	Postsynaptic density
Q8CI43	CE726F99	Postsynaptic density
Q9ER00	CE726F99	Postsynaptic density
Q9DCN2	CE726F99	Postsynaptic density
P60191	CE726F99	Postsynaptic density
Q5DU25	CE726F99	Postsynaptic density
Q8R2R9	CE726F99	Postsynaptic density
Q9EPU0	CE726F99	Postsynaptic density
Q8C0C7	CE726F99	Postsynaptic density
Q14BI2	CE726F99	Postsynaptic density
O70172	CE726F99	Postsynaptic density
Q80UG5	CE726F99	Postsynaptic density
Q9QXS1	CE726F99	Postsynaptic density
Q501J6	CE726F99	Postsynaptic density
Q9D6J6	CE726F99	Postsynaptic density
Q5XG73	CE726F99	Postsynaptic density
P15532	CE726F99	Postsynaptic density
Q3TPX4	CE726F99	Postsynaptic density
Q04690	CE726F99	Postsynaptic density
P61027	CE726F99	Postsynaptic density
Q91WA3	CE726F99	Postsynaptic density
P63044	CE726F99	Postsynaptic density
Q9QYS9	CE726F99	Postsynaptic density
Q8C0T5	CE726F99	Postsynaptic density
Q9EQH3	CE726F99	Postsynaptic density
P17183	CE726F99	Postsynaptic density
Q9D428	CE726F99	Postsynaptic density
Q61699	CE726F99	Postsynaptic density
F8VQK3	CE726F99	Postsynaptic density
Q3TDK6	CE726F99	Postsynaptic density
Q6A065	CE726F99	Postsynaptic density
Q8BX10	CE726F99	Postsynaptic density
P58281	CE726F99	Postsynaptic density
Q8CI32	CE726F99	Postsynaptic density
P04370	CE726F99	Postsynaptic density
Q8R071	CE726F99	Postsynaptic density
Q04447	CE726F99	Postsynaptic density
P62259	CE726F99	Postsynaptic density
Q9DB20	CE726F99	Postsynaptic density
B0V2N1	CE726F99	Postsynaptic density
P57776	CE726F99	Postsynaptic density
Q9D051	CE726F99	Postsynaptic density
P61161	CE726F99	Postsynaptic density
Q52KF3	CE726F99	Postsynaptic density
P62137	CE726F99	Postsynaptic density
Q8C5W0	CE726F99	Postsynaptic density
Q925N0	CE726F99	Postsynaptic density
P63276	CE726F99	Postsynaptic density
Q9CQ22	CE726F99	Postsynaptic density
O08842	CE726F99	Postsynaptic density
Q8VDD5	CE726F99	Postsynaptic density
Q80WT0	CE726F99	Postsynaptic density
Q923T9	CE726F99	Postsynaptic density
P48962	CE726F99	Postsynaptic density
Q9Z0P4	CE726F99	Postsynaptic density
Q8C729	CE726F99	Postsynaptic density
P84084	CE726F99	Postsynaptic density
Q9R0Q6	CE726F99	Postsynaptic density
Q80TZ3	CE726F99	Postsynaptic density
P62900	CE726F99	Postsynaptic density
Q64436	CE726F99	Postsynaptic density
P59281	CE726F99	Postsynaptic density
Q8C052	CE726F99	Postsynaptic density
Q9CQA3	CE726F99	Postsynaptic density
Q9Z1B3	CE726F99	Postsynaptic density
O35382	CE726F99	Postsynaptic density
Q9ES34	CE726F99	Postsynaptic density
P50518	CE726F99	Postsynaptic density
A2APV2	CE726F99	Postsynaptic density
P68510	CE726F99	Postsynaptic density
Q8VC42	CE726F99	Postsynaptic density
Q920Q4	CE726F99	Postsynaptic density
Q9WV34	CE726F99	Postsynaptic density
Q3TAS6	CE726F99	Postsynaptic density
O09167	CE726F99	Postsynaptic density
Q6ZQ29	CE726F99	Postsynaptic density
Q50H33	CE726F99	Postsynaptic density
Q9CQN1	CE726F99	Postsynaptic density
Q91XW9	CE726F99	Postsynaptic density
Q80YN3	CE726F99	Postsynaptic density
Q8JZN7	CE726F99	Postsynaptic density
Q02357	CE726F99	Postsynaptic density
Q922Q8	CE726F99	Postsynaptic density
O89114	CE726F99	Postsynaptic density
O09012	CE726F99	Postsynaptic density
Q8VI75	CE726F99	Postsynaptic density
P51410	CE726F99	Postsynaptic density
Q8K406	CE726F99	Postsynaptic density
P97798	CE726F99	Postsynaptic density
Q91W86	CE726F99	Postsynaptic density
Q91X78	CE726F99	Postsynaptic density
Q6ZPE2	CE726F99	Postsynaptic density
Q6NS60	CE726F99	Postsynaptic density
P38647	CE726F99	Postsynaptic density
P55088	CE726F99	Postsynaptic density
P18872	CE726F99	Postsynaptic density
Q9WVR4	CE726F99	Postsynaptic density
Q6NVG1	CE726F99	Postsynaptic density
P26041	CE726F99	Postsynaptic density
P08553	CE726F99	Postsynaptic density
P17710	CE726F99	Postsynaptic density
Q8BSZ2	CE726F99	Postsynaptic density
Q91VR2	CE726F99	Postsynaptic density
G5E8G3	CE726F99	Postsynaptic density
O08749	CE726F99	Postsynaptic density
Q8R464	CE726F99	Postsynaptic density
O08715	CE726F99	Postsynaptic density
Q811D0	CE726F99	Postsynaptic density
Q2M3X8	CE726F99	Postsynaptic density
Q9D328	CE726F99	Postsynaptic density
E9PW37	CE726F99	Postsynaptic density
Q8C650	CE726F99	Postsynaptic density
O08917	CE726F99	Postsynaptic density
Q9D024	CE726F99	Postsynaptic density
Q8C190	CE726F99	Postsynaptic density
Q6ZQ82	CE726F99	Postsynaptic density
Q99JY9	CE726F99	Postsynaptic density
Q60829	CE726F99	Postsynaptic density
Q6I6G8	CE726F99	Postsynaptic density
Q68FD5	CE726F99	Postsynaptic density
P11499	CE726F99	Postsynaptic density
Q04736	CE726F99	Postsynaptic density
O89053	CE726F99	Postsynaptic density
Q91XV3	CE726F99	Postsynaptic density
E9Q7L0	CE726F99	Postsynaptic density
Q60625	CE726F99	Postsynaptic density
P63037	CE726F99	Postsynaptic density
Q80Z10	CE726F99	Postsynaptic density
Q8BUV3	CE726F99	Postsynaptic density
Q91YQ5	CE726F99	Postsynaptic density
Q9CQW2	CE726F99	Postsynaptic density
Q7TSC1	CE726F99	Postsynaptic density
P39447	CE726F99	Postsynaptic density
B9EKR1	CE726F99	Postsynaptic density
Q8CAK3	CE726F99	Postsynaptic density
P21279	CE726F99	Postsynaptic density
P97434	CE726F99	Postsynaptic density
E9PYF4	CE726F99	Postsynaptic density
B9EJA2	CE726F99	Postsynaptic density
Q9CQD1	CE726F99	Postsynaptic density
P50580	CE726F99	Postsynaptic density
Q9QYS2	CE726F99	Postsynaptic density
P28652	CE726F99	Postsynaptic density
P55098	CE726F99	Postsynaptic density
P21278	CE726F99	Postsynaptic density
Q62419	CE726F99	Postsynaptic density
Q6IMP4	CE726F99	Postsynaptic density
Q9D0L7	CE726F99	Postsynaptic density
B1AXV0	CE726F99	Postsynaptic density
P26049	CE726F99	Postsynaptic density
Q6PFX7	CE726F99	Postsynaptic density
Q6P9K9	CE726F99	Postsynaptic density
P63216	CE726F99	Postsynaptic density
Q9WV18	CE726F99	Postsynaptic density
Q9CR62	CE726F99	Postsynaptic density
Q8BZ98	CE726F99	Postsynaptic density
Q9JKK7	CE726F99	Postsynaptic density
Q91ZD4	CE726F99	Postsynaptic density
Q9D8Y0	CE726F99	Postsynaptic density
A0A0A6YY83	CE726F99	Postsynaptic density
P16125	CE726F99	Postsynaptic density
Q8BG95	CE726F99	Postsynaptic density
P15116	CE726F99	Postsynaptic density
Q08460	CE726F99	Postsynaptic density
Q9ERI6	CE726F99	Postsynaptic density
Q99M71	CE726F99	Postsynaptic density
P51660	CE726F99	Postsynaptic density
Q920P3	CE726F99	Postsynaptic density
Q6KAR6	CE726F99	Postsynaptic density
Q62407	CE726F99	Postsynaptic density
P84309	CE726F99	Postsynaptic density
Q9Z1G3	CE726F99	Postsynaptic density
Q8K3G9	CE726F99	Postsynaptic density
Q8CCN5	CE726F99	Postsynaptic density
Q61187	CE726F99	Postsynaptic density
Q8CAQ8	CE726F99	Postsynaptic density
Q62417	CE726F99	Postsynaptic density
P56480	CE726F99	Postsynaptic density
Q6ZQ38	CE726F99	Postsynaptic density
O88712	CE726F99	Postsynaptic density
B1AZP2	CE726F99	Postsynaptic density
P80313	CE726F99	Postsynaptic density
P70227	CE726F99	Postsynaptic density
Q80T41	CE726F99	Postsynaptic density
G5E8B9	CE726F99	Postsynaptic density
Q8BPU7	CE726F99	Postsynaptic density
Q9ESN9	CE726F99	Postsynaptic density
P55012	CE726F99	Postsynaptic density
Q8C419	CE726F99	Postsynaptic density
Q8CGK7	CE726F99	Postsynaptic density
Q9R1Q8	CE726F99	Postsynaptic density
Q68FG2	CE726F99	Postsynaptic density
P59823	CE726F99	Postsynaptic density
Q9QZS3	CE726F99	Postsynaptic density
Q8BFZ9	CE726F99	Postsynaptic density
P0DP60	CE726F99	Postsynaptic density
Q91V14	CE726F99	Postsynaptic density
E9Q9B7	CE726F99	Postsynaptic density
O35465	CE726F99	Postsynaptic density
Q60865	CE726F99	Postsynaptic density
Q8BUK6	CE726F99	Postsynaptic density
Q8CIP4	CE726F99	Postsynaptic density
Q922Q4	CE726F99	Postsynaptic density
Q9JJW6	CE726F99	Postsynaptic density
P70704	CE726F99	Postsynaptic density
P21550	CE726F99	Postsynaptic density
Q91WQ3	CE726F99	Postsynaptic density
Q4QQM4	CE726F99	Postsynaptic density
P48758	CE726F99	Postsynaptic density
Q8CCJ3	CE726F99	Postsynaptic density
Q9EPL2	CE726F99	Postsynaptic density
P41105	CE726F99	Postsynaptic density
Q3V0I2	CE726F99	Postsynaptic density
Q9R0N7	CE726F99	Postsynaptic density
P63056	CE726F99	Postsynaptic density
Q7TMB8	CE726F99	Postsynaptic density
Q80Z38	CE726F99	Postsynaptic density
Q69Z98	CE726F99	Postsynaptic density
Q9WV27	CE726F99	Postsynaptic density
Q9QUP5	CE726F99	Postsynaptic density
Q9CQ75	CE726F99	Postsynaptic density
Q8JZQ2	CE726F99	Postsynaptic density
P45591	CE726F99	Postsynaptic density
Q99JP0	CE726F99	Postsynaptic density
Q922S8	CE726F99	Postsynaptic density
P62852	CE726F99	Postsynaptic density
Q76MZ3	CE726F99	Postsynaptic density
Q91Y20	CE726F99	Postsynaptic density
Q80U49	CE726F99	Postsynaptic density
Q64521	CE726F99	Postsynaptic density
Q6PIC6	CE726F99	Postsynaptic density
Q6IRU5	CE726F99	Postsynaptic density
Q8R3Z5	CE726F99	Postsynaptic density
Q3UHD6	CE726F99	Postsynaptic density
Q3UIU2	CE726F99	Postsynaptic density
O70456	CE726F99	Postsynaptic density
Q8BL65	CE726F99	Postsynaptic density
O08582	CE726F99	Postsynaptic density
Q8BZZ3	CE726F99	Postsynaptic density
Q99LC3	CE726F99	Postsynaptic density
P00405	CE726F99	Postsynaptic density
Q7M6Y3	CE726F99	Postsynaptic density
Q61644	CE726F99	Postsynaptic density
P70168	CE726F99	Postsynaptic density
P52480	CE726F99	Postsynaptic density
Q3UH66	CE726F99	Postsynaptic density
Q9CZT8	CE726F99	Postsynaptic density
P63260	CE726F99	Postsynaptic density
O88952	CE726F99	Postsynaptic density
P17751	CE726F99	Postsynaptic density
O55142	CE726F99	Postsynaptic density
Q9D5T0	CE726F99	Postsynaptic density
Q5NCJ1	CE726F99	Postsynaptic density
Q9Z329	CE726F99	Postsynaptic density
P18760	CE726F99	Postsynaptic density
Q9JME5	CE726F99	Postsynaptic density
Q8CGC7	CE726F99	Postsynaptic density
P51863	CE726F99	Postsynaptic density
Q8BM13	CE726F99	Postsynaptic density
Q6P9K8	CE726F99	Postsynaptic density
P62484	CE726F99	Postsynaptic density
P55288	CE726F99	Postsynaptic density
Q9JIA1	CE726F99	Postsynaptic density
Q8CHU3	CE726F99	Postsynaptic density
O08688	CE726F99	Postsynaptic density
P59999	CE726F99	Postsynaptic density
Q3THE2	CE726F99	Postsynaptic density
Q9CU62	CE726F99	Postsynaptic density
Q8VHK5	CE726F99	Postsynaptic density
P61164	CE726F99	Postsynaptic density
Q6PDS3	CE726F99	Postsynaptic density
Q91VA7	CE726F99	Postsynaptic density
Q8CHP5	CE726F99	Postsynaptic density
O55028	CE726F99	Postsynaptic density
Q80ZJ1	CE726F99	Postsynaptic density
Q8QZT2	CE726F99	Postsynaptic density
Q8BYM5	CE726F99	Postsynaptic density
Q8BPN8	CE726F99	Postsynaptic density
Q8JZP9	CE726F99	Postsynaptic density
P61294	CE726F99	Postsynaptic density
Q60714	CE726F99	Postsynaptic density
Q8R1A4	CE726F99	Postsynaptic density
O88343	CE726F99	Postsynaptic density
O70503	CE726F99	Postsynaptic density
P03995	CE726F99	Postsynaptic density
Q9D6R2	CE726F99	Postsynaptic density
Q14AX6	CE726F99	Postsynaptic density
Q9QYC0	CE726F99	Postsynaptic density
P60521	CE726F99	Postsynaptic density
Q5DTX6	CE726F99	Postsynaptic density
Q9CQV7	CE726F99	Postsynaptic density
Q8C1B7	CE726F99	Postsynaptic density
Q9WTR5	CE726F99	Postsynaptic density
Q9DCS9	CE726F99	Postsynaptic density
Q8BGH2	CE726F99	Postsynaptic density
P46735	CE726F99	Postsynaptic density
Q9QY76	CE726F99	Postsynaptic density
P08249	CE726F99	Postsynaptic density
Q9QXX4	CE726F99	Postsynaptic density
P62281	CE726F99	Postsynaptic density
Q9Z2W9	CE726F99	Postsynaptic density
Q9CVB6	CE726F99	Postsynaptic density
P09242	CE726F99	Postsynaptic density
O35449	CE726F99	Postsynaptic density
Q9EPE9	CE726F99	Postsynaptic density
F8VPU2	CE726F99	Postsynaptic density
Q8BRF7	CE726F99	Postsynaptic density
P17809	CE726F99	Postsynaptic density
Q640R3	CE726F99	Postsynaptic density
E9Q6H8	CE726F99	Postsynaptic density
O35681	CE726F99	Postsynaptic density
Q99LR1	CE726F99	Postsynaptic density
Q8VIJ6	CE726F99	Postsynaptic density
Q9CQJ8	CE726F99	Postsynaptic density
Q99JR1	CE726F99	Postsynaptic density
Q3U1F9	CE726F99	Postsynaptic density
Q8BH43	CE726F99	Postsynaptic density
Q9DB41	CE726F99	Postsynaptic density
Q9CYL5	CE726F99	Postsynaptic density
Q60692	CE726F99	Postsynaptic density
P08103	CE726F99	Postsynaptic density
Q8BW41	CE726F99	Postsynaptic density
Q9Z2Q6	CE726F99	Postsynaptic density
Q9QXY6	CE726F99	Postsynaptic density
Q9WUM5	CE726F99	Postsynaptic density
Q0VBF8	CE726F99	Postsynaptic density
Q5DTT2	CE726F99	Postsynaptic density
P43006	CE726F99	Postsynaptic density
P20152	CE726F99	Postsynaptic density
Q06890	CE726F99	Postsynaptic density
O54734	CE726F99	Postsynaptic density
P58771	CE726F99	Postsynaptic density
Q60875	CE726F99	Postsynaptic density
Q9JJV5	CE726F99	Postsynaptic density
P61264	CE726F99	Postsynaptic density
P58137	CE726F99	Postsynaptic density
P42208	CE726F99	Postsynaptic density
Q80UW2	CE726F99	Postsynaptic density
Q5HZI2	CE726F99	Postsynaptic density
Q6PHQ9	CE726F99	Postsynaptic density
Q6S5J6	CE726F99	Postsynaptic density
Q9CQQ7	CE726F99	Postsynaptic density
A2AHG0	CE726F99	Postsynaptic density
Q9CQV8	CE726F99	Postsynaptic density
D3YVF0	CE726F99	Postsynaptic density
Q9WVK8	CE726F99	Postsynaptic density
Q01097	CE726F99	Postsynaptic density
P62141	CE726F99	Postsynaptic density
H3BJD6	CE726F99	Postsynaptic density
Q9D6M3	CE726F99	Postsynaptic density
Q5FW52	CE726F99	Postsynaptic density
Q7TPM6	CE726F99	Postsynaptic density
P62830	CE726F99	Postsynaptic density
Q9D0E1	CE726F99	Postsynaptic density
Q9Z2W8	CE726F99	Postsynaptic density
F2Z3U3	CE726F99	Postsynaptic density
P60761	CE726F99	Postsynaptic density
P97820	CE726F99	Postsynaptic density
Q80TR1	CE726F99	Postsynaptic density
Q9D0E3	CE726F99	Postsynaptic density
Q8BIZ1	CE726F99	Postsynaptic density
Q5DTL9	CE726F99	Postsynaptic density
Q8VHJ5	CE726F99	Postsynaptic density
P23818	CE726F99	Postsynaptic density
P35803	CE726F99	Postsynaptic density
Q3TY60	CE726F99	Postsynaptic density
Q7TPR4	CE726F99	Postsynaptic density
Q8CIE6	CE726F99	Postsynaptic density
P61967	CE726F99	Postsynaptic density
Q9QXY9	CE726F99	Postsynaptic density
Q8VDM4	CE726F99	Postsynaptic density
O08788	CE726F99	Postsynaptic density
B1AUE5	CE726F99	Postsynaptic density
O88998	CE726F99	Postsynaptic density
Q5SQX6	CE726F99	Postsynaptic density
Q80SW1	CE726F99	Postsynaptic density
Q8K207	CE726F99	Postsynaptic density
Q80UM7	CE726F99	Postsynaptic density
Q9EPN1	CE726F99	Postsynaptic density
Q61595	CE726F99	Postsynaptic density
Q9CWZ7	CE726F99	Postsynaptic density
G3XA20	CE726F99	Postsynaptic density
Q6PFD5	CE726F99	Postsynaptic density
Q8K212	CE726F99	Postsynaptic density
O88741	CE726F99	Postsynaptic density
Q99JB2	CE726F99	Postsynaptic density
Q6PGC1	CE726F99	Postsynaptic density
Q60931	CE726F99	Postsynaptic density
A2AGT5	CE726F99	Postsynaptic density
D3YZU1	CE726F99	Postsynaptic density
Q6NS52	CE726F99	Postsynaptic density
Q9CQW1	CE726F99	Postsynaptic density
Q8CGE9	CE726F99	Postsynaptic density
P63318	CE726F99	Postsynaptic density
Q8VCY8	CE726F99	Postsynaptic density
Q08274	CE726F99	Postsynaptic density
E9PVA8	CE726F99	Postsynaptic density
Q8CC35	CE726F99	Postsynaptic density
P14231	CE726F99	Postsynaptic density
P62270	CE726F99	Postsynaptic density
O55126	CE726F99	Postsynaptic density
P59764	CE726F99	Postsynaptic density
Q9Z1Q9	CE726F99	Postsynaptic density
Q9JLZ3	CE726F99	Postsynaptic density
Q8R127	CE726F99	Postsynaptic density
Q9R269	CE726F99	Postsynaptic density
P28660	CE726F99	Postsynaptic density
O88951	CE726F99	Postsynaptic density
P12382	CE726F99	Postsynaptic density
Q9CWF2	CE726F99	Postsynaptic density
Q8BPM0	CE726F99	Postsynaptic density
P31324	CE726F99	Postsynaptic density
Q60960	CE726F99	Postsynaptic density
Q9DB72	CE726F99	Postsynaptic density
Q3TGW2	CE726F99	Postsynaptic density
Q8R4E6	CE726F99	Postsynaptic density
O08579	CE726F99	Postsynaptic density
P0CG50	CE726F99	Postsynaptic density
Q9QX11	CE726F99	Postsynaptic density
P26040	CE726F99	Postsynaptic density
P17427	CE726F99	Postsynaptic density
Q8VEH3	CE726F99	Postsynaptic density
Q9D2N9	CE726F99	Postsynaptic density
Q80ZF8	CE726F99	Postsynaptic density
Q9QYJ0	CE726F99	Postsynaptic density
Q9DAS9	CE726F99	Postsynaptic density
Q8BGN3	CE726F99	Postsynaptic density
Q9D8E6	CE726F99	Postsynaptic density
O08914	CE726F99	Postsynaptic density
P14131	CE726F99	Postsynaptic density
Q3UHD1	CE726F99	Postsynaptic density
O35454	CE726F99	Postsynaptic density
Q91ZP9	CE726F99	Postsynaptic density
Q7TME0	CE726F99	Postsynaptic density
Q9D1R9	CE726F99	Postsynaptic density
Q0PHV7	CE726F99	Postsynaptic density
Q8BGX2	CE726F99	Postsynaptic density
Q9R1V4	CE726F99	Postsynaptic density
P84096	CE726F99	Postsynaptic density
Q8CGU1	CE726F99	Postsynaptic density
P0DP28	CE726F99	Postsynaptic density
Q80VC9	CE726F99	Postsynaptic density
Q8CGF6	CE726F99	Postsynaptic density
O54781	CE726F99	Postsynaptic density
O08539	CE726F99	Postsynaptic density
P51150	CE726F99	Postsynaptic density
P99024	CE726F99	Postsynaptic density
O70589	CE726F99	Postsynaptic density
P61358	CE726F99	Postsynaptic density
Q8BXK8	CE726F99	Postsynaptic density
Q91VC3	CE726F99	Postsynaptic density
Q9JMB8	CE726F99	Postsynaptic density
Q62418	CE726F99	Postsynaptic density
Q8R5H6	CE726F99	Postsynaptic density
Q60870	CE726F99	Postsynaptic density
Q5SSM3	CE726F99	Postsynaptic density
O70443	CE726F99	Postsynaptic density
Q3UHL1	CE726F99	Postsynaptic density
Q9QYR6	CE726F99	Postsynaptic density
Q8R570	CE726F99	Postsynaptic density
Q80TS3	CE726F99	Postsynaptic density
P46638	CE726F99	Postsynaptic density
P55096	CE726F99	Postsynaptic density
P70290	CE726F99	Postsynaptic density
P62071	CE726F99	Postsynaptic density
Q7TNM2	CE726F99	Postsynaptic density
Q8CH77	CE726F99	Postsynaptic density
Q922D8	CE726F99	Postsynaptic density
P08551	CE726F99	Postsynaptic density
P12849	CE726F99	Postsynaptic density
Q9EPW0	CE726F99	Postsynaptic density
Q69ZP3	CE726F99	Postsynaptic density
Q5DTY9	CE726F99	Postsynaptic density
Q80TS7	CE726F99	Postsynaptic density
P70392	CE726F99	Postsynaptic density
Q8K0D0	CE726F99	Postsynaptic density
Q9Z0R4	CE726F99	Postsynaptic density
Q3TRM4	CE726F99	Postsynaptic density
Q8BKZ9	CE726F99	Postsynaptic density
P56564	CE726F99	Postsynaptic density
P35979	CE726F99	Postsynaptic density
Q6NZL0	CE726F99	Postsynaptic density
Q8K1M6	CE726F99	Postsynaptic density
Q03141	CE726F99	Postsynaptic density
P35486	CE726F99	Postsynaptic density
P68369	CE726F99	Postsynaptic density
Q99JY8	CE726F99	Postsynaptic density
Q61543	CE726F99	Postsynaptic density
Q6PHN9	CE726F99	Postsynaptic density
E9PV26	CE726F99	Postsynaptic density
O08967	CE726F99	Postsynaptic density
Q14BB9	CE726F99	Postsynaptic density
Q80U63	CE726F99	Postsynaptic density
P63168	CE726F99	Postsynaptic density
Q80U40	CE726F99	Postsynaptic density
P58252	CE726F99	Postsynaptic density
Q03391	CE726F99	Postsynaptic density
P26048	CE726F99	Postsynaptic density
P28741	CE726F99	Postsynaptic density
Q9CX00	CE726F99	Postsynaptic density
P19783	CE726F99	Postsynaptic density
Q8HW98	CE726F99	Postsynaptic density
E9Q6P5	CE726F99	Postsynaptic density
Q3UJU9	CE726F99	Postsynaptic density
A2A699	CE726F99	Postsynaptic density
O08585	CE726F99	Postsynaptic density
Q91WD5	CE726F99	Postsynaptic density
P25911	CE726F99	Postsynaptic density
Q8CHC4	CE726F99	Postsynaptic density
Q61290	CE726F99	Postsynaptic density
Q810U3	CE726F99	Postsynaptic density
O55131	CE726F99	Postsynaptic density
P62743	CE726F99	Postsynaptic density
Q9Z0V2	CE726F99	Postsynaptic density
Q6PHZ8	CE726F99	Postsynaptic density
P62717	CE726F99	Postsynaptic density
Q61885	CE726F99	Postsynaptic density
O88735	CE726F99	Postsynaptic density
P12960	CE726F99	Postsynaptic density
Q9Z0Y1	CE726F99	Postsynaptic density
Q9D6F4	CE726F99	Postsynaptic density
Q6PER3	CE726F99	Postsynaptic density
Q6PCP5	CE726F99	Postsynaptic density
Q8BNN1	CE726F99	Postsynaptic density
P16627	CE726F99	Postsynaptic density
Q9CWG9	CE726F99	Postsynaptic density
P61979	CE726F99	Postsynaptic density
P63024	CE726F99	Postsynaptic density
Q9CQ62	CE726F99	Postsynaptic density
Q5F2E8	CE726F99	Postsynaptic density
Q91WC3	CE726F99	Postsynaptic density
P62881	CE726F99	Postsynaptic density
Q9CQX2	CE726F99	Postsynaptic density
Q91V61	CE726F99	Postsynaptic density
P58404	CE726F99	Postsynaptic density
Q9D2G2	CE726F99	Postsynaptic density
Q6ZQK5	CE726F99	Postsynaptic density
Q91VK4	CE726F99	Postsynaptic density
Q8K0T7	CE726F99	Postsynaptic density
Q9EQJ9	CE726F99	Postsynaptic density
Q9ERR1	CE726F99	Postsynaptic density
Q9CPW0	CE726F99	Postsynaptic density
Q8BQP9	CE726F99	Postsynaptic density
P99029	CE726F99	Postsynaptic density
Q9JL26	CE726F99	Postsynaptic density
Q80XN0	CE726F99	Postsynaptic density
Q6PDL0	CE726F99	Postsynaptic density
Q3UIL6	CE726F99	Postsynaptic density
O88935	CE726F99	Postsynaptic density
Q6NSW3	CE726F99	Postsynaptic density
P62264	CE726F99	Postsynaptic density
Q91VR7	CE726F99	Postsynaptic density
Q60803	CE726F99	Postsynaptic density
Q9JL04	CE726F99	Postsynaptic density
Q9CR16	CE726F99	Postsynaptic density
Q6URW6	CE726F99	Postsynaptic density
P48453	CE726F99	Postsynaptic density
P62631	CE726F99	Postsynaptic density
Q9D2N4	CE726F99	Postsynaptic density
Q99KJ8	CE726F99	Postsynaptic density
P80318	CE726F99	Postsynaptic density
Q8BHS8	CE726F99	Postsynaptic density
Q9DBR7	CE726F99	Postsynaptic density
Q5NBX1	CE726F99	Postsynaptic density
Q61016	CE726F99	Postsynaptic density
P40124	CE726F99	Postsynaptic density
Q8CIQ7	CE726F99	Postsynaptic density
P35545	CE726F99	Postsynaptic density
Q61410	CE726F99	Postsynaptic density
P47802	CE726F99	Postsynaptic density
Q9R1R2	CE726F99	Postsynaptic density
Q9CXW4	CE726F99	Postsynaptic density
Q60790	CE726F99	Postsynaptic density
O88737	CE726F99	Postsynaptic density
Q91WS0	CE726F99	Postsynaptic density
P62911	CE726F99	Postsynaptic density
P97390	CE726F99	Postsynaptic density
Q3UWE6	CE726F99	Postsynaptic density
A2CG49	CE726F99	Postsynaptic density
A2ARS0	CE726F99	Postsynaptic density
O35857	CE726F99	Postsynaptic density
D4AFX7	CE726F99	Postsynaptic density
Q6ZPQ6	CE726F99	Postsynaptic density
Q6NXK7	CE726F99	Postsynaptic density
Q7TMM9	CE726F99	Postsynaptic density
Q8JZZ7	CE726F99	Postsynaptic density
Q9R0A0	CE726F99	Postsynaptic density
P63085	CE726F99	Postsynaptic density
P42567	CE726F99	Postsynaptic density
Q7TT15	CE726F99	Postsynaptic density
Q62442	CE726F99	Postsynaptic density
Q9EP69	CE726F99	Postsynaptic density
Q7TMK9	CE726F99	Postsynaptic density
Q62425	CE726F99	Postsynaptic density
Q71LX4	CE726F99	Postsynaptic density
Q9CZU6	CE726F99	Postsynaptic density
D3YXK0	CE726F99	Postsynaptic density
P30999	CE726F99	Postsynaptic density
Q64133	CE726F99	Postsynaptic density
Q61390	CE726F99	Postsynaptic density
Q99KK2	CE726F99	Postsynaptic density
O70378	CE726F99	Postsynaptic density
Q810U4	CE726F99	Postsynaptic density
P62849	CE726F99	Postsynaptic density
Q8C2Q3	CE726F99	Postsynaptic density
Q7TNR6	CE726F99	Postsynaptic density
Q99LB2	CE726F99	Postsynaptic density
Q05512	CE726F99	Postsynaptic density
Q6PAJ1	CE726F99	Postsynaptic density
Q8BK63	CE726F99	Postsynaptic density
O55106	CE726F99	Postsynaptic density
Q9QWY8	CE726F99	Postsynaptic density
Q3TEA8	CE726F99	Postsynaptic density
P11983	CE726F99	Postsynaptic density
Q9EQZ6	CE726F99	Postsynaptic density
Q78IK2	CE726F99	Postsynaptic density
Q80XG9	CE726F99	Postsynaptic density
Q99JP6	CE726F99	Postsynaptic density
P70336	CE726F99	Postsynaptic density
Q9CQC7	CE726F99	Postsynaptic density
Q5XJV6	CE726F99	Postsynaptic density
P26043	CE726F99	Postsynaptic density
P63141	CE726F99	Postsynaptic density
P99027	CE726F99	Postsynaptic density
P63137	CE726F99	Postsynaptic density
Q64332	CE726F99	Postsynaptic density
Q9CQS4	CE726F99	Postsynaptic density
P16388	CE726F99	Postsynaptic density
P97445	CE726F99	Postsynaptic density
Q71M36	CE726F99	Postsynaptic density
Q8BWS5	CE726F99	Postsynaptic density
Q03173	CE726F99	Postsynaptic density
P62843	CE726F99	Postsynaptic density
P20357	CE726F99	Postsynaptic density
Q9QZC2	CE726F99	Postsynaptic density
A6ZI46	CE726F99	Postsynaptic density
Q61411	CE726F99	Postsynaptic density
Q9R0P5	CE726F99	Postsynaptic density
Q9Z0G0	CE726F99	Postsynaptic density
Q8C3Q5	CE726F99	Postsynaptic density
Q7TQG1	CE726F99	Postsynaptic density
Q61315	CE726F99	Postsynaptic density
Q9DCR2	CE726F99	Postsynaptic density
Q62420	CE726F99	Postsynaptic density
Q3UHD9	CE726F99	Postsynaptic density
Q8C180	CE726F99	Postsynaptic density
A2AHC3	CE726F99	Postsynaptic density
Q925T6	CE726F99	Postsynaptic density
P61089	CE726F99	Postsynaptic density
P12367	CE726F99	Postsynaptic density
P39688	CE726F99	Postsynaptic density
Q7TT50	CE726F99	Postsynaptic density
Q61301	CE726F99	Postsynaptic density
Q91YT7	CE726F99	Postsynaptic density
Q80YF9	CE726F99	Postsynaptic density
Q3UU96	CE726F99	Postsynaptic density
O88485	CE726F99	Postsynaptic density
Q8BML9	CE726F99	Postsynaptic density
Q01853	CE726F99	Postsynaptic density
O35954	CE726F99	Postsynaptic density
Q9EQZ7	CE726F99	Postsynaptic density
Q8VHH5	CE726F99	Postsynaptic density
Q91X97	CE726F99	Postsynaptic density
Q61941	CE726F99	Postsynaptic density
Q9Z1L5	CE726F99	Postsynaptic density
P60853	CE726F99	Postsynaptic density
Q62108	CE726F99	Postsynaptic density
Q6EDY6	CE726F99	Postsynaptic density
P08226	CE726F99	Postsynaptic density
P49312	CE726F99	Postsynaptic density
Q91YT0	CE726F99	Postsynaptic density
Q3TY86	CE726F99	Postsynaptic density
Q9JKC6	CE726F99	Postsynaptic density
Q69ZK9	CE726F99	Postsynaptic density
P56399	CE726F99	Postsynaptic density
Q9CZ13	CE726F99	Postsynaptic density
Q8CJG1	CE726F99	Postsynaptic density
O35593	CE726F99	Postsynaptic density
P43277	CE726F99	Postsynaptic density
P30677	CE726F99	Postsynaptic density
Q61584	CE726F99	Postsynaptic density
Q9Z2C4	CE726F99	Postsynaptic density
Q8BYI9	CE726F99	Postsynaptic density
Q03265	CE726F99	Postsynaptic density
A2A7S8	CE726F99	Postsynaptic density
P51881	CE726F99	Postsynaptic density
P16546	CE726F99	Postsynaptic density
Q01065	CE726F99	Postsynaptic density
Q8C996	CE726F99	Postsynaptic density
Q9CY58	CE726F99	Postsynaptic density
P62889	CE726F99	Postsynaptic density
Q505D7	CE726F99	Postsynaptic density
P16390	CE726F99	Postsynaptic density
Q8C3F2	CE726F99	Postsynaptic density
Q9D0I9	CE726F99	Postsynaptic density
P47740	CE726F99	Postsynaptic density
Q9R1Q9	CE726F99	Postsynaptic density
P84075	CE726F99	Postsynaptic density
P06745	CE726F99	Postsynaptic density
P62075	CE726F99	Postsynaptic density
Q80Z24	CE726F99	Postsynaptic density
P28663	CE726F99	Postsynaptic density
Q61753	CE726F99	Postsynaptic density
P70404	CE726F99	Postsynaptic density
Q9QUI0	CE726F99	Postsynaptic density
Q9Z2I9	CE726F99	Postsynaptic density
P60469	CE726F99	Postsynaptic density
P35802	CE726F99	Postsynaptic density
Q9WV92	CE726F99	Postsynaptic density
O89051	CE726F99	Postsynaptic density
Q8BFR5	CE726F99	Postsynaptic density
P26443	CE726F99	Postsynaptic density
P19246	CE726F99	Postsynaptic density
P15508	CE726F99	Postsynaptic density
P14094	CE726F99	Postsynaptic density
Q9QYJ3	CE726F99	Postsynaptic density
P08752	CE726F99	Postsynaptic density
Q60780	CE726F99	Postsynaptic density
Q6PAK3	CE726F99	Postsynaptic density
P61255	CE726F99	Postsynaptic density
P25444	CE726F99	Postsynaptic density
Q61137	CE726F99	Postsynaptic density
Q78PY7	CE726F99	Postsynaptic density
Q3UE31	CE726F99	Postsynaptic density
Q61701	CE726F99	Postsynaptic density
P47963	CE726F99	Postsynaptic density
Q9QZ88	CE726F99	Postsynaptic density
Q6ZWN5	CE726F99	Postsynaptic density
Q9JJ28	CE726F99	Postsynaptic density
Q9ESJ4	CE726F99	Postsynaptic density
Q9JJY3	CE726F99	Postsynaptic density
P70429	CE726F99	Postsynaptic density
Q5U458	CE726F99	Postsynaptic density
P50396	CE726F99	Postsynaptic density
P62192	CE726F99	Postsynaptic density
O54931	CE726F99	Postsynaptic density
B1AWC9	CE726F99	Postsynaptic density
Q9Z1Q2	CE726F99	Postsynaptic density
F6SEU4	CE726F99	Postsynaptic density
Q8CH72	CE726F99	Postsynaptic density
P62858	CE726F99	Postsynaptic density
Q5Y5T5	CE726F99	Postsynaptic density
O54829	CE726F99	Postsynaptic density
P61982	CE726F99	Postsynaptic density
P61804	CE726F99	Postsynaptic density
P56135	CE726F99	Postsynaptic density
P36405	8C2F96ED	Centrosome
P25054	8C2F96ED	Centrosome
Q8NHQ1	8C2F96ED	Centrosome
Q6IQ19	8C2F96ED	Centrosome
Q9BY41	8C2F96ED	Centrosome
Q9NTK5	8C2F96ED	Centrosome
P09874	8C2F96ED	Centrosome
P50395	8C2F96ED	Centrosome
O15143	8C2F96ED	Centrosome
P78396	8C2F96ED	Centrosome
P04899	8C2F96ED	Centrosome
Q76N32	8C2F96ED	Centrosome
P52209	8C2F96ED	Centrosome
Q9Y265	8C2F96ED	Centrosome
Q00987	8C2F96ED	Centrosome
O14757	8C2F96ED	Centrosome
P51587	8C2F96ED	Centrosome
Q92834	8C2F96ED	Centrosome
Q12769	8C2F96ED	Centrosome
Q14194	8C2F96ED	Centrosome
P42345	8C2F96ED	Centrosome
Q9NPJ1	8C2F96ED	Centrosome
Q08211	8C2F96ED	Centrosome
P21964	8C2F96ED	Centrosome
Q66K74	8C2F96ED	Centrosome
Q9ULD2	8C2F96ED	Centrosome
O76070	8C2F96ED	Centrosome
Q14247	8C2F96ED	Centrosome
Q9Y277	8C2F96ED	Centrosome
O43670	8C2F96ED	Centrosome
Q9Y3E7	8C2F96ED	Centrosome
Q8TDX7	8C2F96ED	Centrosome
Q9UQB9	8C2F96ED	Centrosome
Q8NEM0	8C2F96ED	Centrosome
Q8N0Z3	8C2F96ED	Centrosome
Q3KR16	8C2F96ED	Centrosome
O60447	8C2F96ED	Centrosome
Q9BVJ7	8C2F96ED	Centrosome
P27361	8C2F96ED	Centrosome
O76095	8C2F96ED	Centrosome
Q96PF2	8C2F96ED	Centrosome
Q96JB5	8C2F96ED	Centrosome
Q9BXH1	8C2F96ED	Centrosome
Q9BTV5	8C2F96ED	Centrosome
P61163	8C2F96ED	Centrosome
P33992	8C2F96ED	Centrosome
Q9BTW9	8C2F96ED	Centrosome
Q9BVV6	8C2F96ED	Centrosome
O00522	8C2F96ED	Centrosome
P42229	8C2F96ED	Centrosome
Q8IWZ6	8C2F96ED	Centrosome
Q8NA72	8C2F96ED	Centrosome
Q9H1A4	8C2F96ED	Centrosome
Q9UJT2	8C2F96ED	Centrosome
Q15691	8C2F96ED	Centrosome
P57058	8C2F96ED	Centrosome
Q13761	8C2F96ED	Centrosome
O00459	8C2F96ED	Centrosome
P05067	8C2F96ED	Centrosome
Q7Z7A1	8C2F96ED	Centrosome
Q9P209	8C2F96ED	Centrosome
Q5SZL2	8C2F96ED	Centrosome
P29144	8C2F96ED	Centrosome
Q5JVL4	8C2F96ED	Centrosome
Q96FI4	8C2F96ED	Centrosome
P36873	8C2F96ED	Centrosome
P02511	8C2F96ED	Centrosome
P49768	8C2F96ED	Centrosome
P43487	8C2F96ED	Centrosome
P49023	8C2F96ED	Centrosome
P63167	8C2F96ED	Centrosome
Q6P2H3	8C2F96ED	Centrosome
Q96Q89	8C2F96ED	Centrosome
P06239	8C2F96ED	Centrosome
Q9C099	8C2F96ED	Centrosome
O43781	8C2F96ED	Centrosome
P19784	8C2F96ED	Centrosome
Q8TC76	8C2F96ED	Centrosome
Q9BYV8	8C2F96ED	Centrosome
Q13098	8C2F96ED	Centrosome
Q15797	8C2F96ED	Centrosome
P40763	8C2F96ED	Centrosome
P62136	8C2F96ED	Centrosome
Q02750	8C2F96ED	Centrosome
O75665	8C2F96ED	Centrosome
P29966	8C2F96ED	Centrosome
Q15208	8C2F96ED	Centrosome
O95072	8C2F96ED	Centrosome
O43566	8C2F96ED	Centrosome
Q9NRI5	8C2F96ED	Centrosome
Q9H4B6	8C2F96ED	Centrosome
Q9Z351	CE726F99	Postsynaptic density
O09044	CE726F99	Postsynaptic density
Q9UBW8	8C2F96ED	Centrosome
Q9D8W7	CE726F99	Postsynaptic density
J3QQ18	CE726F99	Postsynaptic density
Q91YH6	CE726F99	Postsynaptic density
Q7TSJ2	CE726F99	Postsynaptic density
P17742	CE726F99	Postsynaptic density
Q3UNH4	CE726F99	Postsynaptic density
P46660	CE726F99	Postsynaptic density
Q91UZ1	CE726F99	Postsynaptic density
Q9CR68	CE726F99	Postsynaptic density
Q9WV31	CE726F99	Postsynaptic density
Q9D898	CE726F99	Postsynaptic density
Q8BGU5	CE726F99	Postsynaptic density
G3XA57	CE726F99	Postsynaptic density
P0CG14	CE726F99	Postsynaptic density
Q5RJI5	CE726F99	Postsynaptic density
O54833	CE726F99	Postsynaptic density
Q78IK4	CE726F99	Postsynaptic density
Q9D7G0	CE726F99	Postsynaptic density
Q3UTH8	CE726F99	Postsynaptic density
Q3UTQ8	CE726F99	Postsynaptic density
P39054	CE726F99	Postsynaptic density
Q9Z2I2	CE726F99	Postsynaptic density
O08992	CE726F99	Postsynaptic density
Q8BSS9	CE726F99	Postsynaptic density
Q9Z0X1	CE726F99	Postsynaptic density
P29387	CE726F99	Postsynaptic density
Q3UBX0	CE726F99	Postsynaptic density
Q791V5	CE726F99	Postsynaptic density
Q9D1G5	CE726F99	Postsynaptic density
Q3UYC0	CE726F99	Postsynaptic density
P21107	CE726F99	Postsynaptic density
Q6PGN3	CE726F99	Postsynaptic density
Q60634	CE726F99	Postsynaptic density
Q14204	8C2F96ED	Centrosome
Q9NRM7	8C2F96ED	Centrosome
Q13946	8C2F96ED	Centrosome
Q9DBG7	CE726F99	Postsynaptic density
Q9C0F1	8C2F96ED	Centrosome
Q76KD6	8C2F96ED	Centrosome
O95835	8C2F96ED	Centrosome
P29762	8C2F96ED	Centrosome
Q9BT25	8C2F96ED	Centrosome
Q14683	8C2F96ED	Centrosome
P31323	8C2F96ED	Centrosome
O15066	8C2F96ED	Centrosome
Q14789	8C2F96ED	Centrosome
P53985	8C2F96ED	Centrosome
O15360	8C2F96ED	Centrosome
P78559	8C2F96ED	Centrosome
Q9UJT0	8C2F96ED	Centrosome
Q9NVX0	8C2F96ED	Centrosome
Q5TF58	8C2F96ED	Centrosome
Q13547	8C2F96ED	Centrosome
Q66GS9	8C2F96ED	Centrosome
Q17RS7	8C2F96ED	Centrosome
Q9Y2H1	8C2F96ED	Centrosome
Q96KG9	8C2F96ED	Centrosome
Q13464	8C2F96ED	Centrosome
P60510	8C2F96ED	Centrosome
P13861	8C2F96ED	Centrosome
Q9H8S9	8C2F96ED	Centrosome
Q9GZM8	8C2F96ED	Centrosome
P06493	8C2F96ED	Centrosome
P11801	8C2F96ED	Centrosome
P06748	8C2F96ED	Centrosome
Q9NXR1	8C2F96ED	Centrosome
Q9BW27	8C2F96ED	Centrosome
Q9NV58	8C2F96ED	Centrosome
O43293	8C2F96ED	Centrosome
Q5VT06	8C2F96ED	Centrosome
Q15642	8C2F96ED	Centrosome
Q96S59	8C2F96ED	Centrosome
Q9Y2I6	8C2F96ED	Centrosome
O15078	8C2F96ED	Centrosome
Q9UL46	8C2F96ED	Centrosome
Q9H8X2	8C2F96ED	Centrosome
Q9UI95	8C2F96ED	Centrosome
Q684P5	8C2F96ED	Centrosome
P42858	8C2F96ED	Centrosome
P68400	8C2F96ED	Centrosome
Q9C0D2	8C2F96ED	Centrosome
Q96K30	8C2F96ED	Centrosome
Q13439	8C2F96ED	Centrosome
Q96F15	8C2F96ED	Centrosome
Q96EA4	8C2F96ED	Centrosome
Q96Q42	8C2F96ED	Centrosome
Q92905	8C2F96ED	Centrosome
P49815	8C2F96ED	Centrosome
Q2M2Z5	8C2F96ED	Centrosome
P04629	8C2F96ED	Centrosome
Q5EBL4	8C2F96ED	Centrosome
Q9NY27	8C2F96ED	Centrosome
O43242	8C2F96ED	Centrosome
P10636	8C2F96ED	Centrosome
Q99828	8C2F96ED	Centrosome
Q5JVF3	8C2F96ED	Centrosome
O95997	8C2F96ED	Centrosome
P08F94	8C2F96ED	Centrosome
O43805	8C2F96ED	Centrosome
Q96ST8	8C2F96ED	Centrosome
Q7L9L4	8C2F96ED	Centrosome
Q13415	8C2F96ED	Centrosome
P23258	8C2F96ED	Centrosome
Q14289	8C2F96ED	Centrosome
O75367	8C2F96ED	Centrosome
Q9HC98	8C2F96ED	Centrosome
P53350	8C2F96ED	Centrosome
O95983	8C2F96ED	Centrosome
Q13554	8C2F96ED	Centrosome
P60484	8C2F96ED	Centrosome
Q96NS1	8C2F96ED	Centrosome
Q9NYH9	8C2F96ED	Centrosome
O60341	8C2F96ED	Centrosome
O14965	8C2F96ED	Centrosome
Q5SW96	8C2F96ED	Centrosome
P04637	8C2F96ED	Centrosome
P41002	8C2F96ED	Centrosome
Q9BQ89	8C2F96ED	Centrosome
Q9P1Z0	8C2F96ED	Centrosome
P54257	8C2F96ED	Centrosome
P55290	8C2F96ED	Centrosome
P62258	8C2F96ED	Centrosome
O75116	8C2F96ED	Centrosome
Q13177	8C2F96ED	Centrosome
Q9H4B4	8C2F96ED	Centrosome
P49916	8C2F96ED	Centrosome
Q8IZT6	8C2F96ED	Centrosome
P21127	8C2F96ED	Centrosome
O43504	8C2F96ED	Centrosome
O60308	8C2F96ED	Centrosome
P38646	8C2F96ED	Centrosome
O15111	8C2F96ED	Centrosome
Q9H0N0	8C2F96ED	Centrosome
P62699	8C2F96ED	Centrosome
Q96JE9	8C2F96ED	Centrosome
Q14203	8C2F96ED	Centrosome
Q92569	8C2F96ED	Centrosome
Q14980	8C2F96ED	Centrosome
Q9UNS2	8C2F96ED	Centrosome
Q7L5Y9	8C2F96ED	Centrosome
Q86VQ0	8C2F96ED	Centrosome
Q5FBB7	8C2F96ED	Centrosome
P41208	8C2F96ED	Centrosome
P53990	8C2F96ED	Centrosome
Q6VVB1	8C2F96ED	Centrosome
Q9Y230	8C2F96ED	Centrosome
Q9Y696	8C2F96ED	Centrosome
Q9UBK9	8C2F96ED	Centrosome
O14977	8C2F96ED	Centrosome
Q8TD31	8C2F96ED	Centrosome
Q9H0K1	8C2F96ED	Centrosome
Q9H4X1	8C2F96ED	Centrosome
P41134	8C2F96ED	Centrosome
Q9Y6D9	8C2F96ED	Centrosome
O60716	8C2F96ED	Centrosome
Q13153	8C2F96ED	Centrosome
Q05086	8C2F96ED	Centrosome
Q6UVJ0	8C2F96ED	Centrosome
P45983	8C2F96ED	Centrosome
P27816	8C2F96ED	Centrosome
Q70YC5	8C2F96ED	Centrosome
Q99075	8C2F96ED	Centrosome
Q9Y2X7	8C2F96ED	Centrosome
Q9BYG4	8C2F96ED	Centrosome
Q8TEP8	8C2F96ED	Centrosome
Q8WXW3	8C2F96ED	Centrosome
Q9NYA1	8C2F96ED	Centrosome
Q8NFJ9	8C2F96ED	Centrosome
Q9UPV0	8C2F96ED	Centrosome
Q92597	8C2F96ED	Centrosome
P08754	8C2F96ED	Centrosome
P41236	8C2F96ED	Centrosome
Q9UBP0	8C2F96ED	Centrosome
Q8N8E3	8C2F96ED	Centrosome
Q9BZD4	8C2F96ED	Centrosome
Q9Y6F1	8C2F96ED	Centrosome
Q6NUQ1	8C2F96ED	Centrosome
Q86XR8	8C2F96ED	Centrosome
O60688	8C2F96ED	Centrosome
P29590	8C2F96ED	Centrosome
Q8WWK9	8C2F96ED	Centrosome
Q86SG6	8C2F96ED	Centrosome
P09497	8C2F96ED	Centrosome
Q14008	8C2F96ED	Centrosome
Q13315	8C2F96ED	Centrosome
O95613	8C2F96ED	Centrosome
P09104	8C2F96ED	Centrosome
Q9UHD8	8C2F96ED	Centrosome
Q9Y496	8C2F96ED	Centrosome
P42574	8C2F96ED	Centrosome
P40121	8C2F96ED	Centrosome
Q13526	8C2F96ED	Centrosome
Q99569	8C2F96ED	Centrosome
O75410	8C2F96ED	Centrosome
Q96GE4	8C2F96ED	Centrosome
Q8NHV4	8C2F96ED	Centrosome
Q7L5N1	8C2F96ED	Centrosome
O75330	8C2F96ED	Centrosome
O43303	8C2F96ED	Centrosome
P14635	8C2F96ED	Centrosome
Q8IW41	8C2F96ED	Centrosome
P61968	8C2F96ED	Centrosome
O75496	8C2F96ED	Centrosome
Q14191	8C2F96ED	Centrosome
Q9HC77	8C2F96ED	Centrosome
P23297	8C2F96ED	Centrosome
P32121	8C2F96ED	Centrosome
P61236	8C2F96ED	Centrosome
Q96HJ3	8C2F96ED	Centrosome
P24941	8C2F96ED	Centrosome
Q155Q3	8C2F96ED	Centrosome
Q13416	8C2F96ED	Centrosome
Q99816	8C2F96ED	Centrosome
Q3B820	8C2F96ED	Centrosome
Q96EZ8	8C2F96ED	Centrosome
P61201	8C2F96ED	Centrosome
Q1W6H9	8C2F96ED	Centrosome
O60927	8C2F96ED	Centrosome
Q15834	8C2F96ED	Centrosome
Q9ULJ1	8C2F96ED	Centrosome
P11309	8C2F96ED	Centrosome
Q13123	8C2F96ED	Centrosome
Q9Y2T1	8C2F96ED	Centrosome
O96017	8C2F96ED	Centrosome
Q13772	8C2F96ED	Centrosome
Q8TF40	8C2F96ED	Centrosome
P30307	8C2F96ED	Centrosome
P61266	8C2F96ED	Centrosome
Q13561	8C2F96ED	Centrosome
Q02156	8C2F96ED	Centrosome
Q96FJ2	8C2F96ED	Centrosome
Q96FC9	8C2F96ED	Centrosome
Q9H228	8C2F96ED	Centrosome
P36507	8C2F96ED	Centrosome
Q8TF09	8C2F96ED	Centrosome
P42025	8C2F96ED	Centrosome
P22692	8C2F96ED	Centrosome
Q9Y6G9	8C2F96ED	Centrosome
P50995	8C2F96ED	Centrosome
Q8IXJ6	8C2F96ED	Centrosome
Q9NS56	8C2F96ED	Centrosome
P36404	8C2F96ED	Centrosome
O43602	8C2F96ED	Centrosome
Q5T6F0	8C2F96ED	Centrosome
Q8TAM2	8C2F96ED	Centrosome
O15013	8C2F96ED	Centrosome
P06400	8C2F96ED	Centrosome
Q16584	8C2F96ED	Centrosome
P55036	8C2F96ED	Centrosome
P38936	8C2F96ED	Centrosome
Q96CW5	8C2F96ED	Centrosome
Q12815	8C2F96ED	Centrosome
Q96ED9	8C2F96ED	Centrosome
Q86SQ7	8C2F96ED	Centrosome
Q05397	8C2F96ED	Centrosome
O00139	8C2F96ED	Centrosome
P48729	8C2F96ED	Centrosome
O76050	8C2F96ED	Centrosome
P49711	8C2F96ED	Centrosome
Q86YT6	8C2F96ED	Centrosome
Q07869	8C2F96ED	Centrosome
Q96RT8	8C2F96ED	Centrosome
O75935	8C2F96ED	Centrosome
Q8N137	8C2F96ED	Centrosome
Q8TEY7	8C2F96ED	Centrosome
O14920	8C2F96ED	Centrosome
O60934	8C2F96ED	Centrosome
Q9Y6K9	8C2F96ED	Centrosome
Q15468	8C2F96ED	Centrosome
P49792	8C2F96ED	Centrosome
P50281	8C2F96ED	Centrosome
Q8WXU2	8C2F96ED	Centrosome
Q16181	8C2F96ED	Centrosome
Q9UK80	8C2F96ED	Centrosome
O43237	8C2F96ED	Centrosome
O95684	8C2F96ED	Centrosome
Q92547	8C2F96ED	Centrosome
P11388	8C2F96ED	Centrosome
O15527	8C2F96ED	Centrosome
Q15058	8C2F96ED	Centrosome
Q9BSJ2	8C2F96ED	Centrosome
Q9UNK0	8C2F96ED	Centrosome
Q99728	8C2F96ED	Centrosome
Q9UQE7	8C2F96ED	Centrosome
Q9UNH5	8C2F96ED	Centrosome
Q13555	8C2F96ED	Centrosome
Q8NCW5	8C2F96ED	Centrosome
Q92574	8C2F96ED	Centrosome
Q5BJF6	8C2F96ED	Centrosome
Q96JN8	8C2F96ED	Centrosome
Q13409	8C2F96ED	Centrosome
Q96MT8	8C2F96ED	Centrosome
Q13418	8C2F96ED	Centrosome
Q96KN7	8C2F96ED	Centrosome
Q9UJT1	8C2F96ED	Centrosome
Q86W56	8C2F96ED	Centrosome
P53671	8C2F96ED	Centrosome
P20248	8C2F96ED	Centrosome
Q9NPB6	8C2F96ED	Centrosome
P53667	8C2F96ED	Centrosome
Q13131	8C2F96ED	Centrosome
Q96NB1	8C2F96ED	Centrosome
Q8WWW0	8C2F96ED	Centrosome
Q53EZ4	8C2F96ED	Centrosome
P61981	8C2F96ED	Centrosome
Q00684	A97FB2F6	rDNA locus
Q14671	28619EF7	NP bodies
Q9Y5K6	936CAA69	Slit diaphragm condensate
P12814	3EAB04FE	Rapsn condensate
Q9H9Q2	8C2F96ED	Centrosome
P17655	3EAB04FE	Rapsn condensate
Q12518	18F6A7CA	Endocytic condensates
P32790	18F6A7CA	Endocytic condensates
P25623	E019EF73	Ede1 condensate
Q8TB72	28619EF7	NP bodies
Q9TZL8	7A5BD188	PFK-1.1 condensates
O60885	634C353E	BRD4 condensate
P47035	A97FB2F6	rDNA locus
Q9HAU4	8C2F96ED	Centrosome
P22736	927B5294	Nur77 condensate
P63096	8C2F96ED	Centrosome
Q49MG5	8C2F96ED	Centrosome
P18206	8C2F96ED	Centrosome
Q8IYM9	8C2F96ED	Centrosome
O15392	8C2F96ED	Centrosome
O96020	8C2F96ED	Centrosome
Q9NP97	8C2F96ED	Centrosome
Q15004	8C2F96ED	Centrosome
Q96R06	8C2F96ED	Centrosome
P28482	8C2F96ED	Centrosome
Q96LK0	8C2F96ED	Centrosome
P18887	8C2F96ED	Centrosome
O43379	8C2F96ED	Centrosome
O60729	8C2F96ED	Centrosome
Q8N157	8C2F96ED	Centrosome
Q5SW79	8C2F96ED	Centrosome
Q92974	8C2F96ED	Centrosome
Q9NPQ8	8C2F96ED	Centrosome
P35222	8C2F96ED	Centrosome
P53779	8C2F96ED	Centrosome
Q14511	8C2F96ED	Centrosome
Q12798	8C2F96ED	Centrosome
Q00839	8C2F96ED	Centrosome
Q8N4N8	8C2F96ED	Centrosome
Q9UM11	8C2F96ED	Centrosome
Q5HY92	8C2F96ED	Centrosome
Q96JM3	8C2F96ED	Centrosome
Q86YS3	8C2F96ED	Centrosome
Q68DK2	8C2F96ED	Centrosome
Q8TCU4	8C2F96ED	Centrosome
P62993	8C2F96ED	Centrosome
Q15154	8C2F96ED	Centrosome
Q3V6T2	8C2F96ED	Centrosome
Q96L34	8C2F96ED	Centrosome
A8K8P3	8C2F96ED	Centrosome
Q5VYK3	8C2F96ED	Centrosome
P0DMV9	8C2F96ED	Centrosome
Q13099	8C2F96ED	Centrosome
Q13042	8C2F96ED	Centrosome
P30260	8C2F96ED	Centrosome
Q9UPS8	8C2F96ED	Centrosome
P30086	8C2F96ED	Centrosome
P49674	8C2F96ED	Centrosome
P16104	8C2F96ED	Centrosome
O14777	8C2F96ED	Centrosome
O94806	8C2F96ED	Centrosome
Q9BUB5	8C2F96ED	Centrosome
P48730	8C2F96ED	Centrosome
Q12923	8C2F96ED	Centrosome
O75449	8C2F96ED	Centrosome
P49840	8C2F96ED	Centrosome
Q9NS23	8C2F96ED	Centrosome
Q9NYY3	8C2F96ED	Centrosome
P17987	8C2F96ED	Centrosome
O00444	8C2F96ED	Centrosome
Q96DN5	8C2F96ED	Centrosome
Q96RK4	8C2F96ED	Centrosome
Q9UGJ1	8C2F96ED	Centrosome
Q16667	8C2F96ED	Centrosome
Q15814	8C2F96ED	Centrosome
Q9UKA4	8C2F96ED	Centrosome
Q9UPN4	8C2F96ED	Centrosome
P11171	8C2F96ED	Centrosome
O95271	8C2F96ED	Centrosome
Q96QA6	8C2F96ED	Centrosome
Q13188	8C2F96ED	Centrosome
Q9Y592	8C2F96ED	Centrosome
Q96IF1	8C2F96ED	Centrosome
Q1MSJ5	8C2F96ED	Centrosome
O15524	8C2F96ED	Centrosome
P49450	8C2F96ED	Centrosome
P50570	8C2F96ED	Centrosome
Q9UL19	8C2F96ED	Centrosome
Q8N7H5	8C2F96ED	Centrosome
Q15139	8C2F96ED	Centrosome
Q99996	8C2F96ED	Centrosome
P11362	8C2F96ED	Centrosome
Q14974	8C2F96ED	Centrosome
Q16589	8C2F96ED	Centrosome
Q9BR77	8C2F96ED	Centrosome
Q12834	8C2F96ED	Centrosome
O75154	8C2F96ED	Centrosome
P08047	8C2F96ED	Centrosome
O95714	8C2F96ED	Centrosome
Q08AM6	8C2F96ED	Centrosome
P15056	8C2F96ED	Centrosome
Q96CT7	8C2F96ED	Centrosome
Q8WUM4	8C2F96ED	Centrosome
Q5VU43	8C2F96ED	Centrosome
Q13257	8C2F96ED	Centrosome
Q13200	8C2F96ED	Centrosome
Q15051	8C2F96ED	Centrosome
Q13363	8C2F96ED	Centrosome
Q6QNY1	8C2F96ED	Centrosome
Q9BZV1	8C2F96ED	Centrosome
Q99627	8C2F96ED	Centrosome
P68366	8C2F96ED	Centrosome
Q9BT78	8C2F96ED	Centrosome
Q9Y3P9	8C2F96ED	Centrosome
P43034	8C2F96ED	Centrosome
Q5XKL5	8C2F96ED	Centrosome
P25604	290133E7	ESCRTs
Q92547	C4912696	TopBP1 condensate
O94850	936CAA69	Slit diaphragm condensate
P13010	634C353E	BRD4 condensate
Q86UL8	936CAA69	Slit diaphragm condensate
Q13702	3EAB04FE	Rapsn condensate
P11230	3EAB04FE	Rapsn condensate
Q92558	8C2F96ED	Centrosome
Q8TC44	8C2F96ED	Centrosome
Q01844	D3EAE6DE	EWS-FLI1
Q01543	D3EAE6DE	EWS-FLI1
Q9UPN3	3EAB04FE	Rapsn condensate
Q9NS87	8C2F96ED	Centrosome
Q9BV73	8C2F96ED	Centrosome
P02708	3EAB04FE	Rapsn condensate
Q14118	3EAB04FE	Rapsn condensate
Q9P0L9	8C2F96ED	Centrosome
Q6DCS8	78E86D56	Mitochondrial cloud
Q641S0	78E86D56	Mitochondrial cloud
Q802B7	78E86D56	Mitochondrial cloud
Q6NU16	78E86D56	Mitochondrial cloud
Q7ZWY6	78E86D56	Mitochondrial cloud
Q5XGK2	78E86D56	Mitochondrial cloud
Q7ZYT4	78E86D56	Mitochondrial cloud
Q6Q4H9	78E86D56	Mitochondrial cloud
Q3KQ82	78E86D56	Mitochondrial cloud
A0A1L8GGF6	78E86D56	Mitochondrial cloud
Q52L36	78E86D56	Mitochondrial cloud
Q7ZWY7	78E86D56	Mitochondrial cloud
A5D8M8	78E86D56	Mitochondrial cloud
B1H1N8	78E86D56	Mitochondrial cloud
Q4QR35	78E86D56	Mitochondrial cloud
P52297	78E86D56	Mitochondrial cloud
Q5U275	78E86D56	Mitochondrial cloud
O57468	78E86D56	Mitochondrial cloud
Q6IRB9	78E86D56	Mitochondrial cloud
Q6IRQ4	78E86D56	Mitochondrial cloud
Q6GPS9	78E86D56	Mitochondrial cloud
Q6DD18	78E86D56	Mitochondrial cloud
Q6AZV1	78E86D56	Mitochondrial cloud
Q498K9	78E86D56	Mitochondrial cloud
Q6GNF2	78E86D56	Mitochondrial cloud
Q52KE0	78E86D56	Mitochondrial cloud
P20397	78E86D56	Mitochondrial cloud
Q68EU5	78E86D56	Mitochondrial cloud
O93522	78E86D56	Mitochondrial cloud
Q3B8E0	78E86D56	Mitochondrial cloud
Q6GQA7	78E86D56	Mitochondrial cloud
Q58E21	78E86D56	Mitochondrial cloud
B7ZPG6	78E86D56	Mitochondrial cloud
A0A1L8FZR3	78E86D56	Mitochondrial cloud
O42193	78E86D56	Mitochondrial cloud
Q6DDP6	78E86D56	Mitochondrial cloud
A0A1L8FIX2	78E86D56	Mitochondrial cloud
Q2NLB1	78E86D56	Mitochondrial cloud
Q9I9M9	78E86D56	Mitochondrial cloud
A0A1L8FQC1	78E86D56	Mitochondrial cloud
A1L2S9	78E86D56	Mitochondrial cloud
Q2TAF3	78E86D56	Mitochondrial cloud
Q5HZM2	78E86D56	Mitochondrial cloud
Q8AVW0	78E86D56	Mitochondrial cloud
P17130	78E86D56	Mitochondrial cloud
Q7ZXJ0	78E86D56	Mitochondrial cloud
Q6PAA0	78E86D56	Mitochondrial cloud
Q2VPL8	78E86D56	Mitochondrial cloud
Q4FZQ7	78E86D56	Mitochondrial cloud
P70071	78E86D56	Mitochondrial cloud
Q8AVN8	78E86D56	Mitochondrial cloud
Q3KQ84	78E86D56	Mitochondrial cloud
Q5XHF0	78E86D56	Mitochondrial cloud
Q7ZX34	78E86D56	Mitochondrial cloud
Q2VPF5	78E86D56	Mitochondrial cloud
Q7SZB2	78E86D56	Mitochondrial cloud
Q3B8F0	78E86D56	Mitochondrial cloud
Q6DJN5	78E86D56	Mitochondrial cloud
P07222	78E86D56	Mitochondrial cloud
Q6DE32	78E86D56	Mitochondrial cloud
P46470	78E86D56	Mitochondrial cloud
Q6IP18	78E86D56	Mitochondrial cloud
Q7ZTM2	78E86D56	Mitochondrial cloud
A0A1L8FSY2	78E86D56	Mitochondrial cloud
Q642N9	78E86D56	Mitochondrial cloud
Q6AZG9	78E86D56	Mitochondrial cloud
Q9PWG7	78E86D56	Mitochondrial cloud
Q66KQ6	78E86D56	Mitochondrial cloud
P54824	78E86D56	Mitochondrial cloud
Q05AX6	78E86D56	Mitochondrial cloud
Q6DFK7	78E86D56	Mitochondrial cloud
Q08AX8	78E86D56	Mitochondrial cloud
Q642P7	78E86D56	Mitochondrial cloud
Q7ZX92	78E86D56	Mitochondrial cloud
Q6AZL9	78E86D56	Mitochondrial cloud
Q6GNA6	78E86D56	Mitochondrial cloud
Q640H5	78E86D56	Mitochondrial cloud
Q9PTV2	78E86D56	Mitochondrial cloud
P46780	78E86D56	Mitochondrial cloud
Q3KQ67	78E86D56	Mitochondrial cloud
Q76FS4	78E86D56	Mitochondrial cloud
A0A1L8H0R6	78E86D56	Mitochondrial cloud
Q3KQ05	78E86D56	Mitochondrial cloud
Q7ZYA5	78E86D56	Mitochondrial cloud
Q52KV1	78E86D56	Mitochondrial cloud
Q66KU5	78E86D56	Mitochondrial cloud
P41116	78E86D56	Mitochondrial cloud
Q7T0R9	78E86D56	Mitochondrial cloud
Q6IP73	78E86D56	Mitochondrial cloud
Q8AVI3	78E86D56	Mitochondrial cloud
Q4V7R1	78E86D56	Mitochondrial cloud
Q3B8I3	78E86D56	Mitochondrial cloud
Q6NUD0	78E86D56	Mitochondrial cloud
Q6P285	78E86D56	Mitochondrial cloud
A0A1L8FJ61	78E86D56	Mitochondrial cloud
Q6PAY8	78E86D56	Mitochondrial cloud
Q6GPT8	78E86D56	Mitochondrial cloud
A2VDA3	78E86D56	Mitochondrial cloud
A0A1L8FMC3	78E86D56	Mitochondrial cloud
Q5U5C7	78E86D56	Mitochondrial cloud
Q6PHL6	78E86D56	Mitochondrial cloud
Q7ZTL0	78E86D56	Mitochondrial cloud
A1L2Q5	78E86D56	Mitochondrial cloud
Q8AVH9	78E86D56	Mitochondrial cloud
O12975	78E86D56	Mitochondrial cloud
Q7T226	78E86D56	Mitochondrial cloud
Q6GMA6	78E86D56	Mitochondrial cloud
Q63ZM4	78E86D56	Mitochondrial cloud
Q6DCP2	78E86D56	Mitochondrial cloud
Q7SZ22	78E86D56	Mitochondrial cloud
Q5U566	78E86D56	Mitochondrial cloud
Q6DKB9	78E86D56	Mitochondrial cloud
Q2VPH0	78E86D56	Mitochondrial cloud
A0A1L8EQ20	78E86D56	Mitochondrial cloud
A2VD71	78E86D56	Mitochondrial cloud
A0A1L8H9J8	78E86D56	Mitochondrial cloud
Q4KLW5	78E86D56	Mitochondrial cloud
Q6NUH0	78E86D56	Mitochondrial cloud
Q4QR39	78E86D56	Mitochondrial cloud
Q3KQ54	78E86D56	Mitochondrial cloud
Q7SX80	78E86D56	Mitochondrial cloud
Q7T3I7	78E86D56	Mitochondrial cloud
Q6DE98	78E86D56	Mitochondrial cloud
Q6GQB3	78E86D56	Mitochondrial cloud
Q3KPS0	78E86D56	Mitochondrial cloud
Q66J16	78E86D56	Mitochondrial cloud
Q91903	51D14917	L-bodies
O73932	51D14917	L-bodies
P06493	6A1B29D1	A-bodies
A0A1L8I2F1	78E86D56	Mitochondrial cloud
Q91634	78E86D56	Mitochondrial cloud
A0A1L8H9L7	78E86D56	Mitochondrial cloud
Q4KL98	78E86D56	Mitochondrial cloud
A2RVB6	78E86D56	Mitochondrial cloud
Q6DKB1	78E86D56	Mitochondrial cloud
Q641I6	78E86D56	Mitochondrial cloud
Q6DKM0	78E86D56	Mitochondrial cloud
Q6B4U5	78E86D56	Mitochondrial cloud
B7ZPG0	78E86D56	Mitochondrial cloud
Q6NRC5	78E86D56	Mitochondrial cloud
Q0IHG1	78E86D56	Mitochondrial cloud
Q6GPS6	78E86D56	Mitochondrial cloud
A0A1L8GIC5	78E86D56	Mitochondrial cloud
P51469	78E86D56	Mitochondrial cloud
Q6NU02	78E86D56	Mitochondrial cloud
Q66KN3	78E86D56	Mitochondrial cloud
Q5PQ49	78E86D56	Mitochondrial cloud
Q6PAE3	78E86D56	Mitochondrial cloud
B7ZQ46	78E86D56	Mitochondrial cloud
Q6IRD1	78E86D56	Mitochondrial cloud
Q6DCK0	78E86D56	Mitochondrial cloud
A0A1L8G4H4	78E86D56	Mitochondrial cloud
Q7ZY87	78E86D56	Mitochondrial cloud
A1L3N1	78E86D56	Mitochondrial cloud
Q6PHL7	78E86D56	Mitochondrial cloud
Q6PAV8	78E86D56	Mitochondrial cloud
Q6P7I8	78E86D56	Mitochondrial cloud
Q6GNS8	78E86D56	Mitochondrial cloud
B7ZQR5	78E86D56	Mitochondrial cloud
Q8QHI3	78E86D56	Mitochondrial cloud
Q6IRR7	78E86D56	Mitochondrial cloud
Q9I9C2	78E86D56	Mitochondrial cloud
Q4V874	78E86D56	Mitochondrial cloud
Q3B8B3	78E86D56	Mitochondrial cloud
B7ZQW8	78E86D56	Mitochondrial cloud
Q6IRQ0	78E86D56	Mitochondrial cloud
Q7T0N7	78E86D56	Mitochondrial cloud
P49628	78E86D56	Mitochondrial cloud
Q66KV2	78E86D56	Mitochondrial cloud
Q52M98	78E86D56	Mitochondrial cloud
Q7T0P5	78E86D56	Mitochondrial cloud
A0A1L8H9I9	78E86D56	Mitochondrial cloud
Q7SYX2	78E86D56	Mitochondrial cloud
Q66J53	78E86D56	Mitochondrial cloud
A0A1L8HKP3	78E86D56	Mitochondrial cloud
Q0P3R7	78E86D56	Mitochondrial cloud
Q8AVB7	78E86D56	Mitochondrial cloud
Q6DCM6	78E86D56	Mitochondrial cloud
Q7ZXE9	78E86D56	Mitochondrial cloud
Q66L22	78E86D56	Mitochondrial cloud
Q7ZX44	78E86D56	Mitochondrial cloud
Q6I803	78E86D56	Mitochondrial cloud
Q8AVH2	78E86D56	Mitochondrial cloud
Q4V7N2	78E86D56	Mitochondrial cloud
Q5U511	78E86D56	Mitochondrial cloud
Q7ZXT8	78E86D56	Mitochondrial cloud
Q6GN90	78E86D56	Mitochondrial cloud
Q66KY6	78E86D56	Mitochondrial cloud
A0A1L8EKL2	78E86D56	Mitochondrial cloud
Q7ZWL9	78E86D56	Mitochondrial cloud
Q8AVM7	78E86D56	Mitochondrial cloud
Q66IY6	78E86D56	Mitochondrial cloud
Q3KQC9	78E86D56	Mitochondrial cloud
O42272	78E86D56	Mitochondrial cloud
Q6DD71	78E86D56	Mitochondrial cloud
Q7SZB7	78E86D56	Mitochondrial cloud
Q7ZTL5	78E86D56	Mitochondrial cloud
Q6DEA4	78E86D56	Mitochondrial cloud
Q640C3	78E86D56	Mitochondrial cloud
Q8AVW7	78E86D56	Mitochondrial cloud
A0A1L8HFR9	78E86D56	Mitochondrial cloud
P29693	78E86D56	Mitochondrial cloud
Q6NTK9	78E86D56	Mitochondrial cloud
Q7ZY57	78E86D56	Mitochondrial cloud
Q3KQC0	78E86D56	Mitochondrial cloud
Q6DFT8	78E86D56	Mitochondrial cloud
Q7ZTK6	78E86D56	Mitochondrial cloud
Q6AXA1	78E86D56	Mitochondrial cloud
B7ZQN6	78E86D56	Mitochondrial cloud
Q7ZYR1	78E86D56	Mitochondrial cloud
Q5U4I5	78E86D56	Mitochondrial cloud
A0A1L8GFD3	78E86D56	Mitochondrial cloud
Q7ZY73	78E86D56	Mitochondrial cloud
Q5XGR6	78E86D56	Mitochondrial cloud
A2VD92	78E86D56	Mitochondrial cloud
A9ULV8	78E86D56	Mitochondrial cloud
Q68EY5	78E86D56	Mitochondrial cloud
Q5XGU0	78E86D56	Mitochondrial cloud
P02434	78E86D56	Mitochondrial cloud
Q7SYQ4	78E86D56	Mitochondrial cloud
Q6GLM9	78E86D56	Mitochondrial cloud
Q6NTR4	78E86D56	Mitochondrial cloud
Q6DF81	78E86D56	Mitochondrial cloud
Q6IRP7	78E86D56	Mitochondrial cloud
Q7ZWK1	78E86D56	Mitochondrial cloud
Q7ZWS4	78E86D56	Mitochondrial cloud
P20342	78E86D56	Mitochondrial cloud
Q7SYX0	78E86D56	Mitochondrial cloud
Q7T0M8	78E86D56	Mitochondrial cloud
Q6DJM4	78E86D56	Mitochondrial cloud
Q641E8	78E86D56	Mitochondrial cloud
Q6GPL6	78E86D56	Mitochondrial cloud
Q6DCS3	78E86D56	Mitochondrial cloud
P81004	78E86D56	Mitochondrial cloud
A0A1L8I1Z7	78E86D56	Mitochondrial cloud
Q04615	78E86D56	Mitochondrial cloud
A0A1L8GVA6	78E86D56	Mitochondrial cloud
P41115	78E86D56	Mitochondrial cloud
Q2NL56	78E86D56	Mitochondrial cloud
A0AUU3	78E86D56	Mitochondrial cloud
Q6DEB4	78E86D56	Mitochondrial cloud
Q5U556	78E86D56	Mitochondrial cloud
Q5GLZ5	78E86D56	Mitochondrial cloud
Q66KW1	78E86D56	Mitochondrial cloud
P21573	78E86D56	Mitochondrial cloud
Q7ZTJ1	78E86D56	Mitochondrial cloud
Q5PQ02	78E86D56	Mitochondrial cloud
Q7ZXG3	78E86D56	Mitochondrial cloud
Q6NTT0	78E86D56	Mitochondrial cloud
Q66J07	78E86D56	Mitochondrial cloud
A0A1L8GE29	78E86D56	Mitochondrial cloud
Q802B5	78E86D56	Mitochondrial cloud
Q7ZWM5	78E86D56	Mitochondrial cloud
Q7T0Y0	78E86D56	Mitochondrial cloud
A0A1L8G0S8	78E86D56	Mitochondrial cloud
P18248	78E86D56	Mitochondrial cloud
Q6GM94	78E86D56	Mitochondrial cloud
Q32NS7	78E86D56	Mitochondrial cloud
Q7ZXX4	78E86D56	Mitochondrial cloud
Q6TEC1	78E86D56	Mitochondrial cloud
A2VD69	78E86D56	Mitochondrial cloud
Q7ZTM0	78E86D56	Mitochondrial cloud
A0A1L8HFP4	78E86D56	Mitochondrial cloud
Q6DE33	78E86D56	Mitochondrial cloud
A8WH45	78E86D56	Mitochondrial cloud
Q7SYR8	78E86D56	Mitochondrial cloud
Q6DD48	78E86D56	Mitochondrial cloud
Q6NTR0	78E86D56	Mitochondrial cloud
Q4V7Z2	78E86D56	Mitochondrial cloud
Q68A89	78E86D56	Mitochondrial cloud
Q66J56	78E86D56	Mitochondrial cloud
Q6DE09	78E86D56	Mitochondrial cloud
Q7SYV7	78E86D56	Mitochondrial cloud
A3KMU9	78E86D56	Mitochondrial cloud
Q7ZXX8	78E86D56	Mitochondrial cloud
Q4V813	78E86D56	Mitochondrial cloud
A0A1L8GCW7	78E86D56	Mitochondrial cloud
Q6INB6	78E86D56	Mitochondrial cloud
Q6DJM1	78E86D56	Mitochondrial cloud
B1WBD3	78E86D56	Mitochondrial cloud
P23787	78E86D56	Mitochondrial cloud
Q5XHJ2	78E86D56	Mitochondrial cloud
Q6AZU4	78E86D56	Mitochondrial cloud
Q66J40	78E86D56	Mitochondrial cloud
Q66KY9	78E86D56	Mitochondrial cloud
B7ZPZ8	78E86D56	Mitochondrial cloud
Q2VPG9	78E86D56	Mitochondrial cloud
P02012	78E86D56	Mitochondrial cloud
Q91803	78E86D56	Mitochondrial cloud
Q6AZV3	78E86D56	Mitochondrial cloud
Q641F7	78E86D56	Mitochondrial cloud
A0A1L8GQX2	78E86D56	Mitochondrial cloud
Q6DDD9	78E86D56	Mitochondrial cloud
Q6IRD3	78E86D56	Mitochondrial cloud
Q6GQG6	78E86D56	Mitochondrial cloud
Q6NTL0	78E86D56	Mitochondrial cloud
A0A1L8HQ72	78E86D56	Mitochondrial cloud
Q4FZQ3	78E86D56	Mitochondrial cloud
Q4KLX3	78E86D56	Mitochondrial cloud
Q4KLX0	78E86D56	Mitochondrial cloud
A0A1L8GCT2	78E86D56	Mitochondrial cloud
A0A1L8GL32	78E86D56	Mitochondrial cloud
B1H1V8	78E86D56	Mitochondrial cloud
A0A1L8GZ54	78E86D56	Mitochondrial cloud
Q0IH85	78E86D56	Mitochondrial cloud
Q7ZXX7	78E86D56	Mitochondrial cloud
Q66J94	78E86D56	Mitochondrial cloud
Q6IR83	78E86D56	Mitochondrial cloud
Q7SY96	78E86D56	Mitochondrial cloud
Q7ZXJ1	78E86D56	Mitochondrial cloud
P23667	78E86D56	Mitochondrial cloud
P50886	78E86D56	Mitochondrial cloud
Q9IAJ7	78E86D56	Mitochondrial cloud
Q07203	78E86D56	Mitochondrial cloud
B1WBD5	78E86D56	Mitochondrial cloud
A0A090AZM4	78E86D56	Mitochondrial cloud
Q7ZTL1	78E86D56	Mitochondrial cloud
Q7ZXK4	78E86D56	Mitochondrial cloud
A0A1L8F6D8	78E86D56	Mitochondrial cloud
Q7SY83	78E86D56	Mitochondrial cloud
Q32NK6	78E86D56	Mitochondrial cloud
Q8AVE3	78E86D56	Mitochondrial cloud
Q7ZWJ2	78E86D56	Mitochondrial cloud
A0A1L8GGT8	78E86D56	Mitochondrial cloud
Q6GMC7	78E86D56	Mitochondrial cloud
Q6INS0	78E86D56	Mitochondrial cloud
Q7ZX88	78E86D56	Mitochondrial cloud
Q6PF43	78E86D56	Mitochondrial cloud
Q6NRA3	78E86D56	Mitochondrial cloud
Q6GPJ5	78E86D56	Mitochondrial cloud
Q8AVM2	78E86D56	Mitochondrial cloud
Q6GNC1	78E86D56	Mitochondrial cloud
Q6NRY1	78E86D56	Mitochondrial cloud
Q6PGT4	78E86D56	Mitochondrial cloud
Q0P3Q8	78E86D56	Mitochondrial cloud
Q75T15	78E86D56	Mitochondrial cloud
Q6GPR7	78E86D56	Mitochondrial cloud
Q6DE62	78E86D56	Mitochondrial cloud
Q6GPY3	78E86D56	Mitochondrial cloud
G3GBS4	78E86D56	Mitochondrial cloud
Q6PBB7	78E86D56	Mitochondrial cloud
Q7ZTK9	78E86D56	Mitochondrial cloud
Q6PHL5	78E86D56	Mitochondrial cloud
Q6IP60	78E86D56	Mitochondrial cloud
Q6AXA3	78E86D56	Mitochondrial cloud
Q7SY77	78E86D56	Mitochondrial cloud
Q6DE30	78E86D56	Mitochondrial cloud
Q4QR42	78E86D56	Mitochondrial cloud
Q6P425	78E86D56	Mitochondrial cloud
Q91674	78E86D56	Mitochondrial cloud
Q01173	78E86D56	Mitochondrial cloud
Q0IH35	78E86D56	Mitochondrial cloud
Q4V7K5	78E86D56	Mitochondrial cloud
P22232	78E86D56	Mitochondrial cloud
Q505M5	78E86D56	Mitochondrial cloud
Q5XGV0	78E86D56	Mitochondrial cloud
O93235	78E86D56	Mitochondrial cloud
Q6GMC3	78E86D56	Mitochondrial cloud
Q6AZF1	78E86D56	Mitochondrial cloud
A9UMN2	78E86D56	Mitochondrial cloud
Q66J39	78E86D56	Mitochondrial cloud
Q6DJJ1	78E86D56	Mitochondrial cloud
A0A1L8FRG2	78E86D56	Mitochondrial cloud
Q5XG45	78E86D56	Mitochondrial cloud
Q7T0U9	78E86D56	Mitochondrial cloud
Q7ZXW4	78E86D56	Mitochondrial cloud
A0A1L8GZG8	78E86D56	Mitochondrial cloud
Q7ZYU2	78E86D56	Mitochondrial cloud
Q66KW5	78E86D56	Mitochondrial cloud
Q6DDM7	78E86D56	Mitochondrial cloud
Q4V7M0	78E86D56	Mitochondrial cloud
A0A1L8HNY0	78E86D56	Mitochondrial cloud
Q66KX3	78E86D56	Mitochondrial cloud
A0A1L8FPF9	78E86D56	Mitochondrial cloud
P31669	78E86D56	Mitochondrial cloud
Q3KQG0	78E86D56	Mitochondrial cloud
P49393	78E86D56	Mitochondrial cloud
A0A1L8H9S2	78E86D56	Mitochondrial cloud
A0A1L8GPP7	78E86D56	Mitochondrial cloud
Q5XHE0	78E86D56	Mitochondrial cloud
Q8AVH1	78E86D56	Mitochondrial cloud
Q7ZXF7	78E86D56	Mitochondrial cloud
Q66J73	78E86D56	Mitochondrial cloud
A0A1L8H960	78E86D56	Mitochondrial cloud
A1L2Q6	78E86D56	Mitochondrial cloud
Q6DEB3	78E86D56	Mitochondrial cloud
Q68EZ8	78E86D56	Mitochondrial cloud
A9ULW5	78E86D56	Mitochondrial cloud
Q7ZYB0	78E86D56	Mitochondrial cloud
Q7T0N8	78E86D56	Mitochondrial cloud
Q6DJH8	78E86D56	Mitochondrial cloud
Q7SZ88	78E86D56	Mitochondrial cloud
Q4QQZ1	78E86D56	Mitochondrial cloud
Q6DCU1	78E86D56	Mitochondrial cloud
P04751	78E86D56	Mitochondrial cloud
Q6DCS0	78E86D56	Mitochondrial cloud
A0A1L8FK58	78E86D56	Mitochondrial cloud
A0A1L8F2P2	78E86D56	Mitochondrial cloud
Q7ZYS8	78E86D56	Mitochondrial cloud
Q6PF26	78E86D56	Mitochondrial cloud
Q7ZYF2	78E86D56	Mitochondrial cloud
P70092	78E86D56	Mitochondrial cloud
A0A1L8HMI8	78E86D56	Mitochondrial cloud
Q3B8M1	78E86D56	Mitochondrial cloud
Q6GPJ3	78E86D56	Mitochondrial cloud
A2BDB0	78E86D56	Mitochondrial cloud
A0A1L8EPB9	78E86D56	Mitochondrial cloud
Q6AZK2	78E86D56	Mitochondrial cloud
A0A090AX62	78E86D56	Mitochondrial cloud
P63282	78E86D56	Mitochondrial cloud
Q5PQ01	78E86D56	Mitochondrial cloud
Q6GNF4	78E86D56	Mitochondrial cloud
Q6DDF2	78E86D56	Mitochondrial cloud
Q7ZWR2	78E86D56	Mitochondrial cloud
Q0IH09	78E86D56	Mitochondrial cloud
Q6VRB0	78E86D56	Mitochondrial cloud
A0AUS4	78E86D56	Mitochondrial cloud
Q9PSX0	78E86D56	Mitochondrial cloud
Q6DCT5	78E86D56	Mitochondrial cloud
Q6DJP2	78E86D56	Mitochondrial cloud
Q6GND2	78E86D56	Mitochondrial cloud
Q5XH78	78E86D56	Mitochondrial cloud
A0A1L8GWS9	78E86D56	Mitochondrial cloud
Q6GP37	78E86D56	Mitochondrial cloud
Q6GNU4	78E86D56	Mitochondrial cloud
Q6NU90	78E86D56	Mitochondrial cloud
Q2VPH9	78E86D56	Mitochondrial cloud
Q7SZ08	78E86D56	Mitochondrial cloud
Q8UW77	78E86D56	Mitochondrial cloud
P08734	78E86D56	Mitochondrial cloud
Q6PCF1	78E86D56	Mitochondrial cloud
Q7ZXS6	78E86D56	Mitochondrial cloud
Q6P699	78E86D56	Mitochondrial cloud
Q68ES2	78E86D56	Mitochondrial cloud
Q7ZXQ2	78E86D56	Mitochondrial cloud
A0AUT2	78E86D56	Mitochondrial cloud
Q6DJK5	78E86D56	Mitochondrial cloud
Q8AVC0	78E86D56	Mitochondrial cloud
Q3KPN5	78E86D56	Mitochondrial cloud
P30998	78E86D56	Mitochondrial cloud
Q6GNR4	78E86D56	Mitochondrial cloud
Q498I4	78E86D56	Mitochondrial cloud
A0A1L8HKM0	78E86D56	Mitochondrial cloud
Q6NU58	78E86D56	Mitochondrial cloud
A0A1L8H563	78E86D56	Mitochondrial cloud
Q5U558	78E86D56	Mitochondrial cloud
Q7T0Q1	78E86D56	Mitochondrial cloud
Q5XGL4	78E86D56	Mitochondrial cloud
Q566I3	78E86D56	Mitochondrial cloud
Q6DD69	78E86D56	Mitochondrial cloud
A0A1L8GZX5	78E86D56	Mitochondrial cloud
Q7ZXC9	78E86D56	Mitochondrial cloud
Q4QR58	78E86D56	Mitochondrial cloud
Q05116	78E86D56	Mitochondrial cloud
A0A1L8H0U2	78E86D56	Mitochondrial cloud
Q7ZWU8	78E86D56	Mitochondrial cloud
Q01588	78E86D56	Mitochondrial cloud
Q7ZYL1	78E86D56	Mitochondrial cloud
Q4V7K4	78E86D56	Mitochondrial cloud
Q7SY79	78E86D56	Mitochondrial cloud
A0A1L8GJX9	78E86D56	Mitochondrial cloud
Q6DJL4	78E86D56	Mitochondrial cloud
Q5XGR3	78E86D56	Mitochondrial cloud
Q5U546	78E86D56	Mitochondrial cloud
Q5U5C4	78E86D56	Mitochondrial cloud
Q6DEE1	78E86D56	Mitochondrial cloud
Q4FZP6	78E86D56	Mitochondrial cloud
Q6INK1	78E86D56	Mitochondrial cloud
Q6IP15	78E86D56	Mitochondrial cloud
A0A1L8HHY6	78E86D56	Mitochondrial cloud
Q6GQB2	78E86D56	Mitochondrial cloud
A1L2T4	78E86D56	Mitochondrial cloud
P50143	78E86D56	Mitochondrial cloud
Q7SZ14	78E86D56	Mitochondrial cloud
Q7ZSY1	78E86D56	Mitochondrial cloud
Q7ZYE5	78E86D56	Mitochondrial cloud
Q6GNR3	78E86D56	Mitochondrial cloud
Q4V845	78E86D56	Mitochondrial cloud
Q6PCH4	78E86D56	Mitochondrial cloud
I7JI34	78E86D56	Mitochondrial cloud
Q5XGW4	78E86D56	Mitochondrial cloud
Q505M1	78E86D56	Mitochondrial cloud
P52171	78E86D56	Mitochondrial cloud
Q1XCD9	78E86D56	Mitochondrial cloud
A0A1L8FP75	78E86D56	Mitochondrial cloud
Q7SZ09	78E86D56	Mitochondrial cloud
Q6PA42	78E86D56	Mitochondrial cloud
A0A1L8HPN0	78E86D56	Mitochondrial cloud
Q2TAV5	78E86D56	Mitochondrial cloud
Q6DKD2	78E86D56	Mitochondrial cloud
Q6DCM8	78E86D56	Mitochondrial cloud
Q7ZXE1	78E86D56	Mitochondrial cloud
Q6GP18	78E86D56	Mitochondrial cloud
Q5I003	78E86D56	Mitochondrial cloud
Q6DCK2	78E86D56	Mitochondrial cloud
Q5XH16	78E86D56	Mitochondrial cloud
Q7ZY49	78E86D56	Mitochondrial cloud
Q6GMZ1	78E86D56	Mitochondrial cloud
Q6NTT2	78E86D56	Mitochondrial cloud
Q6GQ21	78E86D56	Mitochondrial cloud
Q640H2	78E86D56	Mitochondrial cloud
Q6PAD4	78E86D56	Mitochondrial cloud
Q6IP81	78E86D56	Mitochondrial cloud
A1A638	78E86D56	Mitochondrial cloud
Q6NRP7	78E86D56	Mitochondrial cloud
Q6PAB5	78E86D56	Mitochondrial cloud
Q0IH11	78E86D56	Mitochondrial cloud
Q1KMU2	78E86D56	Mitochondrial cloud
Q32N81	78E86D56	Mitochondrial cloud
Q66KU9	78E86D56	Mitochondrial cloud
Q640H7	78E86D56	Mitochondrial cloud
Q6GN00	78E86D56	Mitochondrial cloud
P47830	78E86D56	Mitochondrial cloud
Q6DD55	78E86D56	Mitochondrial cloud
Q7ZWW5	78E86D56	Mitochondrial cloud
Q7ZXE7	78E86D56	Mitochondrial cloud
H1A8Z1	78E86D56	Mitochondrial cloud
Q6NTQ5	78E86D56	Mitochondrial cloud
Q63ZG6	78E86D56	Mitochondrial cloud
Q6INJ3	78E86D56	Mitochondrial cloud
A1L3J7	78E86D56	Mitochondrial cloud
Q5XGW6	78E86D56	Mitochondrial cloud
Q6DCV5	78E86D56	Mitochondrial cloud
Q5M993	78E86D56	Mitochondrial cloud
Q7ZY48	78E86D56	Mitochondrial cloud
Q5FWM7	78E86D56	Mitochondrial cloud
B1WBA6	78E86D56	Mitochondrial cloud
Q7ZWZ0	78E86D56	Mitochondrial cloud
Q6GNP4	78E86D56	Mitochondrial cloud
Q6PAD3	78E86D56	Mitochondrial cloud
A0A1L8GTD6	78E86D56	Mitochondrial cloud
Q6DJG5	78E86D56	Mitochondrial cloud
Q5XGQ2	78E86D56	Mitochondrial cloud
A0A1L8G3E8	78E86D56	Mitochondrial cloud
Q7ZWR3	78E86D56	Mitochondrial cloud
Q66L23	78E86D56	Mitochondrial cloud
Q7ZXF6	78E86D56	Mitochondrial cloud
Q6GMC5	78E86D56	Mitochondrial cloud
P39023	232F8A39	P-body
Q13283	232F8A39	P-body
Q01844	232F8A39	P-body
Q66IX3	78E86D56	Mitochondrial cloud
P14885	78E86D56	Mitochondrial cloud
Q63ZK6	78E86D56	Mitochondrial cloud
A8MXP9	232F8A39	P-body
Q8NHU6	232F8A39	P-body
Q7Z478	232F8A39	P-body
Q16352	232F8A39	P-body
O60333	232F8A39	P-body
F5GY55	232F8A39	P-body
Q504Q3	232F8A39	P-body
P78344	232F8A39	P-body
Q15149	232F8A39	P-body
Q14671	232F8A39	P-body
Q13435	232F8A39	P-body
Q9HCK5	232F8A39	P-body
P38919	232F8A39	P-body
P55795	232F8A39	P-body
O95985	232F8A39	P-body
P62280	232F8A39	P-body
Q6ZN17	232F8A39	P-body
Q92522	232F8A39	P-body
Q9H6S0	232F8A39	P-body
Q9NQI0	232F8A39	P-body
Q08211	232F8A39	P-body
I3L3P7	232F8A39	P-body
Q15366	232F8A39	P-body
Q09666	232F8A39	P-body
P0C0S8	232F8A39	P-body
P11940	232F8A39	P-body
Q9UII4	232F8A39	P-body
Q9NUL3	232F8A39	P-body
Q8IUX4	232F8A39	P-body
P78312	232F8A39	P-body
Q8TED0	232F8A39	P-body
Q14694	232F8A39	P-body
B4DR52	232F8A39	P-body
Q92499	232F8A39	P-body
Q02880	232F8A39	P-body
Q96SI9	232F8A39	P-body
E9PF63	232F8A39	P-body
Q8IZD4	232F8A39	P-body
Q9UMS4	232F8A39	P-body
P26196	232F8A39	P-body
A5YKK6	232F8A39	P-body
P62906	232F8A39	P-body
Q53GS7	232F8A39	P-body
H0Y368	232F8A39	P-body
O00425	232F8A39	P-body
P55884	232F8A39	P-body
E5RJN7	232F8A39	P-body
V9GYY5	232F8A39	P-body
P62913	232F8A39	P-body
Q8TDN6	232F8A39	P-body
Q6P2H3	232F8A39	P-body
Q92600	232F8A39	P-body
O00571	232F8A39	P-body
Q99729	232F8A39	P-body
H0Y8G5	232F8A39	P-body
Q9Y4Y9	232F8A39	P-body
P62851	232F8A39	P-body
Q92993	232F8A39	P-body
Q8WU79	232F8A39	P-body
Q53F19	232F8A39	P-body
Q9ULM6	232F8A39	P-body
F8W930	232F8A39	P-body
Q9H2U1	232F8A39	P-body
J3KTA4	232F8A39	P-body
Q9NZI8	232F8A39	P-body
Q92545	232F8A39	P-body
P12273	232F8A39	P-body
P63162	232F8A39	P-body
P05109	232F8A39	P-body
Q99575	232F8A39	P-body
Q6P2E9	232F8A39	P-body
Q5TC82	232F8A39	P-body
Q9UQ35	232F8A39	P-body
P98175	232F8A39	P-body
Q14683	232F8A39	P-body
H0Y6E7	232F8A39	P-body
P61927	232F8A39	P-body
Q10570	232F8A39	P-body
Q9UJV9	232F8A39	P-body
Q7L2E3	232F8A39	P-body
Q02413	232F8A39	P-body
O60237	232F8A39	P-body
P04792	232F8A39	P-body
O75593	232F8A39	P-body
P07814	232F8A39	P-body
P62312	232F8A39	P-body
Q9NZB2	232F8A39	P-body
P43628	232F8A39	P-body
P0DOY3	232F8A39	P-body
Q15365	232F8A39	P-body
P08865	232F8A39	P-body
G8JLB6	232F8A39	P-body
O60573	232F8A39	P-body
Q9NVI7	232F8A39	P-body
O43347	232F8A39	P-body
Q9GZM8	232F8A39	P-body
Q96QA5	232F8A39	P-body
P62753	232F8A39	P-body
Q9H6R4	232F8A39	P-body
Q9NR30	232F8A39	P-body
Q9H0L4	232F8A39	P-body
Q9Y224	232F8A39	P-body
P25398	232F8A39	P-body
Q9C0G0	232F8A39	P-body
P60866	232F8A39	P-body
P31483	232F8A39	P-body
O00165	232F8A39	P-body
O95628	232F8A39	P-body
Q8WWY3	232F8A39	P-body
Q13895	232F8A39	P-body
P02647	232F8A39	P-body
Q6Y7W6	232F8A39	P-body
Q9H9Z2	232F8A39	P-body
H0Y969	232F8A39	P-body
C9JLW8	232F8A39	P-body
Q9HC16	232F8A39	P-body
P46781	232F8A39	P-body
Q09161	232F8A39	P-body
Q99700	232F8A39	P-body
Q9HCJ0	232F8A39	P-body
H0YHA7	232F8A39	P-body
Q03252	232F8A39	P-body
P26368	232F8A39	P-body
Q9Y5A9	232F8A39	P-body
P29558	232F8A39	P-body
P04406	232F8A39	P-body
Q9Y5V3	232F8A39	P-body
Q92900	232F8A39	P-body
P26651	232F8A39	P-body
P62495	232F8A39	P-body
H0YIB4	232F8A39	P-body
Q14157	232F8A39	P-body
A2A288	232F8A39	P-body
Q9H3G5	232F8A39	P-body
Q12849	232F8A39	P-body
Q96I25	232F8A39	P-body
Q9Y4C8	232F8A39	P-body
P06702	232F8A39	P-body
Q562R1	232F8A39	P-body
Q14444	232F8A39	P-body
P49756	232F8A39	P-body
Q92879	232F8A39	P-body
Q6PKG0	232F8A39	P-body
P26373	232F8A39	P-body
P62910	232F8A39	P-body
Q86TG7	232F8A39	P-body
Q8IWZ3	232F8A39	P-body
Q12906	232F8A39	P-body
P35251	232F8A39	P-body
G3V4C1	232F8A39	P-body
P12956	232F8A39	P-body
P22626	232F8A39	P-body
Q93062	232F8A39	P-body
Q8N9N2	232F8A39	P-body
Q9C0B9	232F8A39	P-body
P62841	232F8A39	P-body
P25311	232F8A39	P-body
J3KQN4	232F8A39	P-body
O60812	232F8A39	P-body
A1L020	232F8A39	P-body
E7ERS3	232F8A39	P-body
H0Y8A4	232F8A39	P-body
B0QZK4	232F8A39	P-body
Q16630	232F8A39	P-body
O15063	232F8A39	P-body
P0DJD0	232F8A39	P-body
Q86US8	232F8A39	P-body
B4DZC3	232F8A39	P-body
P31151	232F8A39	P-body
P38646	232F8A39	P-body
Q9UBB4	232F8A39	P-body
P11021	232F8A39	P-body
J3QSV6	232F8A39	P-body
Q8TF46	232F8A39	P-body
Q9NPI6	232F8A39	P-body
Q92997	232F8A39	P-body
P62979	232F8A39	P-body
Q16775	232F8A39	P-body
H3BQ34	232F8A39	P-body
O00159	232F8A39	P-body
F5H3Y4	232F8A39	P-body
Q9H7E2	232F8A39	P-body
A0AV96	232F8A39	P-body
O00567	232F8A39	P-body
Q12796	232F8A39	P-body
P06730	232F8A39	P-body
P22087	232F8A39	P-body
Q9NUD5	232F8A39	P-body
P0DOY2	232F8A39	P-body
Q9NRC6	232F8A39	P-body
Q58A45	232F8A39	P-body
P36897	232F8A39	P-body
Q8TD31	232F8A39	P-body
Q5BKZ1	232F8A39	P-body
O75884	232F8A39	P-body
E7EPB3	232F8A39	P-body
P15880	232F8A39	P-body
P62899	232F8A39	P-body
P02768	232F8A39	P-body
P48634	232F8A39	P-body
O95793	232F8A39	P-body
Q8NDT2	232F8A39	P-body
Q5TAX3	232F8A39	P-body
Q6UN15	232F8A39	P-body
Q9Y2X3	232F8A39	P-body
P45983	232F8A39	P-body
P0DMV8	232F8A39	P-body
Q9UFF9	232F8A39	P-body
Q92628	232F8A39	P-body
Q8TEP8	232F8A39	P-body
Q86TB9	232F8A39	P-body
J3KTE4	232F8A39	P-body
G5E9W3	232F8A39	P-body
Q8WWM7	232F8A39	P-body
Q5W0B1	232F8A39	P-body
P20226	232F8A39	P-body
Q15759	232F8A39	P-body
Q9BYK8	232F8A39	P-body
Q15233	232F8A39	P-body
Q15020	232F8A39	P-body
P18124	232F8A39	P-body
P05388	232F8A39	P-body
Q5JSZ5	232F8A39	P-body
E7EQV9	232F8A39	P-body
Q8IU60	232F8A39	P-body
P47974	232F8A39	P-body
O00584	232F8A39	P-body
Q9Y3A2	232F8A39	P-body
Q13247	232F8A39	P-body
A8MUS3	232F8A39	P-body
Q96T37	232F8A39	P-body
P62701	232F8A39	P-body
Q8NDV7	232F8A39	P-body
Q16629	232F8A39	P-body
Q13813	232F8A39	P-body
O15234	232F8A39	P-body
Q9Y2V2	232F8A39	P-body
Q86V48	232F8A39	P-body
Q9Y3I0	232F8A39	P-body
Q96T21	232F8A39	P-body
Q96EP5	232F8A39	P-body
Q9BQ75	232F8A39	P-body
P12236	232F8A39	P-body
Q00577	232F8A39	P-body
Q8IZH2	232F8A39	P-body
Q17RY0	232F8A39	P-body
B4DEB1	232F8A39	P-body
Q9NX05	232F8A39	P-body
P62310	232F8A39	P-body
Q15717	232F8A39	P-body
Q8N3C0	232F8A39	P-body
Q9HCE1	232F8A39	P-body
O00541	232F8A39	P-body
P08708	232F8A39	P-body
P38159	232F8A39	P-body
Q9BZB8	232F8A39	P-body
P61353	232F8A39	P-body
P19474	232F8A39	P-body
Q01804	232F8A39	P-body
Q8WXF0	232F8A39	P-body
Q6UW02	232F8A39	P-body
J3QR07	232F8A39	P-body
O75367	232F8A39	P-body
E7ET15	232F8A39	P-body
Q3MHD2	232F8A39	P-body
O14744	232F8A39	P-body
Q6P158	232F8A39	P-body
Q13206	232F8A39	P-body
P62847	232F8A39	P-body
P51116	232F8A39	P-body
P54652	232F8A39	P-body
P62995	232F8A39	P-body
P23396	232F8A39	P-body
Q8N831	232F8A39	P-body
Q9Y2Z0	232F8A39	P-body
P52272	232F8A39	P-body
P62424	232F8A39	P-body
Q96GQ7	232F8A39	P-body
J3KTL2	232F8A39	P-body
Q8NCA5	232F8A39	P-body
Q96CW5	232F8A39	P-body
P40429	232F8A39	P-body
P62263	232F8A39	P-body
Q8TB72	232F8A39	P-body
P36578	232F8A39	P-body
Q12905	232F8A39	P-body
O95429	232F8A39	P-body
P61254	232F8A39	P-body
Q13151	232F8A39	P-body
Q9UKV8	232F8A39	P-body
Q9UKZ1	232F8A39	P-body
P52597	232F8A39	P-body
A7E2Y1	232F8A39	P-body
Q01085	232F8A39	P-body
Q9HCS7	232F8A39	P-body
J3QK89	232F8A39	P-body
I3L2C7	232F8A39	P-body
Q92901	232F8A39	P-body
Q04637	232F8A39	P-body
J3KRX5	232F8A39	P-body
Q86UK7	232F8A39	P-body
P35268	232F8A39	P-body
Q9NZN8	232F8A39	P-body
Q8IWB6	232F8A39	P-body
P67809	232F8A39	P-body
Q9UPQ9	232F8A39	P-body
Q9Y4Z0	232F8A39	P-body
P12036	232F8A39	P-body
Q9NRA8	232F8A39	P-body
Q9H361	232F8A39	P-body
P12882	232F8A39	P-body
H3BLV9	232F8A39	P-body
P49792	232F8A39	P-body
Q9BXP5	232F8A39	P-body
Q15029	232F8A39	P-body
P68363	232F8A39	P-body
Q96I24	232F8A39	P-body
Q8WYQ9	232F8A39	P-body
Q659C4	232F8A39	P-body
P11388	232F8A39	P-body
P10412	232F8A39	P-body
Q01543	232F8A39	P-body
Q9UIG0	232F8A39	P-body
Q6E0U4	232F8A39	P-body
Q9BX40	232F8A39	P-body
Q9BY12	232F8A39	P-body
P84103	232F8A39	P-body
P35580	232F8A39	P-body
Q9UQE7	232F8A39	P-body
E7EPN9	232F8A39	P-body
Q92796	232F8A39	P-body
P11142	232F8A39	P-body
O75534	232F8A39	P-body
Q15393	232F8A39	P-body
Q96LT7	232F8A39	P-body
P04040	232F8A39	P-body
Q8N163	232F8A39	P-body
Q9BRZ2	232F8A39	P-body
Q9H694	232F8A39	P-body
Q96A72	232F8A39	P-body
Q9BUT9	232F8A39	P-body
E9PJD9	232F8A39	P-body
Q9UN86	232F8A39	P-body
P26599	232F8A39	P-body
Q9Y649	232F8A39	P-body
Q86Y13	232F8A39	P-body
Q9Y4I1	232F8A39	P-body
Q9BQ39	232F8A39	P-body
P62805	232F8A39	P-body
H7C0B1	232F8A39	P-body
Q86UW6	232F8A39	P-body
O60506	232F8A39	P-body
Q13148	232F8A39	P-body
O00411	232F8A39	P-body
P62249	232F8A39	P-body
Q8IYB7	232F8A39	P-body
P20700	232F8A39	P-body
P52298	232F8A39	P-body
Q5JNZ5	232F8A39	P-body
Q4G0T1	232F8A39	P-body
Q99497	232F8A39	P-body
Q9H0D6	232F8A39	P-body
Q9Y333	232F8A39	P-body
J3KSP2	232F8A39	P-body
P61247	232F8A39	P-body
Q9HCM7	232F8A39	P-body
Q71RC2	232F8A39	P-body
Q7KZF4	232F8A39	P-body
Q9BQG0	232F8A39	P-body
Q06787	232F8A39	P-body
Q8WYQ5	232F8A39	P-body
P42694	232F8A39	P-body
Q00839	232F8A39	P-body
Q9BXT8	232F8A39	P-body
H0YEH2	232F8A39	P-body
Q9UNQ2	232F8A39	P-body
O43306	232F8A39	P-body
Q9UGR2	232F8A39	P-body
P39748	232F8A39	P-body
Q9NPJ4	232F8A39	P-body
Q92804	232F8A39	P-body
Q15154	232F8A39	P-body
P0DMV9	232F8A39	P-body
Q5T7N2	232F8A39	P-body
Q9H9A5	232F8A39	P-body
P29508	232F8A39	P-body
O14979	232F8A39	P-body
Q9Y283	232F8A39	P-body
P60033	232F8A39	P-body
Q8NF91	232F8A39	P-body
Q12756	232F8A39	P-body
Q49A26	232F8A39	P-body
Q9H000	232F8A39	P-body
Q5VZF2	232F8A39	P-body
Q9NRC1	232F8A39	P-body
P08238	232F8A39	P-body
Q6MZQ0	232F8A39	P-body
P62269	232F8A39	P-body
E3W994	232F8A39	P-body
O43143	232F8A39	P-body
Q01082	232F8A39	P-body
Q92615	232F8A39	P-body
Q96HS1	232F8A39	P-body
P05141	232F8A39	P-body
P13010	232F8A39	P-body
Q5VTE0	232F8A39	P-body
Q96P63	232F8A39	P-body
Q14684	232F8A39	P-body
Q92540	232F8A39	P-body
Q12926	232F8A39	P-body
O75179	232F8A39	P-body
P46777	232F8A39	P-body
P62829	232F8A39	P-body
Q99996	232F8A39	P-body
Q15032	232F8A39	P-body
P51114	232F8A39	P-body
Q9UL18	232F8A39	P-body
Q5T6F2	232F8A39	P-body
Q9Y4F3	232F8A39	P-body
Q96F86	232F8A39	P-body
P62241	232F8A39	P-body
O60264	232F8A39	P-body
Q96AE7	232F8A39	P-body
Q9NP73	232F8A39	P-body
Q7Z417	232F8A39	P-body
H0Y8N5	232F8A39	P-body
Q9P2D0	232F8A39	P-body
Q8NE35	232F8A39	P-body
Q8WUM4	232F8A39	P-body
Q15434	232F8A39	P-body
O14787	232F8A39	P-body
Q96JK2	232F8A39	P-body
Q9C0C2	232F8A39	P-body
H0Y945	232F8A39	P-body
Q6ZN04	232F8A39	P-body
Q9BYG3	232F8A39	P-body
Q9BYJ9	232F8A39	P-body
B9A064	232F8A39	P-body
Q9UHX1	232F8A39	P-body
C9JNW5	232F8A39	P-body
Q16637	232F8A39	P-body
Q92552	232F8A39	P-body
Q9NZM5	232F8A39	P-body
Q9NR56	232F8A39	P-body
P37840	232F8A39	P-body
P62304	232F8A39	P-body
O94804	232F8A39	P-body
Q9HCY8	232F8A39	P-body
Q9P0K7	232F8A39	P-body
P35754	232F8A39	P-body
P50616	232F8A39	P-body
Q2TB90	232F8A39	P-body
P01834	232F8A39	P-body
Q9H0A0	232F8A39	P-body
P42696	232F8A39	P-body
Q9BZJ0	232F8A39	P-body
Q9H0S4	232F8A39	P-body
P58107	232F8A39	P-body
P62877	FB4E32DD	Presynaptic clusters and postsynaptic densities
Q08752	FB4E32DD	Presynaptic clusters and postsynaptic densities
O75083	FB4E32DD	Presynaptic clusters and postsynaptic densities
P11137	FB4E32DD	Presynaptic clusters and postsynaptic densities
Q8NFZ4	FB4E32DD	Presynaptic clusters and postsynaptic densities
P39023	FB4E32DD	Presynaptic clusters and postsynaptic densities
P30049	FB4E32DD	Presynaptic clusters and postsynaptic densities
P20073	FB4E32DD	Presynaptic clusters and postsynaptic densities
P28838	FB4E32DD	Presynaptic clusters and postsynaptic densities
Q5JU85	FB4E32DD	Presynaptic clusters and postsynaptic densities
Q06830	FB4E32DD	Presynaptic clusters and postsynaptic densities
O95817	FB4E32DD	Presynaptic clusters and postsynaptic densities
O95870	FB4E32DD	Presynaptic clusters and postsynaptic densities
Q9NYI0	FB4E32DD	Presynaptic clusters and postsynaptic densities
Q08174	FB4E32DD	Presynaptic clusters and postsynaptic densities
O95886	FB4E32DD	Presynaptic clusters and postsynaptic densities
P10515	FB4E32DD	Presynaptic clusters and postsynaptic densities
P25054	FB4E32DD	Presynaptic clusters and postsynaptic densities
Q9NTK5	FB4E32DD	Presynaptic clusters and postsynaptic densities
Q93008	FB4E32DD	Presynaptic clusters and postsynaptic densities
Q13423	FB4E32DD	Presynaptic clusters and postsynaptic densities
Q16836	FB4E32DD	Presynaptic clusters and postsynaptic densities
O14495	FB4E32DD	Presynaptic clusters and postsynaptic densities
P31150	FB4E32DD	Presynaptic clusters and postsynaptic densities
P62937	FB4E32DD	Presynaptic clusters and postsynaptic densities
P09874	FB4E32DD	Presynaptic clusters and postsynaptic densities
P15311	FB4E32DD	Presynaptic clusters and postsynaptic densities
Q92900	FB4E32DD	Presynaptic clusters and postsynaptic densities
P14136	FB4E32DD	Presynaptic clusters and postsynaptic densities
Q9UNA1	FB4E32DD	Presynaptic clusters and postsynaptic densities
Q16795	FB4E32DD	Presynaptic clusters and postsynaptic densities
P50395	FB4E32DD	Presynaptic clusters and postsynaptic densities
Q9NVA2	FB4E32DD	Presynaptic clusters and postsynaptic densities
Q14139	FB4E32DD	Presynaptic clusters and postsynaptic densities
Q3SXM5	FB4E32DD	Presynaptic clusters and postsynaptic densities
Q96CX2	FB4E32DD	Presynaptic clusters and postsynaptic densities
P52907	FB4E32DD	Presynaptic clusters and postsynaptic densities
Q9UPV7	FB4E32DD	Presynaptic clusters and postsynaptic densities
P46109	FB4E32DD	Presynaptic clusters and postsynaptic densities
O14639	FB4E32DD	Presynaptic clusters and postsynaptic densities
Q99784	FB4E32DD	Presynaptic clusters and postsynaptic densities
Q86UL8	FB4E32DD	Presynaptic clusters and postsynaptic densities
P61106	FB4E32DD	Presynaptic clusters and postsynaptic densities
O60333	FB4E32DD	Presynaptic clusters and postsynaptic densities
P04899	FB4E32DD	Presynaptic clusters and postsynaptic densities
Q16352	FB4E32DD	Presynaptic clusters and postsynaptic densities
P22748	FB4E32DD	Presynaptic clusters and postsynaptic densities
O14734	FB4E32DD	Presynaptic clusters and postsynaptic densities
P11277	FB4E32DD	Presynaptic clusters and postsynaptic densities
P52209	FB4E32DD	Presynaptic clusters and postsynaptic densities
P0DP58	FB4E32DD	Presynaptic clusters and postsynaptic densities
Q15126	FB4E32DD	Presynaptic clusters and postsynaptic densities
Q14699	FB4E32DD	Presynaptic clusters and postsynaptic densities
Q9Y5K8	FB4E32DD	Presynaptic clusters and postsynaptic densities
P62140	FB4E32DD	Presynaptic clusters and postsynaptic densities
P10915	FB4E32DD	Presynaptic clusters and postsynaptic densities
P24821	FB4E32DD	Presynaptic clusters and postsynaptic densities
Q76N89	FB4E32DD	Presynaptic clusters and postsynaptic densities
P04083	FB4E32DD	Presynaptic clusters and postsynaptic densities
P04350	FB4E32DD	Presynaptic clusters and postsynaptic densities
Q9UBQ0	FB4E32DD	Presynaptic clusters and postsynaptic densities
O15144	FB4E32DD	Presynaptic clusters and postsynaptic densities
Q14168	FB4E32DD	Presynaptic clusters and postsynaptic densities
O95197	FB4E32DD	Presynaptic clusters and postsynaptic densities
P32119	FB4E32DD	Presynaptic clusters and postsynaptic densities
O95970	FB4E32DD	Presynaptic clusters and postsynaptic densities
Q9Y3F4	FB4E32DD	Presynaptic clusters and postsynaptic densities
Q9Y6M1	232F8A39	P-body
P52306	232F8A39	P-body
Q8WZ42	232F8A39	P-body
Q5JW30	232F8A39	P-body
Q56UN5	232F8A39	P-body
P19338	232F8A39	P-body
Q5VZ46	232F8A39	P-body
Q09666	FB4E32DD	Presynaptic clusters and postsynaptic densities
P78352	FB4E32DD	Presynaptic clusters and postsynaptic densities
Q15366	FB4E32DD	Presynaptic clusters and postsynaptic densities
P11940	FB4E32DD	Presynaptic clusters and postsynaptic densities
P14923	FB4E32DD	Presynaptic clusters and postsynaptic densities
O00560	FB4E32DD	Presynaptic clusters and postsynaptic densities
O75335	FB4E32DD	Presynaptic clusters and postsynaptic densities
Q9Y277	FB4E32DD	Presynaptic clusters and postsynaptic densities
Q9UEY8	FB4E32DD	Presynaptic clusters and postsynaptic densities
Q9NZN3	FB4E32DD	Presynaptic clusters and postsynaptic densities
P36957	FB4E32DD	Presynaptic clusters and postsynaptic densities
Q9H425	FB4E32DD	Presynaptic clusters and postsynaptic densities
Q15811	FB4E32DD	Presynaptic clusters and postsynaptic densities
Q8TF44	FB4E32DD	Presynaptic clusters and postsynaptic densities
P16298	FB4E32DD	Presynaptic clusters and postsynaptic densities
P0CG48	FB4E32DD	Presynaptic clusters and postsynaptic densities
P10586	FB4E32DD	Presynaptic clusters and postsynaptic densities
P48444	FB4E32DD	Presynaptic clusters and postsynaptic densities
Q9BRQ6	FB4E32DD	Presynaptic clusters and postsynaptic densities
Q9NX63	FB4E32DD	Presynaptic clusters and postsynaptic densities
P05023	FB4E32DD	Presynaptic clusters and postsynaptic densities
P54920	FB4E32DD	Presynaptic clusters and postsynaptic densities
P46940	FB4E32DD	Presynaptic clusters and postsynaptic densities
P27361	FB4E32DD	Presynaptic clusters and postsynaptic densities
Q5VSY0	FB4E32DD	Presynaptic clusters and postsynaptic densities
P17661	FB4E32DD	Presynaptic clusters and postsynaptic densities
Q96F07	FB4E32DD	Presynaptic clusters and postsynaptic densities
Q92499	FB4E32DD	Presynaptic clusters and postsynaptic densities
P48169	FB4E32DD	Presynaptic clusters and postsynaptic densities
Q8TF21	FB4E32DD	Presynaptic clusters and postsynaptic densities
Q96JB5	FB4E32DD	Presynaptic clusters and postsynaptic densities
Q86Y82	FB4E32DD	Presynaptic clusters and postsynaptic densities
Q9NQC3	FB4E32DD	Presynaptic clusters and postsynaptic densities
Q9BTV5	FB4E32DD	Presynaptic clusters and postsynaptic densities
P13929	FB4E32DD	Presynaptic clusters and postsynaptic densities
O75781	FB4E32DD	Presynaptic clusters and postsynaptic densities
P61163	FB4E32DD	Presynaptic clusters and postsynaptic densities
O94826	FB4E32DD	Presynaptic clusters and postsynaptic densities
Q8IXI1	FB4E32DD	Presynaptic clusters and postsynaptic densities
Q9GZN7	FB4E32DD	Presynaptic clusters and postsynaptic densities
Q86UU1	FB4E32DD	Presynaptic clusters and postsynaptic densities
Q8N6H7	FB4E32DD	Presynaptic clusters and postsynaptic densities
P84074	FB4E32DD	Presynaptic clusters and postsynaptic densities
P27708	FB4E32DD	Presynaptic clusters and postsynaptic densities
Q9BTW9	FB4E32DD	Presynaptic clusters and postsynaptic densities
P26196	FB4E32DD	Presynaptic clusters and postsynaptic densities
P62906	FB4E32DD	Presynaptic clusters and postsynaptic densities
Q00535	FB4E32DD	Presynaptic clusters and postsynaptic densities
O94875	FB4E32DD	Presynaptic clusters and postsynaptic densities
O96000	FB4E32DD	Presynaptic clusters and postsynaptic densities
P27338	FB4E32DD	Presynaptic clusters and postsynaptic densities
Q7Z3B1	FB4E32DD	Presynaptic clusters and postsynaptic densities
O15394	FB4E32DD	Presynaptic clusters and postsynaptic densities
P07384	FB4E32DD	Presynaptic clusters and postsynaptic densities
Q6DN90	FB4E32DD	Presynaptic clusters and postsynaptic densities
Q15691	FB4E32DD	Presynaptic clusters and postsynaptic densities
Q07002	FB4E32DD	Presynaptic clusters and postsynaptic densities
P54750	FB4E32DD	Presynaptic clusters and postsynaptic densities
Q8WWZ3	FB4E32DD	Presynaptic clusters and postsynaptic densities
Q9Y3L3	FB4E32DD	Presynaptic clusters and postsynaptic densities
P21926	FB4E32DD	Presynaptic clusters and postsynaptic densities
Q13045	FB4E32DD	Presynaptic clusters and postsynaptic densities
Q9Y2G0	FB4E32DD	Presynaptic clusters and postsynaptic densities
P55735	FB4E32DD	Presynaptic clusters and postsynaptic densities
Q9P253	FB4E32DD	Presynaptic clusters and postsynaptic densities
O14964	FB4E32DD	Presynaptic clusters and postsynaptic densities
Q9H269	FB4E32DD	Presynaptic clusters and postsynaptic densities
Q99418	FB4E32DD	Presynaptic clusters and postsynaptic densities
Q9UNH7	FB4E32DD	Presynaptic clusters and postsynaptic densities
O00499	FB4E32DD	Presynaptic clusters and postsynaptic densities
P36915	FB4E32DD	Presynaptic clusters and postsynaptic densities
P40939	FB4E32DD	Presynaptic clusters and postsynaptic densities
Q86VP6	FB4E32DD	Presynaptic clusters and postsynaptic densities
O14980	FB4E32DD	Presynaptic clusters and postsynaptic densities
P36873	FB4E32DD	Presynaptic clusters and postsynaptic densities
Q8WVM8	FB4E32DD	Presynaptic clusters and postsynaptic densities
Q9UBC2	FB4E32DD	Presynaptic clusters and postsynaptic densities
P25686	FB4E32DD	Presynaptic clusters and postsynaptic densities
Q96EY1	FB4E32DD	Presynaptic clusters and postsynaptic densities
P09622	FB4E32DD	Presynaptic clusters and postsynaptic densities
P63167	FB4E32DD	Presynaptic clusters and postsynaptic densities
P37837	FB4E32DD	Presynaptic clusters and postsynaptic densities
P60174	FB4E32DD	Presynaptic clusters and postsynaptic densities
P21579	FB4E32DD	Presynaptic clusters and postsynaptic densities
Q6ZMI0	FB4E32DD	Presynaptic clusters and postsynaptic densities
Q96Q89	FB4E32DD	Presynaptic clusters and postsynaptic densities
Q9Y3C6	FB4E32DD	Presynaptic clusters and postsynaptic densities
Q9H1K4	FB4E32DD	Presynaptic clusters and postsynaptic densities
P35052	FB4E32DD	Presynaptic clusters and postsynaptic densities
O00571	FB4E32DD	Presynaptic clusters and postsynaptic densities
P02675	FB4E32DD	Presynaptic clusters and postsynaptic densities
P09543	FB4E32DD	Presynaptic clusters and postsynaptic densities
Q96ID5	FB4E32DD	Presynaptic clusters and postsynaptic densities
O14976	FB4E32DD	Presynaptic clusters and postsynaptic densities
Q92859	FB4E32DD	Presynaptic clusters and postsynaptic densities
Q07866	FB4E32DD	Presynaptic clusters and postsynaptic densities
A4D1P6	FB4E32DD	Presynaptic clusters and postsynaptic densities
P49448	FB4E32DD	Presynaptic clusters and postsynaptic densities
P07951	FB4E32DD	Presynaptic clusters and postsynaptic densities
P07954	FB4E32DD	Presynaptic clusters and postsynaptic densities
P34897	FB4E32DD	Presynaptic clusters and postsynaptic densities
Q9UDT6	FB4E32DD	Presynaptic clusters and postsynaptic densities
P08670	FB4E32DD	Presynaptic clusters and postsynaptic densities
Q7L0J3	FB4E32DD	Presynaptic clusters and postsynaptic densities
O00203	FB4E32DD	Presynaptic clusters and postsynaptic densities
P50993	FB4E32DD	Presynaptic clusters and postsynaptic densities
Q9H9A6	FB4E32DD	Presynaptic clusters and postsynaptic densities
Q14894	FB4E32DD	Presynaptic clusters and postsynaptic densities
Q8IXI2	FB4E32DD	Presynaptic clusters and postsynaptic densities
O76024	FB4E32DD	Presynaptic clusters and postsynaptic densities
O14936	FB4E32DD	Presynaptic clusters and postsynaptic densities
O75828	FB4E32DD	Presynaptic clusters and postsynaptic densities
P62136	FB4E32DD	Presynaptic clusters and postsynaptic densities
P63104	FB4E32DD	Presynaptic clusters and postsynaptic densities
P31939	FB4E32DD	Presynaptic clusters and postsynaptic densities
Q02750	FB4E32DD	Presynaptic clusters and postsynaptic densities
P27348	FB4E32DD	Presynaptic clusters and postsynaptic densities
Q15334	FB4E32DD	Presynaptic clusters and postsynaptic densities
O14994	FB4E32DD	Presynaptic clusters and postsynaptic densities
P62917	FB4E32DD	Presynaptic clusters and postsynaptic densities
P00338	FB4E32DD	Presynaptic clusters and postsynaptic densities
P22695	FB4E32DD	Presynaptic clusters and postsynaptic densities
Q92526	FB4E32DD	Presynaptic clusters and postsynaptic densities
Q9H0Q0	FB4E32DD	Presynaptic clusters and postsynaptic densities
P19404	FB4E32DD	Presynaptic clusters and postsynaptic densities
O43301	FB4E32DD	Presynaptic clusters and postsynaptic densities
P39019	FB4E32DD	Presynaptic clusters and postsynaptic densities
Q27J81	FB4E32DD	Presynaptic clusters and postsynaptic densities
P11586	FB4E32DD	Presynaptic clusters and postsynaptic densities
P51149	FB4E32DD	Presynaptic clusters and postsynaptic densities
P29692	FB4E32DD	Presynaptic clusters and postsynaptic densities
Q9UPY8	FB4E32DD	Presynaptic clusters and postsynaptic densities
Q9NR46	FB4E32DD	Presynaptic clusters and postsynaptic densities
P49418	FB4E32DD	Presynaptic clusters and postsynaptic densities
P49407	FB4E32DD	Presynaptic clusters and postsynaptic densities
Q92896	FB4E32DD	Presynaptic clusters and postsynaptic densities
O14874	FB4E32DD	Presynaptic clusters and postsynaptic densities
Q96PV0	FB4E32DD	Presynaptic clusters and postsynaptic densities
Q8IYI6	FB4E32DD	Presynaptic clusters and postsynaptic densities
Q9NZJ7	FB4E32DD	Presynaptic clusters and postsynaptic densities
Q9UHD8	FB4E32DD	Presynaptic clusters and postsynaptic densities
P54578	FB4E32DD	Presynaptic clusters and postsynaptic densities
O94874	FB4E32DD	Presynaptic clusters and postsynaptic densities
P42658	FB4E32DD	Presynaptic clusters and postsynaptic densities
P11274	FB4E32DD	Presynaptic clusters and postsynaptic densities
Q14344	FB4E32DD	Presynaptic clusters and postsynaptic densities
Q92597	FB4E32DD	Presynaptic clusters and postsynaptic densities
Q8N766	FB4E32DD	Presynaptic clusters and postsynaptic densities
Q9ULP9	FB4E32DD	Presynaptic clusters and postsynaptic densities
P08754	FB4E32DD	Presynaptic clusters and postsynaptic densities
Q9BQ69	FB4E32DD	Presynaptic clusters and postsynaptic densities
P31323	FB4E32DD	Presynaptic clusters and postsynaptic densities
Q14789	FB4E32DD	Presynaptic clusters and postsynaptic densities
Q96HY6	FB4E32DD	Presynaptic clusters and postsynaptic densities
Q8N111	FB4E32DD	Presynaptic clusters and postsynaptic densities
Q00341	FB4E32DD	Presynaptic clusters and postsynaptic densities
P11678	FB4E32DD	Presynaptic clusters and postsynaptic densities
Q9GZV7	FB4E32DD	Presynaptic clusters and postsynaptic densities
Q9P2R7	FB4E32DD	Presynaptic clusters and postsynaptic densities
Q7L2E3	FB4E32DD	Presynaptic clusters and postsynaptic densities
Q14C86	FB4E32DD	Presynaptic clusters and postsynaptic densities
P78559	FB4E32DD	Presynaptic clusters and postsynaptic densities
P59768	FB4E32DD	Presynaptic clusters and postsynaptic densities
O60493	FB4E32DD	Presynaptic clusters and postsynaptic densities
Q12768	FB4E32DD	Presynaptic clusters and postsynaptic densities
Q9UL54	FB4E32DD	Presynaptic clusters and postsynaptic densities
P04792	FB4E32DD	Presynaptic clusters and postsynaptic densities
Q99962	FB4E32DD	Presynaptic clusters and postsynaptic densities
Q15818	FB4E32DD	Presynaptic clusters and postsynaptic densities
Q16718	FB4E32DD	Presynaptic clusters and postsynaptic densities
P12931	FB4E32DD	Presynaptic clusters and postsynaptic densities
O95670	FB4E32DD	Presynaptic clusters and postsynaptic densities
P07814	FB4E32DD	Presynaptic clusters and postsynaptic densities
Q16570	FB4E32DD	Presynaptic clusters and postsynaptic densities
O95219	FB4E32DD	Presynaptic clusters and postsynaptic densities
Q6PCB7	FB4E32DD	Presynaptic clusters and postsynaptic densities
O75964	FB4E32DD	Presynaptic clusters and postsynaptic densities
P45974	FB4E32DD	Presynaptic clusters and postsynaptic densities
Q15365	FB4E32DD	Presynaptic clusters and postsynaptic densities
Q9ULU8	FB4E32DD	Presynaptic clusters and postsynaptic densities
P10644	FB4E32DD	Presynaptic clusters and postsynaptic densities
Q05586	FB4E32DD	Presynaptic clusters and postsynaptic densities
Q99720	FB4E32DD	Presynaptic clusters and postsynaptic densities
O15075	FB4E32DD	Presynaptic clusters and postsynaptic densities
Q9Y2H1	FB4E32DD	Presynaptic clusters and postsynaptic densities
Q9BVA1	FB4E32DD	Presynaptic clusters and postsynaptic densities
P08865	FB4E32DD	Presynaptic clusters and postsynaptic densities
Q12860	FB4E32DD	Presynaptic clusters and postsynaptic densities
P48735	FB4E32DD	Presynaptic clusters and postsynaptic densities
P05091	FB4E32DD	Presynaptic clusters and postsynaptic densities
P08758	FB4E32DD	Presynaptic clusters and postsynaptic densities
Q9UPY6	FB4E32DD	Presynaptic clusters and postsynaptic densities
Q9Y2J8	FB4E32DD	Presynaptic clusters and postsynaptic densities
Q9UID3	FB4E32DD	Presynaptic clusters and postsynaptic densities
Q96AX1	FB4E32DD	Presynaptic clusters and postsynaptic densities
Q9Y490	FB4E32DD	Presynaptic clusters and postsynaptic densities
P61978	FB4E32DD	Presynaptic clusters and postsynaptic densities
Q13464	FB4E32DD	Presynaptic clusters and postsynaptic densities
O15083	FB4E32DD	Presynaptic clusters and postsynaptic densities
P80723	FB4E32DD	Presynaptic clusters and postsynaptic densities
P14649	FB4E32DD	Presynaptic clusters and postsynaptic densities
P56385	FB4E32DD	Presynaptic clusters and postsynaptic densities
Q9HCM3	FB4E32DD	Presynaptic clusters and postsynaptic densities
Q03001	FB4E32DD	Presynaptic clusters and postsynaptic densities
P13861	FB4E32DD	Presynaptic clusters and postsynaptic densities
Q9H479	FB4E32DD	Presynaptic clusters and postsynaptic densities
Q16643	FB4E32DD	Presynaptic clusters and postsynaptic densities
Q7Z2K8	FB4E32DD	Presynaptic clusters and postsynaptic densities
P06733	FB4E32DD	Presynaptic clusters and postsynaptic densities
Q00169	FB4E32DD	Presynaptic clusters and postsynaptic densities
A0A0B4J269	FB4E32DD	Presynaptic clusters and postsynaptic densities
P50990	FB4E32DD	Presynaptic clusters and postsynaptic densities
P05198	FB4E32DD	Presynaptic clusters and postsynaptic densities
Q00059	FB4E32DD	Presynaptic clusters and postsynaptic densities
Q9Y639	FB4E32DD	Presynaptic clusters and postsynaptic densities
Q00325	FB4E32DD	Presynaptic clusters and postsynaptic densities
P21397	FB4E32DD	Presynaptic clusters and postsynaptic densities
Q9H8M1	FB4E32DD	Presynaptic clusters and postsynaptic densities
Q9NZM3	FB4E32DD	Presynaptic clusters and postsynaptic densities
Q12959	FB4E32DD	Presynaptic clusters and postsynaptic densities
Q99747	FB4E32DD	Presynaptic clusters and postsynaptic densities
O94766	FB4E32DD	Presynaptic clusters and postsynaptic densities
Q9GZY8	FB4E32DD	Presynaptic clusters and postsynaptic densities
Q9P2P5	FB4E32DD	Presynaptic clusters and postsynaptic densities
O60299	FB4E32DD	Presynaptic clusters and postsynaptic densities
Q96TC7	FB4E32DD	Presynaptic clusters and postsynaptic densities
Q9UI12	FB4E32DD	Presynaptic clusters and postsynaptic densities
Q14195	FB4E32DD	Presynaptic clusters and postsynaptic densities
O60488	FB4E32DD	Presynaptic clusters and postsynaptic densities
O75190	FB4E32DD	Presynaptic clusters and postsynaptic densities
P00505	FB4E32DD	Presynaptic clusters and postsynaptic densities
Q02978	FB4E32DD	Presynaptic clusters and postsynaptic densities
Q9H0B6	FB4E32DD	Presynaptic clusters and postsynaptic densities
P25098	FB4E32DD	Presynaptic clusters and postsynaptic densities
Q12765	FB4E32DD	Presynaptic clusters and postsynaptic densities
P26232	FB4E32DD	Presynaptic clusters and postsynaptic densities
Q5T2T1	FB4E32DD	Presynaptic clusters and postsynaptic densities
O43426	FB4E32DD	Presynaptic clusters and postsynaptic densities
Q9UQ03	FB4E32DD	Presynaptic clusters and postsynaptic densities
P53007	FB4E32DD	Presynaptic clusters and postsynaptic densities
P46782	FB4E32DD	Presynaptic clusters and postsynaptic densities
P42858	FB4E32DD	Presynaptic clusters and postsynaptic densities
Q9UJZ1	FB4E32DD	Presynaptic clusters and postsynaptic densities
Q8NEU8	FB4E32DD	Presynaptic clusters and postsynaptic densities
P31948	FB4E32DD	Presynaptic clusters and postsynaptic densities
Q96P26	FB4E32DD	Presynaptic clusters and postsynaptic densities
Q9UL25	FB4E32DD	Presynaptic clusters and postsynaptic densities
O14974	FB4E32DD	Presynaptic clusters and postsynaptic densities
P25705	FB4E32DD	Presynaptic clusters and postsynaptic densities
P05129	FB4E32DD	Presynaptic clusters and postsynaptic densities
Q08495	FB4E32DD	Presynaptic clusters and postsynaptic densities
Q5M775	FB4E32DD	Presynaptic clusters and postsynaptic densities
Q9UBS5	FB4E32DD	Presynaptic clusters and postsynaptic densities
Q9Y4C0	FB4E32DD	Presynaptic clusters and postsynaptic densities
A0MZ66	FB4E32DD	Presynaptic clusters and postsynaptic densities
O00160	FB4E32DD	Presynaptic clusters and postsynaptic densities
P51648	FB4E32DD	Presynaptic clusters and postsynaptic densities
Q96AG3	FB4E32DD	Presynaptic clusters and postsynaptic densities
Q03252	FB4E32DD	Presynaptic clusters and postsynaptic densities
P45880	FB4E32DD	Presynaptic clusters and postsynaptic densities
Q969P0	FB4E32DD	Presynaptic clusters and postsynaptic densities
P60953	FB4E32DD	Presynaptic clusters and postsynaptic densities
Q04837	FB4E32DD	Presynaptic clusters and postsynaptic densities
O15228	FB4E32DD	Presynaptic clusters and postsynaptic densities
Q9NSD9	FB4E32DD	Presynaptic clusters and postsynaptic densities
Q14764	FB4E32DD	Presynaptic clusters and postsynaptic densities
Q9UQ16	FB4E32DD	Presynaptic clusters and postsynaptic densities
P42263	FB4E32DD	Presynaptic clusters and postsynaptic densities
P09936	FB4E32DD	Presynaptic clusters and postsynaptic densities
P61421	FB4E32DD	Presynaptic clusters and postsynaptic densities
P29401	FB4E32DD	Presynaptic clusters and postsynaptic densities
Q8IWT6	FB4E32DD	Presynaptic clusters and postsynaptic densities
Q8N9R8	FB4E32DD	Presynaptic clusters and postsynaptic densities
Q13424	FB4E32DD	Presynaptic clusters and postsynaptic densities
Q07157	FB4E32DD	Presynaptic clusters and postsynaptic densities
Q5T848	FB4E32DD	Presynaptic clusters and postsynaptic densities
Q9NRY4	FB4E32DD	Presynaptic clusters and postsynaptic densities
O75477	FB4E32DD	Presynaptic clusters and postsynaptic densities
Q15436	FB4E32DD	Presynaptic clusters and postsynaptic densities
Q5JPE7	FB4E32DD	Presynaptic clusters and postsynaptic densities
Q02952	FB4E32DD	Presynaptic clusters and postsynaptic densities
Q14982	FB4E32DD	Presynaptic clusters and postsynaptic densities
P05771	FB4E32DD	Presynaptic clusters and postsynaptic densities
Q9H3Q1	FB4E32DD	Presynaptic clusters and postsynaptic densities
P10636	FB4E32DD	Presynaptic clusters and postsynaptic densities
Q92930	FB4E32DD	Presynaptic clusters and postsynaptic densities
P48058	FB4E32DD	Presynaptic clusters and postsynaptic densities
Q6ZVL6	FB4E32DD	Presynaptic clusters and postsynaptic densities
Q9P265	FB4E32DD	Presynaptic clusters and postsynaptic densities
Q16698	FB4E32DD	Presynaptic clusters and postsynaptic densities
Q8WXG6	FB4E32DD	Presynaptic clusters and postsynaptic densities
Q9Y2J0	FB4E32DD	Presynaptic clusters and postsynaptic densities
P23634	FB4E32DD	Presynaptic clusters and postsynaptic densities
P99999	FB4E32DD	Presynaptic clusters and postsynaptic densities
Q99733	FB4E32DD	Presynaptic clusters and postsynaptic densities
P23258	FB4E32DD	Presynaptic clusters and postsynaptic densities
O95837	FB4E32DD	Presynaptic clusters and postsynaptic densities
Q9UI08	FB4E32DD	Presynaptic clusters and postsynaptic densities
O15400	FB4E32DD	Presynaptic clusters and postsynaptic densities
P30085	FB4E32DD	Presynaptic clusters and postsynaptic densities
Q9NRH3	FB4E32DD	Presynaptic clusters and postsynaptic densities
P17066	FB4E32DD	Presynaptic clusters and postsynaptic densities
Q9UNZ2	FB4E32DD	Presynaptic clusters and postsynaptic densities
Q12931	FB4E32DD	Presynaptic clusters and postsynaptic densities
O00291	FB4E32DD	Presynaptic clusters and postsynaptic densities
Q765P7	FB4E32DD	Presynaptic clusters and postsynaptic densities
P47736	FB4E32DD	Presynaptic clusters and postsynaptic densities
Q9UI15	FB4E32DD	Presynaptic clusters and postsynaptic densities
P23468	FB4E32DD	Presynaptic clusters and postsynaptic densities
Q15700	FB4E32DD	Presynaptic clusters and postsynaptic densities
Q16512	FB4E32DD	Presynaptic clusters and postsynaptic densities
Q99536	FB4E32DD	Presynaptic clusters and postsynaptic densities
Q9Y2H0	FB4E32DD	Presynaptic clusters and postsynaptic densities
Q9P0V9	FB4E32DD	Presynaptic clusters and postsynaptic densities
Q5TF21	FB4E32DD	Presynaptic clusters and postsynaptic densities
Q13554	FB4E32DD	Presynaptic clusters and postsynaptic densities
P13639	FB4E32DD	Presynaptic clusters and postsynaptic densities
O00214	FB4E32DD	Presynaptic clusters and postsynaptic densities
Q02252	FB4E32DD	Presynaptic clusters and postsynaptic densities
P35612	FB4E32DD	Presynaptic clusters and postsynaptic densities
Q9UPW8	FB4E32DD	Presynaptic clusters and postsynaptic densities
Q9Y6T7	FB4E32DD	Presynaptic clusters and postsynaptic densities
P11498	FB4E32DD	Presynaptic clusters and postsynaptic densities
P08240	FB4E32DD	Presynaptic clusters and postsynaptic densities
P62191	FB4E32DD	Presynaptic clusters and postsynaptic densities
Q02641	FB4E32DD	Presynaptic clusters and postsynaptic densities
Q8WXF7	FB4E32DD	Presynaptic clusters and postsynaptic densities
P17858	FB4E32DD	Presynaptic clusters and postsynaptic densities
Q96IX5	FB4E32DD	Presynaptic clusters and postsynaptic densities
O00186	FB4E32DD	Presynaptic clusters and postsynaptic densities
Q9H492	FB4E32DD	Presynaptic clusters and postsynaptic densities
Q96CW1	FB4E32DD	Presynaptic clusters and postsynaptic densities
P26373	FB4E32DD	Presynaptic clusters and postsynaptic densities
Q13557	FB4E32DD	Presynaptic clusters and postsynaptic densities
Q9Y4D1	FB4E32DD	Presynaptic clusters and postsynaptic densities
Q8ND76	FB4E32DD	Presynaptic clusters and postsynaptic densities
P08631	FB4E32DD	Presynaptic clusters and postsynaptic densities
P02747	FB4E32DD	Presynaptic clusters and postsynaptic densities
O14594	FB4E32DD	Presynaptic clusters and postsynaptic densities
Q12965	FB4E32DD	Presynaptic clusters and postsynaptic densities
Q96QK1	FB4E32DD	Presynaptic clusters and postsynaptic densities
O95466	FB4E32DD	Presynaptic clusters and postsynaptic densities
P21796	FB4E32DD	Presynaptic clusters and postsynaptic densities
Q9HCH3	FB4E32DD	Presynaptic clusters and postsynaptic densities
O43295	FB4E32DD	Presynaptic clusters and postsynaptic densities
Q99623	FB4E32DD	Presynaptic clusters and postsynaptic densities
Q9P1Z2	FB4E32DD	Presynaptic clusters and postsynaptic densities
Q9H7D0	FB4E32DD	Presynaptic clusters and postsynaptic densities
Q99946	FB4E32DD	Presynaptic clusters and postsynaptic densities
P51452	FB4E32DD	Presynaptic clusters and postsynaptic densities
O00330	FB4E32DD	Presynaptic clusters and postsynaptic densities
Q02246	FB4E32DD	Presynaptic clusters and postsynaptic densities
O15484	FB4E32DD	Presynaptic clusters and postsynaptic densities
O60658	FB4E32DD	Presynaptic clusters and postsynaptic densities
Q9H4G4	FB4E32DD	Presynaptic clusters and postsynaptic densities
P16452	FB4E32DD	Presynaptic clusters and postsynaptic densities
P14621	FB4E32DD	Presynaptic clusters and postsynaptic densities
Q6PGP7	FB4E32DD	Presynaptic clusters and postsynaptic densities
Q8N3V7	FB4E32DD	Presynaptic clusters and postsynaptic densities
Q86YR5	FB4E32DD	Presynaptic clusters and postsynaptic densities
Q00610	FB4E32DD	Presynaptic clusters and postsynaptic densities
P55290	FB4E32DD	Presynaptic clusters and postsynaptic densities
P19525	FB4E32DD	Presynaptic clusters and postsynaptic densities
O76041	FB4E32DD	Presynaptic clusters and postsynaptic densities
O95140	FB4E32DD	Presynaptic clusters and postsynaptic densities
O94811	FB4E32DD	Presynaptic clusters and postsynaptic densities
O75116	FB4E32DD	Presynaptic clusters and postsynaptic densities
P61764	FB4E32DD	Presynaptic clusters and postsynaptic densities
P62258	FB4E32DD	Presynaptic clusters and postsynaptic densities
Q9H061	FB4E32DD	Presynaptic clusters and postsynaptic densities
P32004	FB4E32DD	Presynaptic clusters and postsynaptic densities
Q5VIR6	FB4E32DD	Presynaptic clusters and postsynaptic densities
O75955	FB4E32DD	Presynaptic clusters and postsynaptic densities
P38606	FB4E32DD	Presynaptic clusters and postsynaptic densities
Q9H444	FB4E32DD	Presynaptic clusters and postsynaptic densities
O95782	FB4E32DD	Presynaptic clusters and postsynaptic densities
Q9Y2Q3	FB4E32DD	Presynaptic clusters and postsynaptic densities
Q8IVF7	FB4E32DD	Presynaptic clusters and postsynaptic densities
Q9H254	FB4E32DD	Presynaptic clusters and postsynaptic densities
Q9HAV0	FB4E32DD	Presynaptic clusters and postsynaptic densities
P25685	FB4E32DD	Presynaptic clusters and postsynaptic densities
P38646	FB4E32DD	Presynaptic clusters and postsynaptic densities
P28072	FB4E32DD	Presynaptic clusters and postsynaptic densities
P68106	FB4E32DD	Presynaptic clusters and postsynaptic densities
Q9UBB4	FB4E32DD	Presynaptic clusters and postsynaptic densities
O43707	FB4E32DD	Presynaptic clusters and postsynaptic densities
Q14416	FB4E32DD	Presynaptic clusters and postsynaptic densities
P11021	FB4E32DD	Presynaptic clusters and postsynaptic densities
Q9Y6M9	FB4E32DD	Presynaptic clusters and postsynaptic densities
P31946	FB4E32DD	Presynaptic clusters and postsynaptic densities
Q9UN36	FB4E32DD	Presynaptic clusters and postsynaptic densities
Q96JE9	FB4E32DD	Presynaptic clusters and postsynaptic densities
Q13367	FB4E32DD	Presynaptic clusters and postsynaptic densities
P11441	FB4E32DD	Presynaptic clusters and postsynaptic densities
Q96AQ6	FB4E32DD	Presynaptic clusters and postsynaptic densities
O75145	FB4E32DD	Presynaptic clusters and postsynaptic densities
P49815	FB4E32DD	Presynaptic clusters and postsynaptic densities
O95292	FB4E32DD	Presynaptic clusters and postsynaptic densities
O75306	FB4E32DD	Presynaptic clusters and postsynaptic densities
Q96QR8	FB4E32DD	Presynaptic clusters and postsynaptic densities
P08559	FB4E32DD	Presynaptic clusters and postsynaptic densities
Q5TCZ1	FB4E32DD	Presynaptic clusters and postsynaptic densities
P14867	FB4E32DD	Presynaptic clusters and postsynaptic densities
O95373	FB4E32DD	Presynaptic clusters and postsynaptic densities
P19022	FB4E32DD	Presynaptic clusters and postsynaptic densities
Q9Y4E8	FB4E32DD	Presynaptic clusters and postsynaptic densities
O00159	FB4E32DD	Presynaptic clusters and postsynaptic densities
Q8IWU2	FB4E32DD	Presynaptic clusters and postsynaptic densities
Q96JC1	FB4E32DD	Presynaptic clusters and postsynaptic densities
O95990	FB4E32DD	Presynaptic clusters and postsynaptic densities
Q6UWE0	FB4E32DD	Presynaptic clusters and postsynaptic densities
P14324	FB4E32DD	Presynaptic clusters and postsynaptic densities
O75061	FB4E32DD	Presynaptic clusters and postsynaptic densities
Q9NRW7	FB4E32DD	Presynaptic clusters and postsynaptic densities
P35749	FB4E32DD	Presynaptic clusters and postsynaptic densities
P32969	FB4E32DD	Presynaptic clusters and postsynaptic densities
Q9C040	FB4E32DD	Presynaptic clusters and postsynaptic densities
O00471	FB4E32DD	Presynaptic clusters and postsynaptic densities
P28161	FB4E32DD	Presynaptic clusters and postsynaptic densities
Q86YM7	FB4E32DD	Presynaptic clusters and postsynaptic densities
P01111	FB4E32DD	Presynaptic clusters and postsynaptic densities
P53990	FB4E32DD	Presynaptic clusters and postsynaptic densities
Q9NRW1	FB4E32DD	Presynaptic clusters and postsynaptic densities
P20648	FB4E32DD	Presynaptic clusters and postsynaptic densities
P62760	FB4E32DD	Presynaptic clusters and postsynaptic densities
Q13310	FB4E32DD	Presynaptic clusters and postsynaptic densities
P00568	FB4E32DD	Presynaptic clusters and postsynaptic densities
Q86YS7	FB4E32DD	Presynaptic clusters and postsynaptic densities
O14617	FB4E32DD	Presynaptic clusters and postsynaptic densities
Q9BY11	FB4E32DD	Presynaptic clusters and postsynaptic densities
P41594	FB4E32DD	Presynaptic clusters and postsynaptic densities
P09417	FB4E32DD	Presynaptic clusters and postsynaptic densities
P09471	FB4E32DD	Presynaptic clusters and postsynaptic densities
Q96HU8	FB4E32DD	Presynaptic clusters and postsynaptic densities
P09493	FB4E32DD	Presynaptic clusters and postsynaptic densities
Q9C0D0	FB4E32DD	Presynaptic clusters and postsynaptic densities
O15034	FB4E32DD	Presynaptic clusters and postsynaptic densities
P60201	FB4E32DD	Presynaptic clusters and postsynaptic densities
Q9Y4R7	FB4E32DD	Presynaptic clusters and postsynaptic densities
Q5T8D3	FB4E32DD	Presynaptic clusters and postsynaptic densities
Q9NZH0	FB4E32DD	Presynaptic clusters and postsynaptic densities
Q7Z4S6	FB4E32DD	Presynaptic clusters and postsynaptic densities
Q96C19	FB4E32DD	Presynaptic clusters and postsynaptic densities
P31947	FB4E32DD	Presynaptic clusters and postsynaptic densities
A0A2R8YDH4	FB4E32DD	Presynaptic clusters and postsynaptic densities
Q01813	FB4E32DD	Presynaptic clusters and postsynaptic densities
O00410	FB4E32DD	Presynaptic clusters and postsynaptic densities
P23284	FB4E32DD	Presynaptic clusters and postsynaptic densities
Q9NV70	FB4E32DD	Presynaptic clusters and postsynaptic densities
O60716	FB4E32DD	Presynaptic clusters and postsynaptic densities
P68371	FB4E32DD	Presynaptic clusters and postsynaptic densities
P17568	FB4E32DD	Presynaptic clusters and postsynaptic densities
P24666	FB4E32DD	Presynaptic clusters and postsynaptic densities
Q9UPR5	FB4E32DD	Presynaptic clusters and postsynaptic densities
O94979	FB4E32DD	Presynaptic clusters and postsynaptic densities
Q13153	FB4E32DD	Presynaptic clusters and postsynaptic densities
Q07954	FB4E32DD	Presynaptic clusters and postsynaptic densities
Q96DZ5	FB4E32DD	Presynaptic clusters and postsynaptic densities
P35579	FB4E32DD	Presynaptic clusters and postsynaptic densities
Q13332	FB4E32DD	Presynaptic clusters and postsynaptic densities
P53992	FB4E32DD	Presynaptic clusters and postsynaptic densities
P54136	FB4E32DD	Presynaptic clusters and postsynaptic densities
O60282	FB4E32DD	Presynaptic clusters and postsynaptic densities
Q14156	FB4E32DD	Presynaptic clusters and postsynaptic densities
O75521	FB4E32DD	Presynaptic clusters and postsynaptic densities
Q9UPQ3	FB4E32DD	Presynaptic clusters and postsynaptic densities
P20916	FB4E32DD	Presynaptic clusters and postsynaptic densities
O75390	FB4E32DD	Presynaptic clusters and postsynaptic densities
Q9UJS0	FB4E32DD	Presynaptic clusters and postsynaptic densities
Q99798	FB4E32DD	Presynaptic clusters and postsynaptic densities
O75077	FB4E32DD	Presynaptic clusters and postsynaptic densities
O95741	FB4E32DD	Presynaptic clusters and postsynaptic densities
P27816	FB4E32DD	Presynaptic clusters and postsynaptic densities
Q13884	FB4E32DD	Presynaptic clusters and postsynaptic densities
Q9Y3L5	FB4E32DD	Presynaptic clusters and postsynaptic densities
Q99719	FB4E32DD	Presynaptic clusters and postsynaptic densities
P46060	FB4E32DD	Presynaptic clusters and postsynaptic densities
O14490	FB4E32DD	Presynaptic clusters and postsynaptic densities
Q13671	FB4E32DD	Presynaptic clusters and postsynaptic densities
P42224	FB4E32DD	Presynaptic clusters and postsynaptic densities
P60660	FB4E32DD	Presynaptic clusters and postsynaptic densities
O94819	FB4E32DD	Presynaptic clusters and postsynaptic densities
P55072	FB4E32DD	Presynaptic clusters and postsynaptic densities
Q15121	FB4E32DD	Presynaptic clusters and postsynaptic densities
P54764	FB4E32DD	Presynaptic clusters and postsynaptic densities
Q9P1A6	FB4E32DD	Presynaptic clusters and postsynaptic densities
Q9UN37	FB4E32DD	Presynaptic clusters and postsynaptic densities
P62277	FB4E32DD	Presynaptic clusters and postsynaptic densities
P06241	FB4E32DD	Presynaptic clusters and postsynaptic densities
P09651	FB4E32DD	Presynaptic clusters and postsynaptic densities
O75348	FB4E32DD	Presynaptic clusters and postsynaptic densities
O60884	FB4E32DD	Presynaptic clusters and postsynaptic densities
P11166	FB4E32DD	Presynaptic clusters and postsynaptic densities
Q3ZCQ8	FB4E32DD	Presynaptic clusters and postsynaptic densities
Q01484	FB4E32DD	Presynaptic clusters and postsynaptic densities
P19174	FB4E32DD	Presynaptic clusters and postsynaptic densities
O95294	FB4E32DD	Presynaptic clusters and postsynaptic densities
Q16774	FB4E32DD	Presynaptic clusters and postsynaptic densities
P09038	FB4E32DD	Presynaptic clusters and postsynaptic densities
Q9HBL7	FB4E32DD	Presynaptic clusters and postsynaptic densities
P50148	FB4E32DD	Presynaptic clusters and postsynaptic densities
O00231	FB4E32DD	Presynaptic clusters and postsynaptic densities
Q92828	FB4E32DD	Presynaptic clusters and postsynaptic densities
P01588	FB4E32DD	Presynaptic clusters and postsynaptic densities
P11217	FB4E32DD	Presynaptic clusters and postsynaptic densities
Q92599	FB4E32DD	Presynaptic clusters and postsynaptic densities
Q16799	FB4E32DD	Presynaptic clusters and postsynaptic densities
Q13232	FB4E32DD	Presynaptic clusters and postsynaptic densities
P30043	FB4E32DD	Presynaptic clusters and postsynaptic densities
P05388	FB4E32DD	Presynaptic clusters and postsynaptic densities
P51178	FB4E32DD	Presynaptic clusters and postsynaptic densities
P35613	FB4E32DD	Presynaptic clusters and postsynaptic densities
O60331	FB4E32DD	Presynaptic clusters and postsynaptic densities
Q9Y4G6	FB4E32DD	Presynaptic clusters and postsynaptic densities
Q15147	FB4E32DD	Presynaptic clusters and postsynaptic densities
Q9H4M9	FB4E32DD	Presynaptic clusters and postsynaptic densities
P61981	FB4E32DD	Presynaptic clusters and postsynaptic densities
Q92777	FB4E32DD	Presynaptic clusters and postsynaptic densities
P55087	FB4E32DD	Presynaptic clusters and postsynaptic densities
O94925	FB4E32DD	Presynaptic clusters and postsynaptic densities
P78357	FB4E32DD	Presynaptic clusters and postsynaptic densities
Q14318	FB4E32DD	Presynaptic clusters and postsynaptic densities
Q15042	FB4E32DD	Presynaptic clusters and postsynaptic densities
Q92629	FB4E32DD	Presynaptic clusters and postsynaptic densities
O75746	FB4E32DD	Presynaptic clusters and postsynaptic densities
Q92561	FB4E32DD	Presynaptic clusters and postsynaptic densities
Q9Y3U8	FB4E32DD	Presynaptic clusters and postsynaptic densities
Q9UQB3	FB4E32DD	Presynaptic clusters and postsynaptic densities
Q9P121	FB4E32DD	Presynaptic clusters and postsynaptic densities
P60880	FB4E32DD	Presynaptic clusters and postsynaptic densities
P61601	FB4E32DD	Presynaptic clusters and postsynaptic densities
Q3KQU3	FB4E32DD	Presynaptic clusters and postsynaptic densities
O95299	FB4E32DD	Presynaptic clusters and postsynaptic densities
P78352-3	FB4E32DD	Presynaptic clusters and postsynaptic densities
Q14008	FB4E32DD	Presynaptic clusters and postsynaptic densities
P09497	FB4E32DD	Presynaptic clusters and postsynaptic densities
P49591	FB4E32DD	Presynaptic clusters and postsynaptic densities
Q96D05	FB4E32DD	Presynaptic clusters and postsynaptic densities
Q969M1	FB4E32DD	Presynaptic clusters and postsynaptic densities
Q9Y3D7	FB4E32DD	Presynaptic clusters and postsynaptic densities
P21283	FB4E32DD	Presynaptic clusters and postsynaptic densities
O15020	FB4E32DD	Presynaptic clusters and postsynaptic densities
Q9Y3I0	FB4E32DD	Presynaptic clusters and postsynaptic densities
Q9Y496	FB4E32DD	Presynaptic clusters and postsynaptic densities
O00764	FB4E32DD	Presynaptic clusters and postsynaptic densities
A6NH52	FB4E32DD	Presynaptic clusters and postsynaptic densities
Q00013	FB4E32DD	Presynaptic clusters and postsynaptic densities
Q9NP79	FB4E32DD	Presynaptic clusters and postsynaptic densities
P40121	FB4E32DD	Presynaptic clusters and postsynaptic densities
Q13526	FB4E32DD	Presynaptic clusters and postsynaptic densities
P12236	FB4E32DD	Presynaptic clusters and postsynaptic densities
O75410	FB4E32DD	Presynaptic clusters and postsynaptic densities
Q99569	FB4E32DD	Presynaptic clusters and postsynaptic densities
P63010	FB4E32DD	Presynaptic clusters and postsynaptic densities
O75382	FB4E32DD	Presynaptic clusters and postsynaptic densities
Q9HB21	FB4E32DD	Presynaptic clusters and postsynaptic densities
Q04917	FB4E32DD	Presynaptic clusters and postsynaptic densities
Q9UIW2	FB4E32DD	Presynaptic clusters and postsynaptic densities
Q05193	FB4E32DD	Presynaptic clusters and postsynaptic densities
Q16658	FB4E32DD	Presynaptic clusters and postsynaptic densities
P63000	FB4E32DD	Presynaptic clusters and postsynaptic densities
P00558	FB4E32DD	Presynaptic clusters and postsynaptic densities
Q9UJU6	FB4E32DD	Presynaptic clusters and postsynaptic densities
Q9ULJ8	FB4E32DD	Presynaptic clusters and postsynaptic densities
Q9P035	FB4E32DD	Presynaptic clusters and postsynaptic densities
Q15599	FB4E32DD	Presynaptic clusters and postsynaptic densities
Q12955	FB4E32DD	Presynaptic clusters and postsynaptic densities
Q9NZG7	FB4E32DD	Presynaptic clusters and postsynaptic densities
P07737	FB4E32DD	Presynaptic clusters and postsynaptic densities
P22061	FB4E32DD	Presynaptic clusters and postsynaptic densities
Q86UR5	FB4E32DD	Presynaptic clusters and postsynaptic densities
P43155	FB4E32DD	Presynaptic clusters and postsynaptic densities
P07195	FB4E32DD	Presynaptic clusters and postsynaptic densities
O43739	FB4E32DD	Presynaptic clusters and postsynaptic densities
Q9BQI5	FB4E32DD	Presynaptic clusters and postsynaptic densities
Q6UXV4	FB4E32DD	Presynaptic clusters and postsynaptic densities
A6NCS6	FB4E32DD	Presynaptic clusters and postsynaptic densities
P20340	FB4E32DD	Presynaptic clusters and postsynaptic densities
Q86UX6	FB4E32DD	Presynaptic clusters and postsynaptic densities
Q07065	FB4E32DD	Presynaptic clusters and postsynaptic densities
P07900	FB4E32DD	Presynaptic clusters and postsynaptic densities
Q14847	FB4E32DD	Presynaptic clusters and postsynaptic densities
P06753	FB4E32DD	Presynaptic clusters and postsynaptic densities
Q17R89	FB4E32DD	Presynaptic clusters and postsynaptic densities
Q13057	FB4E32DD	Presynaptic clusters and postsynaptic densities
P02649	FB4E32DD	Presynaptic clusters and postsynaptic densities
Q8TF61	FB4E32DD	Presynaptic clusters and postsynaptic densities
Q969Z3	FB4E32DD	Presynaptic clusters and postsynaptic densities
O43396	FB4E32DD	Presynaptic clusters and postsynaptic densities
O94772	FB4E32DD	Presynaptic clusters and postsynaptic densities
Q6ZVM7	FB4E32DD	Presynaptic clusters and postsynaptic densities
O00483	FB4E32DD	Presynaptic clusters and postsynaptic densities
Q8NHH9	FB4E32DD	Presynaptic clusters and postsynaptic densities
Q8NBX0	FB4E32DD	Presynaptic clusters and postsynaptic densities
Q9BWM7	FB4E32DD	Presynaptic clusters and postsynaptic densities
O75323	FB4E32DD	Presynaptic clusters and postsynaptic densities
Q9UQM7	FB4E32DD	Presynaptic clusters and postsynaptic densities
P13591	FB4E32DD	Presynaptic clusters and postsynaptic densities
Q8TCU6	FB4E32DD	Presynaptic clusters and postsynaptic densities
Q93050	FB4E32DD	Presynaptic clusters and postsynaptic densities
P16152	FB4E32DD	Presynaptic clusters and postsynaptic densities
Q6P1N0	FB4E32DD	Presynaptic clusters and postsynaptic densities
Q07021	FB4E32DD	Presynaptic clusters and postsynaptic densities
Q7L099	FB4E32DD	Presynaptic clusters and postsynaptic densities
P43004	FB4E32DD	Presynaptic clusters and postsynaptic densities
P30041	FB4E32DD	Presynaptic clusters and postsynaptic densities
P30101	FB4E32DD	Presynaptic clusters and postsynaptic densities
Q9UMF0	FB4E32DD	Presynaptic clusters and postsynaptic densities
P19367	FB4E32DD	Presynaptic clusters and postsynaptic densities
Q9HAR2	FB4E32DD	Presynaptic clusters and postsynaptic densities
Q9UPP2	FB4E32DD	Presynaptic clusters and postsynaptic densities
Q53TN4	FB4E32DD	Presynaptic clusters and postsynaptic densities
Q9HAU0	FB4E32DD	Presynaptic clusters and postsynaptic densities
Q9ULV4	FB4E32DD	Presynaptic clusters and postsynaptic densities
O43175	FB4E32DD	Presynaptic clusters and postsynaptic densities
Q9NQC7	FB4E32DD	Presynaptic clusters and postsynaptic densities
Q92572	FB4E32DD	Presynaptic clusters and postsynaptic densities
Q9H9B4	FB4E32DD	Presynaptic clusters and postsynaptic densities
P53396	FB4E32DD	Presynaptic clusters and postsynaptic densities
Q9UM54	FB4E32DD	Presynaptic clusters and postsynaptic densities
Q7KZI7	FB4E32DD	Presynaptic clusters and postsynaptic densities
Q6H8Q1	FB4E32DD	Presynaptic clusters and postsynaptic densities
Q9NY47	FB4E32DD	Presynaptic clusters and postsynaptic densities
Q9Y4W6	FB4E32DD	Presynaptic clusters and postsynaptic densities
P16333	FB4E32DD	Presynaptic clusters and postsynaptic densities
P17252	FB4E32DD	Presynaptic clusters and postsynaptic densities
P61266	FB4E32DD	Presynaptic clusters and postsynaptic densities
Q9Y4E6	FB4E32DD	Presynaptic clusters and postsynaptic densities
P07197	FB4E32DD	Presynaptic clusters and postsynaptic densities
P42704	FB4E32DD	Presynaptic clusters and postsynaptic densities
O75146	FB4E32DD	Presynaptic clusters and postsynaptic densities
P49327	FB4E32DD	Presynaptic clusters and postsynaptic densities
Q9UMY4	FB4E32DD	Presynaptic clusters and postsynaptic densities
Q13561	FB4E32DD	Presynaptic clusters and postsynaptic densities
Q9ULD0	FB4E32DD	Presynaptic clusters and postsynaptic densities
Q99963	FB4E32DD	Presynaptic clusters and postsynaptic densities
Q13596	FB4E32DD	Presynaptic clusters and postsynaptic densities
P54577	FB4E32DD	Presynaptic clusters and postsynaptic densities
Q9UPQ0	FB4E32DD	Presynaptic clusters and postsynaptic densities
Q96E17	FB4E32DD	Presynaptic clusters and postsynaptic densities
Q99832	FB4E32DD	Presynaptic clusters and postsynaptic densities
Q6YN16	FB4E32DD	Presynaptic clusters and postsynaptic densities
Q02156	FB4E32DD	Presynaptic clusters and postsynaptic densities
P08237	FB4E32DD	Presynaptic clusters and postsynaptic densities
Q9NUQ2	FB4E32DD	Presynaptic clusters and postsynaptic densities
P05026	FB4E32DD	Presynaptic clusters and postsynaptic densities
Q9UKU0	FB4E32DD	Presynaptic clusters and postsynaptic densities
Q9Y6K8	FB4E32DD	Presynaptic clusters and postsynaptic densities
Q9P260	FB4E32DD	Presynaptic clusters and postsynaptic densities
Q9HB71	FB4E32DD	Presynaptic clusters and postsynaptic densities
P14415	FB4E32DD	Presynaptic clusters and postsynaptic densities
Q9UH03	FB4E32DD	Presynaptic clusters and postsynaptic densities
P78371	FB4E32DD	Presynaptic clusters and postsynaptic densities
P78417	FB4E32DD	Presynaptic clusters and postsynaptic densities
P54707	FB4E32DD	Presynaptic clusters and postsynaptic densities
Q7Z7K0	FB4E32DD	Presynaptic clusters and postsynaptic densities
Q16653	FB4E32DD	Presynaptic clusters and postsynaptic densities
P36507	FB4E32DD	Presynaptic clusters and postsynaptic densities
P00918	FB4E32DD	Presynaptic clusters and postsynaptic densities
O60268	FB4E32DD	Presynaptic clusters and postsynaptic densities
Q9NZ45	FB4E32DD	Presynaptic clusters and postsynaptic densities
Q8N568	FB4E32DD	Presynaptic clusters and postsynaptic densities
Q13813	FB4E32DD	Presynaptic clusters and postsynaptic densities
P34931	FB4E32DD	Presynaptic clusters and postsynaptic densities
Q9Y2Q0	FB4E32DD	Presynaptic clusters and postsynaptic densities
Q13733	FB4E32DD	Presynaptic clusters and postsynaptic densities
Q15785	FB4E32DD	Presynaptic clusters and postsynaptic densities
P35221	FB4E32DD	Presynaptic clusters and postsynaptic densities
P05165	FB4E32DD	Presynaptic clusters and postsynaptic densities
P54652	FB4E32DD	Presynaptic clusters and postsynaptic densities
P23396	FB4E32DD	Presynaptic clusters and postsynaptic densities
Q92841	FB4E32DD	Presynaptic clusters and postsynaptic densities
Q8IXJ6	FB4E32DD	Presynaptic clusters and postsynaptic densities
Q8TB36	FB4E32DD	Presynaptic clusters and postsynaptic densities
P43304	FB4E32DD	Presynaptic clusters and postsynaptic densities
Q5JTD7	FB4E32DD	Presynaptic clusters and postsynaptic densities
Q6VY07	FB4E32DD	Presynaptic clusters and postsynaptic densities
P00915	FB4E32DD	Presynaptic clusters and postsynaptic densities
P12277	FB4E32DD	Presynaptic clusters and postsynaptic densities
O43602	FB4E32DD	Presynaptic clusters and postsynaptic densities
P50914	FB4E32DD	Presynaptic clusters and postsynaptic densities
P78362	FB4E32DD	Presynaptic clusters and postsynaptic densities
Q7Z460	FB4E32DD	Presynaptic clusters and postsynaptic densities
Q96RR4	FB4E32DD	Presynaptic clusters and postsynaptic densities
P01116	FB4E32DD	Presynaptic clusters and postsynaptic densities
P52272	FB4E32DD	Presynaptic clusters and postsynaptic densities
Q15388	FB4E32DD	Presynaptic clusters and postsynaptic densities
P22694	FB4E32DD	Presynaptic clusters and postsynaptic densities
P31146	FB4E32DD	Presynaptic clusters and postsynaptic densities
Q9P1Y5	FB4E32DD	Presynaptic clusters and postsynaptic densities
P36776	FB4E32DD	Presynaptic clusters and postsynaptic densities
Q9Y6U3	FB4E32DD	Presynaptic clusters and postsynaptic densities
P62424	FB4E32DD	Presynaptic clusters and postsynaptic densities
Q12792	FB4E32DD	Presynaptic clusters and postsynaptic densities
O75165	FB4E32DD	Presynaptic clusters and postsynaptic densities
P31689	FB4E32DD	Presynaptic clusters and postsynaptic densities
Q6GYQ0	FB4E32DD	Presynaptic clusters and postsynaptic densities
P04844	FB4E32DD	Presynaptic clusters and postsynaptic densities
Q96KP1	FB4E32DD	Presynaptic clusters and postsynaptic densities
Q96BQ5	FB4E32DD	Presynaptic clusters and postsynaptic densities
Q9HD42	FB4E32DD	Presynaptic clusters and postsynaptic densities
Q9BYB0	FB4E32DD	Presynaptic clusters and postsynaptic densities
Q9UNF0	FB4E32DD	Presynaptic clusters and postsynaptic densities
P62263	FB4E32DD	Presynaptic clusters and postsynaptic densities
P60891	FB4E32DD	Presynaptic clusters and postsynaptic densities
P40227	FB4E32DD	Presynaptic clusters and postsynaptic densities
A0FGR8	FB4E32DD	Presynaptic clusters and postsynaptic densities
Q8IZ83	FB4E32DD	Presynaptic clusters and postsynaptic densities
O14910	FB4E32DD	Presynaptic clusters and postsynaptic densities
P36578	FB4E32DD	Presynaptic clusters and postsynaptic densities
O00139	FB4E32DD	Presynaptic clusters and postsynaptic densities
Q05397	FB4E32DD	Presynaptic clusters and postsynaptic densities
Q2M2I8	FB4E32DD	Presynaptic clusters and postsynaptic densities
P51116	FB4E32DD	Presynaptic clusters and postsynaptic densities
Q5VT25	FB4E32DD	Presynaptic clusters and postsynaptic densities
P27105	FB4E32DD	Presynaptic clusters and postsynaptic densities
Q8NFH8	FB4E32DD	Presynaptic clusters and postsynaptic densities
P42261	FB4E32DD	Presynaptic clusters and postsynaptic densities
O14578	FB4E32DD	Presynaptic clusters and postsynaptic densities
P62745	FB4E32DD	Presynaptic clusters and postsynaptic densities
Q6ZWB6	FB4E32DD	Presynaptic clusters and postsynaptic densities
P61020	FB4E32DD	Presynaptic clusters and postsynaptic densities
P28289	FB4E32DD	Presynaptic clusters and postsynaptic densities
Q15435	FB4E32DD	Presynaptic clusters and postsynaptic densities
Q01433	FB4E32DD	Presynaptic clusters and postsynaptic densities
O75947	FB4E32DD	Presynaptic clusters and postsynaptic densities
Q69YW2	FB4E32DD	Presynaptic clusters and postsynaptic densities
P35241	FB4E32DD	Presynaptic clusters and postsynaptic densities
Q8WWI1	FB4E32DD	Presynaptic clusters and postsynaptic densities
P41219	FB4E32DD	Presynaptic clusters and postsynaptic densities
Q8N9N7	FB4E32DD	Presynaptic clusters and postsynaptic densities
Q9P2R3	FB4E32DD	Presynaptic clusters and postsynaptic densities
Q8IUD2	FB4E32DD	Presynaptic clusters and postsynaptic densities
P11216	FB4E32DD	Presynaptic clusters and postsynaptic densities
O75155	FB4E32DD	Presynaptic clusters and postsynaptic densities
O95169	FB4E32DD	Presynaptic clusters and postsynaptic densities
Q6UB35	FB4E32DD	Presynaptic clusters and postsynaptic densities
O75363	FB4E32DD	Presynaptic clusters and postsynaptic densities
O95757	FB4E32DD	Presynaptic clusters and postsynaptic densities
Q9Y2J2	FB4E32DD	Presynaptic clusters and postsynaptic densities
Q96Q05	FB4E32DD	Presynaptic clusters and postsynaptic densities
Q96AG4	FB4E32DD	Presynaptic clusters and postsynaptic densities
Q8IZD9	FB4E32DD	Presynaptic clusters and postsynaptic densities
Q5J8M3	FB4E32DD	Presynaptic clusters and postsynaptic densities
P02794	FB4E32DD	Presynaptic clusters and postsynaptic densities
O75935	FB4E32DD	Presynaptic clusters and postsynaptic densities
Q04637	FB4E32DD	Presynaptic clusters and postsynaptic densities
Q9HAP6	FB4E32DD	Presynaptic clusters and postsynaptic densities
Q92598	FB4E32DD	Presynaptic clusters and postsynaptic densities
Q9Y5M8	FB4E32DD	Presynaptic clusters and postsynaptic densities
Q8NHG7	FB4E32DD	Presynaptic clusters and postsynaptic densities
P49419	FB4E32DD	Presynaptic clusters and postsynaptic densities
P49590	FB4E32DD	Presynaptic clusters and postsynaptic densities
P56192	FB4E32DD	Presynaptic clusters and postsynaptic densities
Q12979	FB4E32DD	Presynaptic clusters and postsynaptic densities
P12036	FB4E32DD	Presynaptic clusters and postsynaptic densities
Q9H270	FB4E32DD	Presynaptic clusters and postsynaptic densities
Q9UPX8	FB4E32DD	Presynaptic clusters and postsynaptic densities
Q9NQ79	FB4E32DD	Presynaptic clusters and postsynaptic densities
Q9NUQ8	FB4E32DD	Presynaptic clusters and postsynaptic densities
P37840	FB4E32DD	Presynaptic clusters and postsynaptic densities
Q8WZA2	FB4E32DD	Presynaptic clusters and postsynaptic densities
Q9H330	FB4E32DD	Presynaptic clusters and postsynaptic densities
O95182	FB4E32DD	Presynaptic clusters and postsynaptic densities
Q14155	FB4E32DD	Presynaptic clusters and postsynaptic densities
P59780	FB4E32DD	Presynaptic clusters and postsynaptic densities
P30038	FB4E32DD	Presynaptic clusters and postsynaptic densities
O75334	FB4E32DD	Presynaptic clusters and postsynaptic densities
Q16891	FB4E32DD	Presynaptic clusters and postsynaptic densities
O00445	FB4E32DD	Presynaptic clusters and postsynaptic densities
Q9Y6N8	FB4E32DD	Presynaptic clusters and postsynaptic densities
P68363	FB4E32DD	Presynaptic clusters and postsynaptic densities
Q96BY6	FB4E32DD	Presynaptic clusters and postsynaptic densities
Q92823	FB4E32DD	Presynaptic clusters and postsynaptic densities
Q16181	FB4E32DD	Presynaptic clusters and postsynaptic densities
Q9Y5X1	FB4E32DD	Presynaptic clusters and postsynaptic densities
Q15386	FB4E32DD	Presynaptic clusters and postsynaptic densities
Q7Z6G8	FB4E32DD	Presynaptic clusters and postsynaptic densities
P22314	FB4E32DD	Presynaptic clusters and postsynaptic densities
Q8TD22	FB4E32DD	Presynaptic clusters and postsynaptic densities
O94973	FB4E32DD	Presynaptic clusters and postsynaptic densities
O43237	FB4E32DD	Presynaptic clusters and postsynaptic densities
Q5VUB5	FB4E32DD	Presynaptic clusters and postsynaptic densities
P14927	FB4E32DD	Presynaptic clusters and postsynaptic densities
Q13425	FB4E32DD	Presynaptic clusters and postsynaptic densities
O75122	FB4E32DD	Presynaptic clusters and postsynaptic densities
P23515	FB4E32DD	Presynaptic clusters and postsynaptic densities
O75962	FB4E32DD	Presynaptic clusters and postsynaptic densities
Q14738	FB4E32DD	Presynaptic clusters and postsynaptic densities
Q9Y678	FB4E32DD	Presynaptic clusters and postsynaptic densities
Q9NUJ3	FB4E32DD	Presynaptic clusters and postsynaptic densities
P30153	FB4E32DD	Presynaptic clusters and postsynaptic densities
Q15907	FB4E32DD	Presynaptic clusters and postsynaptic densities
Q86VW0	FB4E32DD	Presynaptic clusters and postsynaptic densities
Q9UPT5	FB4E32DD	Presynaptic clusters and postsynaptic densities
P55786	FB4E32DD	Presynaptic clusters and postsynaptic densities
Q92752	FB4E32DD	Presynaptic clusters and postsynaptic densities
P35611	FB4E32DD	Presynaptic clusters and postsynaptic densities
P50995	FB4E32DD	Presynaptic clusters and postsynaptic densities
Q9BSJ8	FB4E32DD	Presynaptic clusters and postsynaptic densities
Q13724	FB4E32DD	Presynaptic clusters and postsynaptic densities
Q12879	FB4E32DD	Presynaptic clusters and postsynaptic densities
Q13409	FB4E32DD	Presynaptic clusters and postsynaptic densities
Q02218	FB4E32DD	Presynaptic clusters and postsynaptic densities
Q96JH7	FB4E32DD	Presynaptic clusters and postsynaptic densities
Q09019	FB4E32DD	Presynaptic clusters and postsynaptic densities
P11182	FB4E32DD	Presynaptic clusters and postsynaptic densities
P23471	FB4E32DD	Presynaptic clusters and postsynaptic densities
A5PKW4	FB4E32DD	Presynaptic clusters and postsynaptic densities
O00746	FB4E32DD	Presynaptic clusters and postsynaptic densities
O95139	FB4E32DD	Presynaptic clusters and postsynaptic densities
Q9UDY4	FB4E32DD	Presynaptic clusters and postsynaptic densities
P51649	FB4E32DD	Presynaptic clusters and postsynaptic densities
Q9UHD2	FB4E32DD	Presynaptic clusters and postsynaptic densities
O60861	FB4E32DD	Presynaptic clusters and postsynaptic densities
P05413	FB4E32DD	Presynaptic clusters and postsynaptic densities
Q9NTI2	FB4E32DD	Presynaptic clusters and postsynaptic densities
O15079	FB4E32DD	Presynaptic clusters and postsynaptic densities
Q99661	FB4E32DD	Presynaptic clusters and postsynaptic densities
Q9P0L2	FB4E32DD	Presynaptic clusters and postsynaptic densities
Q96JJ3	FB4E32DD	Presynaptic clusters and postsynaptic densities
O00408	FB4E32DD	Presynaptic clusters and postsynaptic densities
O14548	FB4E32DD	Presynaptic clusters and postsynaptic densities
P28288	FB4E32DD	Presynaptic clusters and postsynaptic densities
O75899	FB4E32DD	Presynaptic clusters and postsynaptic densities
O43795	FB4E32DD	Presynaptic clusters and postsynaptic densities
Q9NZ52	FB4E32DD	Presynaptic clusters and postsynaptic densities
P20020	FB4E32DD	Presynaptic clusters and postsynaptic densities
P05164	FB4E32DD	Presynaptic clusters and postsynaptic densities
Q9Y4I1	FB4E32DD	Presynaptic clusters and postsynaptic densities
Q53H12	FB4E32DD	Presynaptic clusters and postsynaptic densities
Q5T4S7	FB4E32DD	Presynaptic clusters and postsynaptic densities
P62244	FB4E32DD	Presynaptic clusters and postsynaptic densities
P47755	FB4E32DD	Presynaptic clusters and postsynaptic densities
P53597	FB4E32DD	Presynaptic clusters and postsynaptic densities
P16615	FB4E32DD	Presynaptic clusters and postsynaptic densities
Q9Y241	FB4E32DD	Presynaptic clusters and postsynaptic densities
O60506	FB4E32DD	Presynaptic clusters and postsynaptic densities
O43813	FB4E32DD	Presynaptic clusters and postsynaptic densities
Q9NVH1	FB4E32DD	Presynaptic clusters and postsynaptic densities
Q9Y2D4	FB4E32DD	Presynaptic clusters and postsynaptic densities
P55283	FB4E32DD	Presynaptic clusters and postsynaptic densities
Q9UQB8	FB4E32DD	Presynaptic clusters and postsynaptic densities
Q8N2U0	FB4E32DD	Presynaptic clusters and postsynaptic densities
Q86UP2	FB4E32DD	Presynaptic clusters and postsynaptic densities
P62249	FB4E32DD	Presynaptic clusters and postsynaptic densities
P68104	FB4E32DD	Presynaptic clusters and postsynaptic densities
P02679	FB4E32DD	Presynaptic clusters and postsynaptic densities
O94760	FB4E32DD	Presynaptic clusters and postsynaptic densities
P01871	FB4E32DD	Presynaptic clusters and postsynaptic densities
O75489	FB4E32DD	Presynaptic clusters and postsynaptic densities
P08195	FB4E32DD	Presynaptic clusters and postsynaptic densities
P55160	FB4E32DD	Presynaptic clusters and postsynaptic densities
Q7Z2D5	FB4E32DD	Presynaptic clusters and postsynaptic densities
Q9NZ56	FB4E32DD	Presynaptic clusters and postsynaptic densities
Q9BRN9	FB4E32DD	Presynaptic clusters and postsynaptic densities
P13987	FB4E32DD	Presynaptic clusters and postsynaptic densities
Q6P1M0	FB4E32DD	Presynaptic clusters and postsynaptic densities
Q86UE4	FB4E32DD	Presynaptic clusters and postsynaptic densities
O94929	FB4E32DD	Presynaptic clusters and postsynaptic densities
Q9H0E2	FB4E32DD	Presynaptic clusters and postsynaptic densities
P24539	FB4E32DD	Presynaptic clusters and postsynaptic densities
Q53H96	FB4E32DD	Presynaptic clusters and postsynaptic densities
P49841	FB4E32DD	Presynaptic clusters and postsynaptic densities
P30044	FB4E32DD	Presynaptic clusters and postsynaptic densities
Q96Q04	FB4E32DD	Presynaptic clusters and postsynaptic densities
Q9NZJ4	FB4E32DD	Presynaptic clusters and postsynaptic densities
Q9BXF6	FB4E32DD	Presynaptic clusters and postsynaptic densities
O14775	FB4E32DD	Presynaptic clusters and postsynaptic densities
Q92973	FB4E32DD	Presynaptic clusters and postsynaptic densities
P40925	FB4E32DD	Presynaptic clusters and postsynaptic densities
Q8TDJ6	FB4E32DD	Presynaptic clusters and postsynaptic densities
Q99497	FB4E32DD	Presynaptic clusters and postsynaptic densities
Q9UPA5	FB4E32DD	Presynaptic clusters and postsynaptic densities
P31930	FB4E32DD	Presynaptic clusters and postsynaptic densities
Q96DA6	FB4E32DD	Presynaptic clusters and postsynaptic densities
Q9P0L0	FB4E32DD	Presynaptic clusters and postsynaptic densities
P36542	FB4E32DD	Presynaptic clusters and postsynaptic densities
Q92558	FB4E32DD	Presynaptic clusters and postsynaptic densities
Q9H115	FB4E32DD	Presynaptic clusters and postsynaptic densities
P53677	FB4E32DD	Presynaptic clusters and postsynaptic densities
P63096	FB4E32DD	Presynaptic clusters and postsynaptic densities
Q99490	FB4E32DD	Presynaptic clusters and postsynaptic densities
O14514	FB4E32DD	Presynaptic clusters and postsynaptic densities
P07947	FB4E32DD	Presynaptic clusters and postsynaptic densities
Q9H0C2	FB4E32DD	Presynaptic clusters and postsynaptic densities
Q02790	FB4E32DD	Presynaptic clusters and postsynaptic densities
Q96MZ0	FB4E32DD	Presynaptic clusters and postsynaptic densities
P36969	FB4E32DD	Presynaptic clusters and postsynaptic densities
P18206	FB4E32DD	Presynaptic clusters and postsynaptic densities
P21266	FB4E32DD	Presynaptic clusters and postsynaptic densities
Q01814	FB4E32DD	Presynaptic clusters and postsynaptic densities
Q9Y3Q8	FB4E32DD	Presynaptic clusters and postsynaptic densities
Q9NP97	FB4E32DD	Presynaptic clusters and postsynaptic densities
P20336	FB4E32DD	Presynaptic clusters and postsynaptic densities
Q9Y342	FB4E32DD	Presynaptic clusters and postsynaptic densities
O94903	FB4E32DD	Presynaptic clusters and postsynaptic densities
P06744	FB4E32DD	Presynaptic clusters and postsynaptic densities
P28482	FB4E32DD	Presynaptic clusters and postsynaptic densities
O43678	FB4E32DD	Presynaptic clusters and postsynaptic densities
Q99961	FB4E32DD	Presynaptic clusters and postsynaptic densities
P82909	FB4E32DD	Presynaptic clusters and postsynaptic densities
P62834	FB4E32DD	Presynaptic clusters and postsynaptic densities
P33176	FB4E32DD	Presynaptic clusters and postsynaptic densities
O95573	FB4E32DD	Presynaptic clusters and postsynaptic densities
Q9BXS5	FB4E32DD	Presynaptic clusters and postsynaptic densities
Q5VWQ8	FB4E32DD	Presynaptic clusters and postsynaptic densities
O94905	FB4E32DD	Presynaptic clusters and postsynaptic densities
P15924	FB4E32DD	Presynaptic clusters and postsynaptic densities
Q9NUT2	FB4E32DD	Presynaptic clusters and postsynaptic densities
A6NL88	FB4E32DD	Presynaptic clusters and postsynaptic densities
Q8IV08	FB4E32DD	Presynaptic clusters and postsynaptic densities
Q68DU8	FB4E32DD	Presynaptic clusters and postsynaptic densities
P11413	FB4E32DD	Presynaptic clusters and postsynaptic densities
Q9NPQ8	FB4E32DD	Presynaptic clusters and postsynaptic densities
P23526	FB4E32DD	Presynaptic clusters and postsynaptic densities
P35222	FB4E32DD	Presynaptic clusters and postsynaptic densities
P08247	FB4E32DD	Presynaptic clusters and postsynaptic densities
P35609	FB4E32DD	Presynaptic clusters and postsynaptic densities
O95248	FB4E32DD	Presynaptic clusters and postsynaptic densities
P63215	FB4E32DD	Presynaptic clusters and postsynaptic densities
O00487	FB4E32DD	Presynaptic clusters and postsynaptic densities
P17600	FB4E32DD	Presynaptic clusters and postsynaptic densities
Q9UI09	FB4E32DD	Presynaptic clusters and postsynaptic densities
Q8N4N8	FB4E32DD	Presynaptic clusters and postsynaptic densities
O75592	FB4E32DD	Presynaptic clusters and postsynaptic densities
Q9NYB9	FB4E32DD	Presynaptic clusters and postsynaptic densities
P11142	FB4E32DD	Presynaptic clusters and postsynaptic densities
Q8N573	FB4E32DD	Presynaptic clusters and postsynaptic densities
O60229	FB4E32DD	Presynaptic clusters and postsynaptic densities
Q9NZQ3	FB4E32DD	Presynaptic clusters and postsynaptic densities
P48426	FB4E32DD	Presynaptic clusters and postsynaptic densities
P22234	FB4E32DD	Presynaptic clusters and postsynaptic densities
P09669	FB4E32DD	Presynaptic clusters and postsynaptic densities
O15540	FB4E32DD	Presynaptic clusters and postsynaptic densities
Q5SQI0	FB4E32DD	Presynaptic clusters and postsynaptic densities
Q8TB68	FB4E32DD	Presynaptic clusters and postsynaptic densities
P62750	FB4E32DD	Presynaptic clusters and postsynaptic densities
Q9HD20	FB4E32DD	Presynaptic clusters and postsynaptic densities
O43865	FB4E32DD	Presynaptic clusters and postsynaptic densities
P60709	FB4E32DD	Presynaptic clusters and postsynaptic densities
Q9Y4F1	FB4E32DD	Presynaptic clusters and postsynaptic densities
Q9UHQ9	FB4E32DD	Presynaptic clusters and postsynaptic densities
Q5R3F8	FB4E32DD	Presynaptic clusters and postsynaptic densities
Q5T5U3	FB4E32DD	Presynaptic clusters and postsynaptic densities
P10909	FB4E32DD	Presynaptic clusters and postsynaptic densities
Q9NPD7	FB4E32DD	Presynaptic clusters and postsynaptic densities
Q9NUQ9	FB4E32DD	Presynaptic clusters and postsynaptic densities
P51148	FB4E32DD	Presynaptic clusters and postsynaptic densities
O94832	FB4E32DD	Presynaptic clusters and postsynaptic densities
Q8WUY1	FB4E32DD	Presynaptic clusters and postsynaptic densities
P02686	FB4E32DD	Presynaptic clusters and postsynaptic densities
P55084	FB4E32DD	Presynaptic clusters and postsynaptic densities
O94856	FB4E32DD	Presynaptic clusters and postsynaptic densities
Q96SB3	FB4E32DD	Presynaptic clusters and postsynaptic densities
P14550	FB4E32DD	Presynaptic clusters and postsynaptic densities
Q04828	FB4E32DD	Presynaptic clusters and postsynaptic densities
P28331	FB4E32DD	Presynaptic clusters and postsynaptic densities
P41252	FB4E32DD	Presynaptic clusters and postsynaptic densities
O60641	FB4E32DD	Presynaptic clusters and postsynaptic densities
Q9H2G2	FB4E32DD	Presynaptic clusters and postsynaptic densities
Q8N1G4	FB4E32DD	Presynaptic clusters and postsynaptic densities
P12235	FB4E32DD	Presynaptic clusters and postsynaptic densities
P42262	FB4E32DD	Presynaptic clusters and postsynaptic densities
P11171	FB4E32DD	Presynaptic clusters and postsynaptic densities
P06396	FB4E32DD	Presynaptic clusters and postsynaptic densities
Q7Z406	FB4E32DD	Presynaptic clusters and postsynaptic densities
Q14141	FB4E32DD	Presynaptic clusters and postsynaptic densities
Q8WVJ2	FB4E32DD	Presynaptic clusters and postsynaptic densities
P61586	FB4E32DD	Presynaptic clusters and postsynaptic densities
Q8TF74	FB4E32DD	Presynaptic clusters and postsynaptic densities
Q06124	FB4E32DD	Presynaptic clusters and postsynaptic densities
O96011	FB4E32DD	Presynaptic clusters and postsynaptic densities
Q7L7X3	FB4E32DD	Presynaptic clusters and postsynaptic densities
Q9C0H5	FB4E32DD	Presynaptic clusters and postsynaptic densities
Q01082	FB4E32DD	Presynaptic clusters and postsynaptic densities
Q86T65	FB4E32DD	Presynaptic clusters and postsynaptic densities
Q9Y2A7	FB4E32DD	Presynaptic clusters and postsynaptic densities
Q70E73	FB4E32DD	Presynaptic clusters and postsynaptic densities
P09972	FB4E32DD	Presynaptic clusters and postsynaptic densities
Q99426	FB4E32DD	Presynaptic clusters and postsynaptic densities
P05141	FB4E32DD	Presynaptic clusters and postsynaptic densities
O43581	FB4E32DD	Presynaptic clusters and postsynaptic densities
Q13885	FB4E32DD	Presynaptic clusters and postsynaptic densities
Q7Z3D6	FB4E32DD	Presynaptic clusters and postsynaptic densities
Q92608	FB4E32DD	Presynaptic clusters and postsynaptic densities
Q12846	FB4E32DD	Presynaptic clusters and postsynaptic densities
P34932	FB4E32DD	Presynaptic clusters and postsynaptic densities
Q9UPT6	FB4E32DD	Presynaptic clusters and postsynaptic densities
O15240	FB4E32DD	Presynaptic clusters and postsynaptic densities
P50570	FB4E32DD	Presynaptic clusters and postsynaptic densities
P49006	FB4E32DD	Presynaptic clusters and postsynaptic densities
P15104	FB4E32DD	Presynaptic clusters and postsynaptic densities
O15399	FB4E32DD	Presynaptic clusters and postsynaptic densities
P52943	FB4E32DD	Presynaptic clusters and postsynaptic densities
Q9UBB6	FB4E32DD	Presynaptic clusters and postsynaptic densities
Q96FE5	FB4E32DD	Presynaptic clusters and postsynaptic densities
P55060	FB4E32DD	Presynaptic clusters and postsynaptic densities
Q92736	FB4E32DD	Presynaptic clusters and postsynaptic densities
Q14974	FB4E32DD	Presynaptic clusters and postsynaptic densities
P49588	FB4E32DD	Presynaptic clusters and postsynaptic densities
O00519	FB4E32DD	Presynaptic clusters and postsynaptic densities
Q07960	FB4E32DD	Presynaptic clusters and postsynaptic densities
Q9UHB6	FB4E32DD	Presynaptic clusters and postsynaptic densities
P42766	FB4E32DD	Presynaptic clusters and postsynaptic densities
P11233	FB4E32DD	Presynaptic clusters and postsynaptic densities
P23528	FB4E32DD	Presynaptic clusters and postsynaptic densities
Q13505	FB4E32DD	Presynaptic clusters and postsynaptic densities
P48643	FB4E32DD	Presynaptic clusters and postsynaptic densities
Q9NRL3	FB4E32DD	Presynaptic clusters and postsynaptic densities
Q16851	FB4E32DD	Presynaptic clusters and postsynaptic densities
Q08AM6	FB4E32DD	Presynaptic clusters and postsynaptic densities
P06576	FB4E32DD	Presynaptic clusters and postsynaptic densities
Q9NSC5	FB4E32DD	Presynaptic clusters and postsynaptic densities
P55196	FB4E32DD	Presynaptic clusters and postsynaptic densities
P32189	FB4E32DD	Presynaptic clusters and postsynaptic densities
O60826	FB4E32DD	Presynaptic clusters and postsynaptic densities
Q9P0K1	FB4E32DD	Presynaptic clusters and postsynaptic densities
P09211	FB4E32DD	Presynaptic clusters and postsynaptic densities
Q9H0U4	FB4E32DD	Presynaptic clusters and postsynaptic densities
Q13825	FB4E32DD	Presynaptic clusters and postsynaptic densities
Q05469	FB4E32DD	Presynaptic clusters and postsynaptic densities
Q86UN3	FB4E32DD	Presynaptic clusters and postsynaptic densities
O60749	FB4E32DD	Presynaptic clusters and postsynaptic densities
P62820	FB4E32DD	Presynaptic clusters and postsynaptic densities
Q9H3S7	FB4E32DD	Presynaptic clusters and postsynaptic densities
Q15006	FB4E32DD	Presynaptic clusters and postsynaptic densities
Q9NSB8	FB4E32DD	Presynaptic clusters and postsynaptic densities
O43488	FB4E32DD	Presynaptic clusters and postsynaptic densities
O43491	FB4E32DD	Presynaptic clusters and postsynaptic densities
Q02878	FB4E32DD	Presynaptic clusters and postsynaptic densities
P46459	FB4E32DD	Presynaptic clusters and postsynaptic densities
Q9UHC6	FB4E32DD	Presynaptic clusters and postsynaptic densities
P30519	FB4E32DD	Presynaptic clusters and postsynaptic densities
P30086	FB4E32DD	Presynaptic clusters and postsynaptic densities
Q8NF91	FB4E32DD	Presynaptic clusters and postsynaptic densities
P49674	FB4E32DD	Presynaptic clusters and postsynaptic densities
O00429	FB4E32DD	Presynaptic clusters and postsynaptic densities
O00305	FB4E32DD	Presynaptic clusters and postsynaptic densities
Q6NV74	FB4E32DD	Presynaptic clusters and postsynaptic densities
P48730	FB4E32DD	Presynaptic clusters and postsynaptic densities
Q14254	FB4E32DD	Presynaptic clusters and postsynaptic densities
P78324	FB4E32DD	Presynaptic clusters and postsynaptic densities
P26038	FB4E32DD	Presynaptic clusters and postsynaptic densities
Q86SK9	FB4E32DD	Presynaptic clusters and postsynaptic densities
Q96GW7	FB4E32DD	Presynaptic clusters and postsynaptic densities
A6NE02	FB4E32DD	Presynaptic clusters and postsynaptic densities
Q86TV6	FB4E32DD	Presynaptic clusters and postsynaptic densities
Q10567	FB4E32DD	Presynaptic clusters and postsynaptic densities
Q9GZT3	FB4E32DD	Presynaptic clusters and postsynaptic densities
Q9Y4G8	FB4E32DD	Presynaptic clusters and postsynaptic densities
P52306	FB4E32DD	Presynaptic clusters and postsynaptic densities
Q15019	FB4E32DD	Presynaptic clusters and postsynaptic densities
P40123	FB4E32DD	Presynaptic clusters and postsynaptic densities
Q9NYI0	DEE660B4	Stress granule
Q86YF9	DEE660B4	Stress granule
O95453	DEE660B4	Stress granule
Q92994	DEE660B4	Stress granule
K7EMZ9	DEE660B4	Stress granule
Q49MI3	DEE660B4	Stress granule
P16989	DEE660B4	Stress granule
P09874	DEE660B4	Stress granule
Q9NPI1	DEE660B4	Stress granule
P62495	DEE660B4	Stress granule
P26651	DEE660B4	Stress granule
Q9Y262	DEE660B4	Stress granule
P41091	DEE660B4	Stress granule
F5H282	DEE660B4	Stress granule
Q9BRA2	DEE660B4	Stress granule
Q92630	DEE660B4	Stress granule
E7ETU5	DEE660B4	Stress granule
Q14157	DEE660B4	Stress granule
Q9H1B4	DEE660B4	Stress granule
O15143	DEE660B4	Stress granule
Q9H0S4	DEE660B4	Stress granule
Q05823	DEE660B4	Stress granule
O60832	DEE660B4	Stress granule
P56537	DEE660B4	Stress granule
Q9H6Z4	DEE660B4	Stress granule
P46109	DEE660B4	Stress granule
Q7L2H7	DEE660B4	Stress granule
Q8NHU6	DEE660B4	Stress granule
P51991	DEE660B4	Stress granule
O60333	DEE660B4	Stress granule
Q13835	DEE660B4	Stress granule
Q02241	DEE660B4	Stress granule
O00629	DEE660B4	Stress granule
P78344	DEE660B4	Stress granule
P00441	DEE660B4	Stress granule
Q14671	DEE660B4	Stress granule
P04083	DEE660B4	Stress granule
O14646	DEE660B4	Stress granule
Q9HCK5	DEE660B4	Stress granule
P38919	DEE660B4	Stress granule
Q9Y3F4	DEE660B4	Stress granule
P53992	DEE660B4	Stress granule
P55795	DEE660B4	Stress granule
P32456	DEE660B4	Stress granule
Q8TCF1	DEE660B4	Stress granule
P62280	DEE660B4	Stress granule
Q6ZN17	DEE660B4	Stress granule
A8MQB8	DEE660B4	Stress granule
P41225	DEE660B4	Stress granule
P11586	DEE660B4	Stress granule
P42345	DEE660B4	Stress granule
Q9UIV1	DEE660B4	Stress granule
P50579	DEE660B4	Stress granule
Q92522	DEE660B4	Stress granule
O60841	DEE660B4	Stress granule
Q13427	DEE660B4	Stress granule
Q14103	DEE660B4	Stress granule
Q9H6S0	DEE660B4	Stress granule
Q08211	DEE660B4	Stress granule
Q9NT62	DEE660B4	Stress granule
Q15366	DEE660B4	Stress granule
Q9H0Z9	DEE660B4	Stress granule
P11940	DEE660B4	Stress granule
Q5T8P6	DEE660B4	Stress granule
Q14145	DEE660B4	Stress granule
Q14247	DEE660B4	Stress granule
Q9NUL3	DEE660B4	Stress granule
O15067	DEE660B4	Stress granule
Q15027	DEE660B4	Stress granule
P07199	DEE660B4	Stress granule
P78312	DEE660B4	Stress granule
Q86XN8	DEE660B4	Stress granule
P10809	DEE660B4	Stress granule
Q9NX63	DEE660B4	Stress granule
Q14694	DEE660B4	Stress granule
Q01081	DEE660B4	Stress granule
Q96F07	DEE660B4	Stress granule
Q96IZ0	DEE660B4	Stress granule
Q92499	DEE660B4	Stress granule
P63244	DEE660B4	Stress granule
F5H7S3	DEE660B4	Stress granule
Q9H6R0	DEE660B4	Stress granule
Q9Y314	DEE660B4	Stress granule
Q8IZD4	DEE660B4	Stress granule
Q9NTI5	DEE660B4	Stress granule
P33992	DEE660B4	Stress granule
Q9NUQ6	DEE660B4	Stress granule
P26196	DEE660B4	Stress granule
A5YKK6	DEE660B4	Stress granule
B8ZZ10	DEE660B4	Stress granule
Q0ZGT2	DEE660B4	Stress granule
Q53GS7	DEE660B4	Stress granule
Q15691	DEE660B4	Stress granule
Q8NE71	DEE660B4	Stress granule
O00425	DEE660B4	Stress granule
P55884	DEE660B4	Stress granule
Q9Y315	DEE660B4	Stress granule
B4DUR8	DEE660B4	Stress granule
Q6PL18	DEE660B4	Stress granule
Q13347	DEE660B4	Stress granule
Q13200	FB4E32DD	Presynaptic clusters and postsynaptic densities
P68366	FB4E32DD	Presynaptic clusters and postsynaptic densities
Q96NW7	FB4E32DD	Presynaptic clusters and postsynaptic densities
Q9NPJ3	FB4E32DD	Presynaptic clusters and postsynaptic densities
Q4G0A6	FB4E32DD	Presynaptic clusters and postsynaptic densities
P11177	FB4E32DD	Presynaptic clusters and postsynaptic densities
Q13283	DEE660B4	Stress granule
P39023	DEE660B4	Stress granule
Q01844	DEE660B4	Stress granule
P62888	FB4E32DD	Presynaptic clusters and postsynaptic densities
P21291	FB4E32DD	Presynaptic clusters and postsynaptic densities
Q8IZP0	FB4E32DD	Presynaptic clusters and postsynaptic densities
P01876	FB4E32DD	Presynaptic clusters and postsynaptic densities
Q96SF2	DEE660B4	Stress granule
P23193	DEE660B4	Stress granule
Q9UKX7	DEE660B4	Stress granule
Q14204	DEE660B4	Stress granule
P20073	DEE660B4	Stress granule
Q53EP0	DEE660B4	Stress granule
Q5U5Q3	DEE660B4	Stress granule
Q06830	DEE660B4	Stress granule
O95817	DEE660B4	Stress granule
P27695	DEE660B4	Stress granule
Q13951	DEE660B4	Stress granule
Q14739	DEE660B4	Stress granule
O60930	DEE660B4	Stress granule
Q96Q15	DEE660B4	Stress granule
P43487	DEE660B4	Stress granule
P50552	DEE660B4	Stress granule
Q14192	DEE660B4	Stress granule
Q6P2H3	DEE660B4	Stress granule
Q92600	DEE660B4	Stress granule
Q07866	DEE660B4	Stress granule
O43781	DEE660B4	Stress granule
P15170	DEE660B4	Stress granule
O15397	DEE660B4	Stress granule
Q16543	DEE660B4	Stress granule
Q13243	DEE660B4	Stress granule
C9JZJ5	DEE660B4	Stress granule
Q99729	DEE660B4	Stress granule
P07951	DEE660B4	Stress granule
Q14451	DEE660B4	Stress granule
P02489	DEE660B4	Stress granule
Q99459	DEE660B4	Stress granule
O76094	DEE660B4	Stress granule
P23588	DEE660B4	Stress granule
Q96J87	DEE660B4	Stress granule
P27348	DEE660B4	Stress granule
A6NC42	DEE660B4	Stress granule
Q8WU79	DEE660B4	Stress granule
P39019	DEE660B4	Stress granule
Q9ULM6	DEE660B4	Stress granule
Q06210	DEE660B4	Stress granule
Q9H2U1	DEE660B4	Stress granule
P07305	DEE660B4	Stress granule
O60216	DEE660B4	Stress granule
P08133	DEE660B4	Stress granule
B4DUC5	DEE660B4	Stress granule
Q9NZI8	DEE660B4	Stress granule
Q92545	DEE660B4	Stress granule
Q9NRI5	DEE660B4	Stress granule
O14717	DEE660B4	Stress granule
P52294	DEE660B4	Stress granule
Q8IUH3	DEE660B4	Stress granule
Q9BTD8	DEE660B4	Stress granule
Q6P2E9	DEE660B4	Stress granule
Q5TC82	DEE660B4	Stress granule
Q13185	DEE660B4	Stress granule
P55265	DEE660B4	Stress granule
Q9Y508	DEE660B4	Stress granule
Q13162	DEE660B4	Stress granule
H3BRU6	DEE660B4	Stress granule
Q9NYL9	DEE660B4	Stress granule
P61927	DEE660B4	Stress granule
Q13242	DEE660B4	Stress granule
Q07955	DEE660B4	Stress granule
Q7L2E3	DEE660B4	Stress granule
Q86SG5	DEE660B4	Stress granule
O60237	DEE660B4	Stress granule
P04792	DEE660B4	Stress granule
P62633	DEE660B4	Stress granule
Q96L12	DEE660B4	Stress granule
P52292	DEE660B4	Stress granule
P45974	DEE660B4	Stress granule
Q9NZB2	DEE660B4	Stress granule
Q96DH6	DEE660B4	Stress granule
Q9UHB9	DEE660B4	Stress granule
Q15365	DEE660B4	Stress granule
P18754	DEE660B4	Stress granule
O43432	DEE660B4	Stress granule
P08865	DEE660B4	Stress granule
Q92567	DEE660B4	Stress granule
O60573	DEE660B4	Stress granule
Q13464	DEE660B4	Stress granule
O43347	DEE660B4	Stress granule
Q9NVI7	DEE660B4	Stress granule
P61978	DEE660B4	Stress granule
P43358	DEE660B4	Stress granule
P60510	DEE660B4	Stress granule
Q9GZM8	DEE660B4	Stress granule
P54727	DEE660B4	Stress granule
Q03001	DEE660B4	Stress granule
P06493	DEE660B4	Stress granule
P06748	DEE660B4	Stress granule
P62753	DEE660B4	Stress granule
Q9NR30	DEE660B4	Stress granule
Q9UKY7	DEE660B4	Stress granule
O95402	DEE660B4	Stress granule
Q9H0L4	DEE660B4	Stress granule
Q9Y224	DEE660B4	Stress granule
P23246	DEE660B4	Stress granule
Q9H0J9	DEE660B4	Stress granule
P31483	DEE660B4	Stress granule
Q14195	DEE660B4	Stress granule
O95628	DEE660B4	Stress granule
P52701	DEE660B4	Stress granule
P27797	DEE660B4	Stress granule
O75369	DEE660B4	Stress granule
Q6Y7W6	DEE660B4	Stress granule
P26232	DEE660B4	Stress granule
Q9H9Z2	DEE660B4	Stress granule
P42858	DEE660B4	Stress granule
P31948	DEE660B4	Stress granule
O75175	DEE660B4	Stress granule
Q9BRX2	DEE660B4	Stress granule
P68400	DEE660B4	Stress granule
P61758	DEE660B4	Stress granule
P18615	DEE660B4	Stress granule
O14974	DEE660B4	Stress granule
Q9NZJ5	DEE660B4	Stress granule
Q9HC16	DEE660B4	Stress granule
P46781	DEE660B4	Stress granule
P25705	DEE660B4	Stress granule
Q5JTW2	DEE660B4	Stress granule
P26641	DEE660B4	Stress granule
P51648	DEE660B4	Stress granule
Q96DU9	DEE660B4	Stress granule
Q99700	DEE660B4	Stress granule
Q9HCJ0	DEE660B4	Stress granule
Q14152	DEE660B4	Stress granule
A6NFN3	DEE660B4	Stress granule
Q15555	DEE660B4	Stress granule
Q9Y5A9	DEE660B4	Stress granule
P60228	DEE660B4	Stress granule
P29558	DEE660B4	Stress granule
Q9H4A3	DEE660B4	Stress granule
Q9HBD1	DEE660B4	Stress granule
Q9Y2U8	DEE660B4	Stress granule
Q9Y5V3	DEE660B4	Stress granule
Q9UPN3	DEE660B4	Stress granule
Q8N6W0	DEE660B4	Stress granule
Q96PU8	DEE660B4	Stress granule
P43243	DEE660B4	Stress granule
Q96QR8	DEE660B4	Stress granule
P62913	DEE660B4	Stress granule
P60842	DEE660B4	Stress granule
O14641	DEE660B4	Stress granule
Q9UH99	DEE660B4	Stress granule
C9J0J7	DEE660B4	Stress granule
Q08379	DEE660B4	Stress granule
Q9H840	DEE660B4	Stress granule
P09525	DEE660B4	Stress granule
Q8WX93	DEE660B4	Stress granule
P63241	DEE660B4	Stress granule
Q9UNZ2	DEE660B4	Stress granule
P49961	DEE660B4	Stress granule
Q9H3G5	DEE660B4	Stress granule
Q9UI15	DEE660B4	Stress granule
Q12849	DEE660B4	Stress granule
Q99873	DEE660B4	Stress granule
Q9BQ04	DEE660B4	Stress granule
Q96I25	DEE660B4	Stress granule
F8W6I7	DEE660B4	Stress granule
Q5TF21	DEE660B4	Stress granule
P13639	DEE660B4	Stress granule
Q969T9	DEE660B4	Stress granule
P06702	DEE660B4	Stress granule
Q92945	DEE660B4	Stress granule
Q14444	DEE660B4	Stress granule
B4DT77	DEE660B4	Stress granule
P49756	DEE660B4	Stress granule
Q92879	DEE660B4	Stress granule
Q71UI9	DEE660B4	Stress granule
Q6PKG0	DEE660B4	Stress granule
Q9H492	DEE660B4	Stress granule
Q86XZ4	DEE660B4	Stress granule
Q6NYC8	DEE660B4	Stress granule
O15347	DEE660B4	Stress granule
Q15038	DEE660B4	Stress granule
Q08J23	DEE660B4	Stress granule
Q86TG7	DEE660B4	Stress granule
P54646	DEE660B4	Stress granule
Q9HAU5	DEE660B4	Stress granule
Q8IWZ3	DEE660B4	Stress granule
Q12906	DEE660B4	Stress granule
P51784	DEE660B4	Stress granule
Q99623	DEE660B4	Stress granule
P62879	DEE660B4	Stress granule
Q15424	DEE660B4	Stress granule
P51452	DEE660B4	Stress granule
P22626	DEE660B4	Stress granule
O75531	DEE660B4	Stress granule
Q8N9N2	DEE660B4	Stress granule
Q9C0B9	DEE660B4	Stress granule
Q9BQE3	DEE660B4	Stress granule
C9J0K6	DEE660B4	Stress granule
Q96A57	DEE660B4	Stress granule
A1L020	DEE660B4	Stress granule
P19525	DEE660B4	Stress granule
P49790	DEE660B4	Stress granule
Q13838	DEE660B4	Stress granule
O95786	DEE660B4	Stress granule
O00442	DEE660B4	Stress granule
Q16630	DEE660B4	Stress granule
O15063	DEE660B4	Stress granule
Q86US8	DEE660B4	Stress granule
P25685	DEE660B4	Stress granule
P05114	DEE660B4	Stress granule
P38646	DEE660B4	Stress granule
P31946	DEE660B4	Stress granule
P11021	DEE660B4	Stress granule
A1KXE4	DEE660B4	Stress granule
Q96HJ9	DEE660B4	Stress granule
Q9BTT0	DEE660B4	Stress granule
Q86X55	DEE660B4	Stress granule
P11441	DEE660B4	Stress granule
J3QSV6	DEE660B4	Stress granule
Q8TF46	DEE660B4	Stress granule
Q9NPI6	DEE660B4	Stress granule
P00973	DEE660B4	Stress granule
P22626-2	DEE660B4	Stress granule
Q92997	DEE660B4	Stress granule
P04080	DEE660B4	Stress granule
O95373	DEE660B4	Stress granule
Q9H7E2	DEE660B4	Stress granule
P13693	DEE660B4	Stress granule
A0AV96	DEE660B4	Stress granule
P17844	DEE660B4	Stress granule
Q9C040	DEE660B4	Stress granule
F8WEG8	DEE660B4	Stress granule
P35249	DEE660B4	Stress granule
P06730	DEE660B4	Stress granule
Q13310	DEE660B4	Stress granule
Q9Y696	DEE660B4	Stress granule
Q8TDB6	DEE660B4	Stress granule
O43660	DEE660B4	Stress granule
P22105	DEE660B4	Stress granule
Q9BR76	DEE660B4	Stress granule
Q9H019	DEE660B4	Stress granule
P22087	DEE660B4	Stress granule
Q9NUD5	DEE660B4	Stress granule
P51679	DEE660B4	Stress granule
Q58A45	DEE660B4	Stress granule
Q5T8D3	DEE660B4	Stress granule
P36897	DEE660B4	Stress granule
O75821	DEE660B4	Stress granule
P31947	DEE660B4	Stress granule
K7EK77	DEE660B4	Stress granule
Q8N884	DEE660B4	Stress granule
Q14978	DEE660B4	Stress granule
P15880	DEE660B4	Stress granule
Q9P287	DEE660B4	Stress granule
O60716	DEE660B4	Stress granule
O00505	DEE660B4	Stress granule
P48634	DEE660B4	Stress granule
Q86V81	DEE660B4	Stress granule
Q6PJT7	DEE660B4	Stress granule
E9PES6	DEE660B4	Stress granule
O95793	DEE660B4	Stress granule
Q96DZ5	DEE660B4	Stress granule
Q5TAX3	DEE660B4	Stress granule
P32322	DEE660B4	Stress granule
Q9Y2X3	DEE660B4	Stress granule
P0DMV8	DEE660B4	Stress granule
P27816	DEE660B4	Stress granule
Q9UFF9	DEE660B4	Stress granule
Q8ND24	DEE660B4	Stress granule
P46060	DEE660B4	Stress granule
Q8TEP8	DEE660B4	Stress granule
Q9UBE0	DEE660B4	Stress granule
Q92628	DEE660B4	Stress granule
Q86TB9	DEE660B4	Stress granule
P42224	DEE660B4	Stress granule
P55072	DEE660B4	Stress granule
E9PH38	DEE660B4	Stress granule
P02545	DEE660B4	Stress granule
Q99613	DEE660B4	Stress granule
P09651	DEE660B4	Stress granule
Q99959	DEE660B4	Stress granule
Q8ND56	DEE660B4	Stress granule
Q99653	DEE660B4	Stress granule
O15226	DEE660B4	Stress granule
Q9NWB1	DEE660B4	Stress granule
Q6UW02	DEE660B4	Stress granule
P04632	DEE660B4	Stress granule
Q8IU60	DEE660B4	Stress granule
P55081	DEE660B4	Stress granule
P47974	DEE660B4	Stress granule
Q6P1J9	DEE660B4	Stress granule
Q9UN81	DEE660B4	Stress granule
Q92729	DEE660B4	Stress granule
Q09472	DEE660B4	Stress granule
Q63ZY3	DEE660B4	Stress granule
Q9P258	DEE660B4	Stress granule
P60981	DEE660B4	Stress granule
Q52LJ0	DEE660B4	Stress granule
Q96T37	DEE660B4	Stress granule
P35080	DEE660B4	Stress granule
Q8IX12	DEE660B4	Stress granule
Q8NDV7	DEE660B4	Stress granule
Q16629	DEE660B4	Stress granule
Q9UHD9	DEE660B4	Stress granule
Q15785	DEE660B4	Stress granule
P51812	DEE660B4	Stress granule
O15234	DEE660B4	Stress granule
Q9Y2V2	DEE660B4	Stress granule
Q86SQ0	DEE660B4	Stress granule
Q86V48	DEE660B4	Stress granule
Q9Y3I0	DEE660B4	Stress granule
O43251	DEE660B4	Stress granule
P26378	DEE660B4	Stress granule
Q96T21	DEE660B4	Stress granule
Q99439	DEE660B4	Stress granule
P28676	DEE660B4	Stress granule
P20042	DEE660B4	Stress granule
Q12874	DEE660B4	Stress granule
Q00577	DEE660B4	Stress granule
Q14677	DEE660B4	Stress granule
O00303	DEE660B4	Stress granule
O75382	DEE660B4	Stress granule
Q04917	DEE660B4	Stress granule
Q8IZH2	DEE660B4	Stress granule
Q9UIW2	DEE660B4	Stress granule
Q16658	DEE660B4	Stress granule
O75822	DEE660B4	Stress granule
Q17RY0	DEE660B4	Stress granule
Q9HCG8	DEE660B4	Stress granule
O43303	DEE660B4	Stress granule
P30626	DEE660B4	Stress granule
Q6PFW1	DEE660B4	Stress granule
P22061	DEE660B4	Stress granule
Q9NX05	DEE660B4	Stress granule
P62310	DEE660B4	Stress granule
P07737	DEE660B4	Stress granule
Q09028	DEE660B4	Stress granule
Q14847	DEE660B4	Stress granule
Q5T5Y3	DEE660B4	Stress granule
Q15717	DEE660B4	Stress granule
Q8N3C0	DEE660B4	Stress granule
R4GMT0	DEE660B4	Stress granule
Q9HCE1	DEE660B4	Stress granule
P06753	DEE660B4	Stress granule
Q9UHD1	DEE660B4	Stress granule
P02649	DEE660B4	Stress granule
P38159	DEE660B4	Stress granule
P33991	DEE660B4	Stress granule
P24941	DEE660B4	Stress granule
P58546	DEE660B4	Stress granule
H0YHV5	DEE660B4	Stress granule
Q9BZB8	DEE660B4	Stress granule
P19474	DEE660B4	Stress granule
Q08170	DEE660B4	Stress granule
Q5T0V7	DEE660B4	Stress granule
Q01804	DEE660B4	Stress granule
Q9BUJ2	DEE660B4	Stress granule
Q9Y520	DEE660B4	Stress granule
J3QT54	DEE660B4	Stress granule
O96013	DEE660B4	Stress granule
Q7L099	DEE660B4	Stress granule
Q9NQP4	DEE660B4	Stress granule
O60828	DEE660B4	Stress granule
P30041	DEE660B4	Stress granule
Q5PRF9	DEE660B4	Stress granule
Q92575	DEE660B4	Stress granule
Q9ULV4	DEE660B4	Stress granule
Q13123	DEE660B4	Stress granule
Q9UM54	DEE660B4	Stress granule
Q9Y6K5	DEE660B4	Stress granule
P17252	DEE660B4	Stress granule
Q5H909	DEE660B4	Stress granule
O60739	DEE660B4	Stress granule
Q9UKF6	DEE660B4	Stress granule
P54577	DEE660B4	Stress granule
P68032	DEE660B4	Stress granule
P46013	DEE660B4	Stress granule
Q01469	DEE660B4	Stress granule
P27635	DEE660B4	Stress granule
Q96FJ2	DEE660B4	Stress granule
Q9Y2K5	DEE660B4	Stress granule
Q9H000	DEE660B4	Stress granule
Q5VZF2	DEE660B4	Stress granule
O95416	DEE660B4	Stress granule
Q9NRC1	DEE660B4	Stress granule
P08238	DEE660B4	Stress granule
Q13442	DEE660B4	Stress granule
Q6MZQ0	DEE660B4	Stress granule
P37802	DEE660B4	Stress granule
P62269	DEE660B4	Stress granule
Q9UPU9	DEE660B4	Stress granule
Q6PJG6	DEE660B4	Stress granule
O14744	DEE660B4	Stress granule
Q8IZU3	DEE660B4	Stress granule
P42025	DEE660B4	Stress granule
Q6P158	DEE660B4	Stress granule
P60520	DEE660B4	Stress granule
Q9BSJ8	DEE660B4	Stress granule
Q13610	DEE660B4	Stress granule
E7EVI1	DEE660B4	Stress granule
P35611	DEE660B4	Stress granule
Q8TCG1	DEE660B4	Stress granule
Q8N543	DEE660B4	Stress granule
P51116	DEE660B4	Stress granule
Q9BQ61	DEE660B4	Stress granule
P05165	DEE660B4	Stress granule
P43304	DEE660B4	Stress granule
P54652	DEE660B4	Stress granule
P62995	DEE660B4	Stress granule
P50995	DEE660B4	Stress granule
Q15723	DEE660B4	Stress granule
Q96PV7	DEE660B4	Stress granule
Q9Y2Z0	DEE660B4	Stress granule
P0DPH8	DEE660B4	Stress granule
Q15233	DEE660B4	Stress granule
B9ZVT1	DEE660B4	Stress granule
Q14258	DEE660B4	Stress granule
Q5JSZ5	DEE660B4	Stress granule
O75340	DEE660B4	Stress granule
P40227	DEE660B4	Stress granule
Q05397	DEE660B4	Stress granule
Q8TB72	DEE660B4	Stress granule
Q12905	DEE660B4	Stress granule
O14578	DEE660B4	Stress granule
O15371	DEE660B4	Stress granule
E9PKG1	DEE660B4	Stress granule
P61019	DEE660B4	Stress granule
Q13151	DEE660B4	Stress granule
Q86UE8	DEE660B4	Stress granule
Q7Z5Q1	DEE660B4	Stress granule
Q9UKV8	DEE660B4	Stress granule
Q9UKZ1	DEE660B4	Stress granule
P52597	DEE660B4	Stress granule
Q96JY0	DEE660B4	Stress granule
Q01085	DEE660B4	Stress granule
M0R299	DEE660B4	Stress granule
P13489	DEE660B4	Stress granule
Q13155	DEE660B4	Stress granule
Q12986	DEE660B4	Stress granule
Q9NQT8	DEE660B4	Stress granule
F8W1T6	DEE660B4	Stress granule
Q04637	DEE660B4	Stress granule
Q92901	DEE660B4	Stress granule
P58107	DEE660B4	Stress granule
Q86UK7	DEE660B4	Stress granule
O14746	DEE660B4	Stress granule
Q05048	DEE660B4	Stress granule
Q99698	DEE660B4	Stress granule
Q9NZN8	DEE660B4	Stress granule
Q14493	DEE660B4	Stress granule
Q8WUA4	DEE660B4	Stress granule
P67809	DEE660B4	Stress granule
Q9P2K5	DEE660B4	Stress granule
P56192	DEE660B4	Stress granule
Q9UPQ9	DEE660B4	Stress granule
Q6ZUT6	DEE660B4	Stress granule
Q9NRA8	DEE660B4	Stress granule
Q9H361	DEE660B4	Stress granule
Q2Q1W2	DEE660B4	Stress granule
Q14576	DEE660B4	Stress granule
Q96RY5	DEE660B4	Stress granule
Q9BXP5	DEE660B4	Stress granule
O00148	DEE660B4	Stress granule
P30876	DEE660B4	Stress granule
Q04760	DEE660B4	Stress granule
P62306	DEE660B4	Stress granule
P35606	DEE660B4	Stress granule
Q96I24	DEE660B4	Stress granule
P22314	DEE660B4	Stress granule
Q6IA86	DEE660B4	Stress granule
Q13425	DEE660B4	Stress granule
Q8WYQ9	DEE660B4	Stress granule
Q659C4	DEE660B4	Stress granule
O15527	DEE660B4	Stress granule
Q9NTJ3	DEE660B4	Stress granule
P31942	DEE660B4	Stress granule
Q01543	DEE660B4	Stress granule
P30153	DEE660B4	Stress granule
Q9BX40	DEE660B4	Stress granule
O15372	DEE660B4	Stress granule
Q9BY12	DEE660B4	Stress granule
P84103	DEE660B4	Stress granule
A6NKT7	DEE660B4	Stress granule
Q9NRR4	DEE660B4	Stress granule
P11142	DEE660B4	Stress granule
O75534	DEE660B4	Stress granule
Q8IYD1	DEE660B4	Stress granule
Q92574	DEE660B4	Stress granule
Q96LT7	DEE660B4	Stress granule
Q96QZ7	DEE660B4	Stress granule
Q15005	DEE660B4	Stress granule
Q4AC94	DEE660B4	Stress granule
P54105	DEE660B4	Stress granule
Q9BRZ2	DEE660B4	Stress granule
Q9H694	DEE660B4	Stress granule
Q96HC4	DEE660B4	Stress granule
E9PH82	DEE660B4	Stress granule
Q96A72	DEE660B4	Stress granule
Q9BUT9	DEE660B4	Stress granule
Q9UN86	DEE660B4	Stress granule
O95319	DEE660B4	Stress granule
P62826	DEE660B4	Stress granule
Q99615	DEE660B4	Stress granule
Q7Z739	DEE660B4	Stress granule
Q9UBN7	DEE660B4	Stress granule
P26599	DEE660B4	Stress granule
Q86Y13	DEE660B4	Stress granule
O43813	DEE660B4	Stress granule
Q9BQ39	DEE660B4	Stress granule
P47755	DEE660B4	Stress granule
Q86UW6	DEE660B4	Stress granule
O60506	DEE660B4	Stress granule
P52948	DEE660B4	Stress granule
Q13148	DEE660B4	Stress granule
P63279	DEE660B4	Stress granule
Q5JVS0	DEE660B4	Stress granule
Q9GZV4	DEE660B4	Stress granule
Q13501	DEE660B4	Stress granule
Q8IYB7	DEE660B4	Stress granule
P20774	DEE660B4	Stress granule
Q9UBU9	DEE660B4	Stress granule
O60684	DEE660B4	Stress granule
Q92973	DEE660B4	Stress granule
Q5JXH9	DEE660B4	Stress granule
Q99497	DEE660B4	Stress granule
Q9H0D6	DEE660B4	Stress granule
Q9BV86	DEE660B4	Stress granule
O95433	DEE660B4	Stress granule
P40337	DEE660B4	Stress granule
Q9HCM7	DEE660B4	Stress granule
Q71RC2	DEE660B4	Stress granule
P14866	DEE660B4	Stress granule
P07947	DEE660B4	Stress granule
Q9NYF8	DEE660B4	Stress granule
P50479	DEE660B4	Stress granule
Q8N6T7	DEE660B4	Stress granule
Q7KZF4	DEE660B4	Stress granule
P83916	DEE660B4	Stress granule
P46063	DEE660B4	Stress granule
P05556	DEE660B4	Stress granule
Q15004	DEE660B4	Stress granule
Q9BQI3	DEE660B4	Stress granule
Q6NXE6	DEE660B4	Stress granule
O60504	DEE660B4	Stress granule
Q9Y570	DEE660B4	Stress granule
P40938	DEE660B4	Stress granule
Q15056	DEE660B4	Stress granule
Q8NCA5	DEE660B4	Stress granule
Q9H1J1	DEE660B4	Stress granule
Q9Y446	DEE660B4	Stress granule
Q8WXF1	DEE660B4	Stress granule
H0Y6N5	DEE660B4	Stress granule
Q8WYP5	91857CE7	Nucleolus
P09874	91857CE7	Nucleolus
P17980	91857CE7	Nucleolus
Q9NVU7	91857CE7	Nucleolus
P84101	91857CE7	Nucleolus
Q01518	DEE660B4	Stress granule
Q92804	DEE660B4	Stress granule
P62993	DEE660B4	Stress granule
Q8WW22	DEE660B4	Stress granule
P62820	DEE660B4	Stress granule
Q5T7N2	DEE660B4	Stress granule
Q9H9A5	DEE660B4	Stress granule
O14979	DEE660B4	Stress granule
P31943	DEE660B4	Stress granule
P54886	DEE660B4	Stress granule
Q9GZN8	DEE660B4	Stress granule
O95819	DEE660B4	Stress granule
Q15637	DEE660B4	Stress granule
P16104	DEE660B4	Stress granule
Q8NF91	DEE660B4	Stress granule
Q9BX66	DEE660B4	Stress granule
Q9H0H5	DEE660B4	Stress granule
Q9BZI7	DEE660B4	Stress granule
Q12933	DEE660B4	Stress granule
P98194	DEE660B4	Stress granule
Q9BWF3	DEE660B4	Stress granule
O00151	DEE660B4	Stress granule
P0DPI2	DEE660B4	Stress granule
Q9H9G7	DEE660B4	Stress granule
Q69YQ0	DEE660B4	Stress granule
P17987	DEE660B4	Stress granule
Q14201	DEE660B4	Stress granule
P23396	DEE660B4	Stress granule
P10155	DEE660B4	Stress granule
Q9H171	DEE660B4	Stress granule
Q96LI5	DEE660B4	Stress granule
Q7Z2W4	DEE660B4	Stress granule
Q9Y6M1	DEE660B4	Stress granule
A6NKD9	DEE660B4	Stress granule
Q07666	DEE660B4	Stress granule
P19338	DEE660B4	Stress granule
P10599	DEE660B4	Stress granule
Q92621	DEE660B4	Stress granule
O95271	DEE660B4	Stress granule
Q5SZQ8	DEE660B4	Stress granule
P61586	DEE660B4	Stress granule
B1ANR0	DEE660B4	Stress granule
O96011	DEE660B4	Stress granule
C9JIS1	DEE660B4	Stress granule
F8VRD2	DEE660B4	Stress granule
Q92615	DEE660B4	Stress granule
Q2TAY7	DEE660B4	Stress granule
Q14011	DEE660B4	Stress granule
Q5JQF8	DEE660B4	Stress granule
B7Z5C0	DEE660B4	Stress granule
Q9P1F3	DEE660B4	Stress granule
P34932	DEE660B4	Stress granule
P37108	DEE660B4	Stress granule
Q92540	DEE660B4	Stress granule
Q12926	DEE660B4	Stress granule
O75179	DEE660B4	Stress granule
P46777	DEE660B4	Stress granule
Q99996	DEE660B4	Stress granule
Q8TCS8	DEE660B4	Stress granule
Q9H773	DEE660B4	Stress granule
P55060	DEE660B4	Stress granule
Q8N122	DEE660B4	Stress granule
Q14974	DEE660B4	Stress granule
Q9H910	DEE660B4	Stress granule
P51114	DEE660B4	Stress granule
Q9UL18	DEE660B4	Stress granule
Q3YBR2	DEE660B4	Stress granule
Q5T6F2	DEE660B4	Stress granule
Q9Y4F3	DEE660B4	Stress granule
Q96F86	DEE660B4	Stress granule
Q9UBV8	DEE660B4	Stress granule
Q3ZCM7	DEE660B4	Stress granule
Q6GMV2	DEE660B4	Stress granule
Q9P2B4	DEE660B4	Stress granule
O94967	DEE660B4	Stress granule
P23528	DEE660B4	Stress granule
Q6AWB1	DEE660B4	Stress granule
Q7Z417	DEE660B4	Stress granule
Q14296	DEE660B4	Stress granule
H0YHB7	DEE660B4	Stress granule
P29728	DEE660B4	Stress granule
Q9UNF1	DEE660B4	Stress granule
Q96AE7	DEE660B4	Stress granule
Q96CT7	DEE660B4	Stress granule
Q9NP73	DEE660B4	Stress granule
Q9P2D0	DEE660B4	Stress granule
O75525	DEE660B4	Stress granule
P49458	DEE660B4	Stress granule
O75152	DEE660B4	Stress granule
Q8NE35	DEE660B4	Stress granule
P49750	DEE660B4	Stress granule
P35125	DEE660B4	Stress granule
P12004	DEE660B4	Stress granule
Q8WUM4	DEE660B4	Stress granule
I3L0H8	DEE660B4	Stress granule
Q9NUU7	DEE660B4	Stress granule
Q15434	DEE660B4	Stress granule
Q9HCC0	DEE660B4	Stress granule
Q9C0C2	DEE660B4	Stress granule
Q14966	DEE660B4	Stress granule
O14787	DEE660B4	Stress granule
Q9ULX6	DEE660B4	Stress granule
Q13200	DEE660B4	Stress granule
Q6ZN04	DEE660B4	Stress granule
Q9BYJ9	DEE660B4	Stress granule
P98179	DEE660B4	Stress granule
Q9NR56	DEE660B4	Stress granule
H7C3A1	DEE660B4	Stress granule
H0YAF8	DEE660B4	Stress granule
P68366	DEE660B4	Stress granule
Q16637	DEE660B4	Stress granule
Q9NTZ6	DEE660B4	Stress granule
E9PIZ4	DEE660B4	Stress granule
H0YH87	DEE660B4	Stress granule
Q93052	DEE660B4	Stress granule
G3V5D9	DEE660B4	Stress granule
Q15274	DEE660B4	Stress granule
Q15417	DEE660B4	Stress granule
O43166	DEE660B4	Stress granule
P0DTC9	DEE660B4	Stress granule
O95760	DEE660B4	Stress granule
A4FTK7	DEE660B4	Stress granule
Q14204	91857CE7	Nucleolus
O76003	91857CE7	Nucleolus
Q9UGR2	DEE660B4	Stress granule
O95453	91857CE7	Nucleolus
Q9NVJ2	91857CE7	Nucleolus
O75607	91857CE7	Nucleolus
Q9NTK5	91857CE7	Nucleolus
P0C0S5	91857CE7	Nucleolus
Q5T2N8	91857CE7	Nucleolus
P29692	91857CE7	Nucleolus
P34896	91857CE7	Nucleolus
Q8IZL8	91857CE7	Nucleolus
Q13618	91857CE7	Nucleolus
Q9Y4C4	91857CE7	Nucleolus
O43670	91857CE7	Nucleolus
Q9NZN3	91857CE7	Nucleolus
Q15397	91857CE7	Nucleolus
P53582	91857CE7	Nucleolus
Q9BSJ6	91857CE7	Nucleolus
Q15181	91857CE7	Nucleolus
O43837	91857CE7	Nucleolus
Q8TDI0	91857CE7	Nucleolus
P17661	91857CE7	Nucleolus
Q92499	91857CE7	Nucleolus
Q9NUQ6	91857CE7	Nucleolus
Q32P51	91857CE7	Nucleolus
P31152	91857CE7	Nucleolus
P40937	91857CE7	Nucleolus
P0CB47	91857CE7	Nucleolus
Q13045	91857CE7	Nucleolus
P00451	91857CE7	Nucleolus
Q96FI4	91857CE7	Nucleolus
P09622	91857CE7	Nucleolus
Q8TDN6	91857CE7	Nucleolus
O15173	91857CE7	Nucleolus
P42330	91857CE7	Nucleolus
P19784	91857CE7	Nucleolus
Q99729	91857CE7	Nucleolus
Q92925	91857CE7	Nucleolus
P34897	91857CE7	Nucleolus
O43623	91857CE7	Nucleolus
Q9BW60	91857CE7	Nucleolus
P62917	91857CE7	Nucleolus
Q92526	91857CE7	Nucleolus
Q8TAA3	91857CE7	Nucleolus
Q04837	91857CE7	Nucleolus
P05109	91857CE7	Nucleolus
Q9BXY0	91857CE7	Nucleolus
Q05D32	91857CE7	Nucleolus
Q13535	91857CE7	Nucleolus
Q9Y5L4	91857CE7	Nucleolus
Q06587	91857CE7	Nucleolus
Q9NZA1	91857CE7	Nucleolus
P11908	91857CE7	Nucleolus
P26358	91857CE7	Nucleolus
Q15365	91857CE7	Nucleolus
O75764	91857CE7	Nucleolus
P62081	91857CE7	Nucleolus
Q9NVI7	91857CE7	Nucleolus
P51153	91857CE7	Nucleolus
P06493	91857CE7	Nucleolus
P09210	91857CE7	Nucleolus
P14678	91857CE7	Nucleolus
Q8TET4	91857CE7	Nucleolus
P12259	91857CE7	Nucleolus
Q02978	91857CE7	Nucleolus
Q6UWU4	91857CE7	Nucleolus
P46782	91857CE7	Nucleolus
Q9UJZ1	91857CE7	Nucleolus
P25705	91857CE7	Nucleolus
Q13901	91857CE7	Nucleolus
Q15477	91857CE7	Nucleolus
P04406	91857CE7	Nucleolus
Q8IY37	91857CE7	Nucleolus
Q16777	91857CE7	Nucleolus
P35637	91857CE7	Nucleolus
Q9Y3A4	91857CE7	Nucleolus
O43390	91857CE7	Nucleolus
Q92930	91857CE7	Nucleolus
P42695	91857CE7	Nucleolus
Q9Y276	91857CE7	Nucleolus
P23258	91857CE7	Nucleolus
P78347	91857CE7	Nucleolus
Q8IUF8	91857CE7	Nucleolus
P55263	91857CE7	Nucleolus
Q9NY12	91857CE7	Nucleolus
Q9Y4C8	91857CE7	Nucleolus
Q96C61	91857CE7	Nucleolus
P12956	91857CE7	Nucleolus
Q96GD4	91857CE7	Nucleolus
Q99584	91857CE7	Nucleolus
Q9BSC4	91857CE7	Nucleolus
P62841	91857CE7	Nucleolus
Q02543	91857CE7	Nucleolus
Q969S3	91857CE7	Nucleolus
Q16630	91857CE7	Nucleolus
Q9Y4L1	91857CE7	Nucleolus
Q00403	91857CE7	Nucleolus
Q6NVY1	91857CE7	Nucleolus
Q13601	91857CE7	Nucleolus
O00567	91857CE7	Nucleolus
Q9GZL7	91857CE7	Nucleolus
O43660	91857CE7	Nucleolus
P22087	91857CE7	Nucleolus
P62857	91857CE7	Nucleolus
P05783	91857CE7	Nucleolus
Q5BKZ1	91857CE7	Nucleolus
P15880	91857CE7	Nucleolus
Q16695	91857CE7	Nucleolus
P68371	91857CE7	Nucleolus
Q9Y3B4	91857CE7	Nucleolus
Q9NQS7	91857CE7	Nucleolus
P54136	91857CE7	Nucleolus
P55072	91857CE7	Nucleolus
Q8WXF8	91857CE7	Nucleolus
P07355	91857CE7	Nucleolus
P62277	91857CE7	Nucleolus
Q13509	91857CE7	Nucleolus
Q9Y266	91857CE7	Nucleolus
P61604	91857CE7	Nucleolus
Q15233	91857CE7	Nucleolus
Q5TAP6	91857CE7	Nucleolus
P62491	91857CE7	Nucleolus
P24534	91857CE7	Nucleolus
O95232	91857CE7	Nucleolus
Q8N568	91857CE7	Nucleolus
P34931	91857CE7	Nucleolus
Q13315	91857CE7	Nucleolus
Q9BUQ8	91857CE7	Nucleolus
P07737	91857CE7	Nucleolus
O43823	91857CE7	Nucleolus
Q09028	91857CE7	Nucleolus
P20340	91857CE7	Nucleolus
P07900	91857CE7	Nucleolus
P52209	91857CE7	Nucleolus
Q9Y265	91857CE7	Nucleolus
Q9HA38	91857CE7	Nucleolus
Q13435	91857CE7	Nucleolus
P32119	91857CE7	Nucleolus
P38919	91857CE7	Nucleolus
Q13610	91857CE7	Nucleolus
Q8N0T1	91857CE7	Nucleolus
Q9HAJ7	91857CE7	Nucleolus
Q9BY42	91857CE7	Nucleolus
P15531	91857CE7	Nucleolus
Q7Z460	91857CE7	Nucleolus
P31689	91857CE7	Nucleolus
P51955	91857CE7	Nucleolus
Q8WTT2	91857CE7	Nucleolus
Q13492	91857CE7	Nucleolus
P22392	91857CE7	Nucleolus
P62263	91857CE7	Nucleolus
P36578	91857CE7	Nucleolus
O94788	91857CE7	Nucleolus
Q99848	91857CE7	Nucleolus
P61019	91857CE7	Nucleolus
O14818	91857CE7	Nucleolus
P12270	91857CE7	Nucleolus
Q6UB35	91857CE7	Nucleolus
Q5JTH9	91857CE7	Nucleolus
P0DPB6	91857CE7	Nucleolus
P35268	91857CE7	Nucleolus
Q96NI6	91857CE7	Nucleolus
O00148	91857CE7	Nucleolus
P78406	91857CE7	Nucleolus
Q15437	91857CE7	Nucleolus
P68363	91857CE7	Nucleolus
P22314	91857CE7	Nucleolus
P82979	91857CE7	Nucleolus
P10412	91857CE7	Nucleolus
Q9NRR4	91857CE7	Nucleolus
Q9UIJ7	91857CE7	Nucleolus
Q4G0J3	91857CE7	Nucleolus
Q86XP3	91857CE7	Nucleolus
Q15005	91857CE7	Nucleolus
Q02218	91857CE7	Nucleolus
Q15024	91857CE7	Nucleolus
Q96DB6	91857CE7	Nucleolus
Q9P2W1	91857CE7	Nucleolus
Q99661	91857CE7	Nucleolus
Q9Y5B9	91857CE7	Nucleolus
P26599	91857CE7	Nucleolus
Q8WTP8	91857CE7	Nucleolus
Q9BRL6	91857CE7	Nucleolus
P62244	91857CE7	Nucleolus
P47895	91857CE7	Nucleolus
P62805	91857CE7	Nucleolus
P46778	91857CE7	Nucleolus
Q8N5L8	91857CE7	Nucleolus
O60506	91857CE7	Nucleolus
Q5JVS0	91857CE7	Nucleolus
P62249	91857CE7	Nucleolus
Q9NZ56	91857CE7	Nucleolus
Q9H7B2	91857CE7	Nucleolus
Q6KC79	91857CE7	Nucleolus
P30044	91857CE7	Nucleolus
P41220	91857CE7	Nucleolus
Q9H8H0	91857CE7	Nucleolus
Q8WVV9	91857CE7	Nucleolus
P61247	91857CE7	Nucleolus
Q7KZF4	91857CE7	Nucleolus
P40692	91857CE7	Nucleolus
Q01814	91857CE7	Nucleolus
F5H284	91857CE7	Nucleolus
Q99961	91857CE7	Nucleolus
Q8IWS0	91857CE7	Nucleolus
P40938	91857CE7	Nucleolus
Q92966	91857CE7	Nucleolus
P78527	91857CE7	Nucleolus
Q8IY81	91857CE7	Nucleolus
Q9BVI4	91857CE7	Nucleolus
O43815	91857CE7	Nucleolus
P09211	91857CE7	Nucleolus
P68431	91857CE7	Nucleolus
P62820	91857CE7	Nucleolus
P42285	91857CE7	Nucleolus
P61513	91857CE7	Nucleolus
P29508	91857CE7	Nucleolus
P31943	91857CE7	Nucleolus
Q8IZU0	91857CE7	Nucleolus
P45973	91857CE7	Nucleolus
Q14331	91857CE7	Nucleolus
Q16559	91857CE7	Nucleolus
O95059	91857CE7	Nucleolus
Q96MF4	91857CE7	Nucleolus
P07910	91857CE7	Nucleolus
P08574	91857CE7	Nucleolus
Q9H5V9	91857CE7	Nucleolus
Q01780	91857CE7	Nucleolus
O60641	91857CE7	Nucleolus
P13010	91857CE7	Nucleolus
Q06265	91857CE7	Nucleolus
Q96ST3	91857CE7	Nucleolus
P62829	91857CE7	Nucleolus
P11362	91857CE7	Nucleolus
P55060	91857CE7	Nucleolus
Q92878	91857CE7	Nucleolus
Q14974	91857CE7	Nucleolus
P49411	91857CE7	Nucleolus
P62241	91857CE7	Nucleolus
Q9BRP8	91857CE7	Nucleolus
Q5SSJ5	91857CE7	Nucleolus
Q5H9T9	91857CE7	Nucleolus
P12004	91857CE7	Nucleolus
Q9Y4C1	91857CE7	Nucleolus
Q9BXS6	91857CE7	Nucleolus
Q2TB10	91857CE7	Nucleolus
Q9H0U9	91857CE7	Nucleolus
P05787	91857CE7	Nucleolus
O43159	91857CE7	Nucleolus
P11177	91857CE7	Nucleolus
P62888	91857CE7	Nucleolus
Q8WYA6	91857CE7	Nucleolus
P78316	91857CE7	Nucleolus
P47813	91857CE7	Nucleolus
Q96K17	91857CE7	Nucleolus
P04264	91857CE7	Nucleolus
Q9P031	91857CE7	Nucleolus
P83731	91857CE7	Nucleolus
Q9NVA2	91857CE7	Nucleolus
O15143	91857CE7	Nucleolus
O75431	91857CE7	Nucleolus
P56537	91857CE7	Nucleolus
Q96LA8	91857CE7	Nucleolus
Q7Z478	91857CE7	Nucleolus
Q15149	91857CE7	Nucleolus
A0FGR9	91857CE7	Nucleolus
Q16778	91857CE7	Nucleolus
P62269	91857CE7	Nucleolus
Q96MG7	91857CE7	Nucleolus
Q99877	91857CE7	Nucleolus
P47985	91857CE7	Nucleolus
Q6DKI1	91857CE7	Nucleolus
O14602	91857CE7	Nucleolus
Q86SE8	91857CE7	Nucleolus
O43583	91857CE7	Nucleolus
Q9H6R0	91857CE7	Nucleolus
Q9UMS4	91857CE7	Nucleolus
Q5BKY9	91857CE7	Nucleolus
Q99880	91857CE7	Nucleolus
P04908	91857CE7	Nucleolus
Q9NZN4	91857CE7	Nucleolus
Q14241	91857CE7	Nucleolus
P62913	91857CE7	Nucleolus
Q7Z4B0	91857CE7	Nucleolus
P00387	91857CE7	Nucleolus
O95347	91857CE7	Nucleolus
Q9GZR2	91857CE7	Nucleolus
P23527	91857CE7	Nucleolus
P54132	91857CE7	Nucleolus
Q9P299	91857CE7	Nucleolus
P19404	91857CE7	Nucleolus
Q9NVX2	91857CE7	Nucleolus
Q9UNX4	91857CE7	Nucleolus
P07305	91857CE7	Nucleolus
O60216	91857CE7	Nucleolus
Q13868	91857CE7	Nucleolus
Q9NW75	91857CE7	Nucleolus
Q13185	91857CE7	Nucleolus
Q92769	91857CE7	Nucleolus
P84090	91857CE7	Nucleolus
P61927	91857CE7	Nucleolus
Q07955	91857CE7	Nucleolus
O95670	91857CE7	Nucleolus
O43324	91857CE7	Nucleolus
Q9UHB9	91857CE7	Nucleolus
P18754	91857CE7	Nucleolus
Q9BVA1	91857CE7	Nucleolus
P08865	91857CE7	Nucleolus
P48735	91857CE7	Nucleolus
P05091	91857CE7	Nucleolus
P61088	91857CE7	Nucleolus
P59910	91857CE7	Nucleolus
P06733	91857CE7	Nucleolus
P06748	91857CE7	Nucleolus
Q14527	91857CE7	Nucleolus
Q9Y224	91857CE7	Nucleolus
O43447	91857CE7	Nucleolus
Q9H9Y6	91857CE7	Nucleolus
P00505	91857CE7	Nucleolus
P13866	91857CE7	Nucleolus
P27797	91857CE7	Nucleolus
Q14839	91857CE7	Nucleolus
P26641	91857CE7	Nucleolus
Q99471	91857CE7	Nucleolus
P17096	91857CE7	Nucleolus
Q8N9T8	91857CE7	Nucleolus
P53675	91857CE7	Nucleolus
O43172	91857CE7	Nucleolus
Q06418	91857CE7	Nucleolus
P0DI83	91857CE7	Nucleolus
Q14690	91857CE7	Nucleolus
P25490	91857CE7	Nucleolus
Q15436	91857CE7	Nucleolus
P99999	91857CE7	Nucleolus
P07437	91857CE7	Nucleolus
O75367	91857CE7	Nucleolus
Q16576	91857CE7	Nucleolus
Q15008	91857CE7	Nucleolus
Q96NS1	91857CE7	Nucleolus
P06702	91857CE7	Nucleolus
Q9NYH9	91857CE7	Nucleolus
Q9NPH5	91857CE7	Nucleolus
O00186	91857CE7	Nucleolus
Q9HD33	91857CE7	Nucleolus
Q9NQZ2	91857CE7	Nucleolus
P62266	91857CE7	Nucleolus
P04637	91857CE7	Nucleolus
P21796	91857CE7	Nucleolus
Q99623	91857CE7	Nucleolus
Q9NQW6	91857CE7	Nucleolus
P21108	91857CE7	Nucleolus
Q9BQE3	91857CE7	Nucleolus
P01106	91857CE7	Nucleolus
O60814	91857CE7	Nucleolus
P59998	91857CE7	Nucleolus
P18621	91857CE7	Nucleolus
P33993	91857CE7	Nucleolus
Q9H0N0	91857CE7	Nucleolus
Q9BTT0	91857CE7	Nucleolus
Q9H9L3	91857CE7	Nucleolus
Q9Y6E2	91857CE7	Nucleolus
P49773	91857CE7	Nucleolus
P17844	91857CE7	Nucleolus
Q9NPD3	91857CE7	Nucleolus
Q13310	91857CE7	Nucleolus
Q9Y230	91857CE7	Nucleolus
Q9Y696	91857CE7	Nucleolus
O14617	91857CE7	Nucleolus
O00422	91857CE7	Nucleolus
Q6PEY2	91857CE7	Nucleolus
P78345	91857CE7	Nucleolus
Q9H8M7	91857CE7	Nucleolus
Q9UJA5	91857CE7	Nucleolus
P62899	91857CE7	Nucleolus
Q9P2N5	91857CE7	Nucleolus
Q9Y536	91857CE7	Nucleolus
P62807	91857CE7	Nucleolus
Q9Y221	91857CE7	Nucleolus
Q9H6W3	91857CE7	Nucleolus
Q9Y5J1	91857CE7	Nucleolus
Q13087	91857CE7	Nucleolus
Q15020	91857CE7	Nucleolus
Q01105	91857CE7	Nucleolus
O15195	91857CE7	Nucleolus
Q8NG66	91857CE7	Nucleolus
Q5C9Z4	91857CE7	Nucleolus
Q9ULW3	91857CE7	Nucleolus
Q9NSI2	91857CE7	Nucleolus
P62875	91857CE7	Nucleolus
Q13247	91857CE7	Nucleolus
Q52LJ0	91857CE7	Nucleolus
Q9H903	91857CE7	Nucleolus
Q9UNL7	91857CE7	Nucleolus
Q9Y3A5	91857CE7	Nucleolus
Q9Y3I0	91857CE7	Nucleolus
P17516	91857CE7	Nucleolus
P12236	91857CE7	Nucleolus
P20042	91857CE7	Nucleolus
P43378	91857CE7	Nucleolus
Q9Y277	91857CE7	Nucleolus
Q75WM6	91857CE7	Nucleolus
P36957	91857CE7	Nucleolus
P20290	91857CE7	Nucleolus
P29803	91857CE7	Nucleolus
Q6ZMT4	91857CE7	Nucleolus
P30101	91857CE7	Nucleolus
Q9ULX3	91857CE7	Nucleolus
Q9UHA3	91857CE7	Nucleolus
O43175	91857CE7	Nucleolus
Q6IBW4	91857CE7	Nucleolus
P53396	91857CE7	Nucleolus
P19388	91857CE7	Nucleolus
Q9H8H2	91857CE7	Nucleolus
Q96PK6	91857CE7	Nucleolus
Q9ULD0	91857CE7	Nucleolus
Q96SB4	91857CE7	Nucleolus
P46776	91857CE7	Nucleolus
P63261	91857CE7	Nucleolus
Q99832	91857CE7	Nucleolus
P27635	91857CE7	Nucleolus
Q9P1T7	91857CE7	Nucleolus
Q96KR1	91857CE7	Nucleolus
Q9HB71	91857CE7	Nucleolus
P78417	91857CE7	Nucleolus
Q02297	91857CE7	Nucleolus
Q8NC51	91857CE7	Nucleolus
Q92616	91857CE7	Nucleolus
P67870	91857CE7	Nucleolus
P62847	91857CE7	Nucleolus
Q9Y2I2	91857CE7	Nucleolus
Q8N220	91857CE7	Nucleolus
Q9BQ02	91857CE7	Nucleolus
Q9NX24	91857CE7	Nucleolus
P07237	91857CE7	Nucleolus
Q96T60	91857CE7	Nucleolus
P38432	91857CE7	Nucleolus
Q9BYC9	91857CE7	Nucleolus
Q29RF7	91857CE7	Nucleolus
Q68CQ4	91857CE7	Nucleolus
P40429	91857CE7	Nucleolus
P04553	91857CE7	Nucleolus
Q5HYI7	91857CE7	Nucleolus
P48729	91857CE7	Nucleolus
Q9Y383	91857CE7	Nucleolus
O95757	91857CE7	Nucleolus
P16234	91857CE7	Nucleolus
Q5T3I0	91857CE7	Nucleolus
Q8NDF8	91857CE7	Nucleolus
O75439	91857CE7	Nucleolus
Q9H361	91857CE7	Nucleolus
A0A0A0MT08	91857CE7	Nucleolus
O75122	91857CE7	Nucleolus
Q9NX58	91857CE7	Nucleolus
Q15907	91857CE7	Nucleolus
P09110	91857CE7	Nucleolus
P50213	91857CE7	Nucleolus
O43818	91857CE7	Nucleolus
Q8TAA5	91857CE7	Nucleolus
Q15560	91857CE7	Nucleolus
Q9NRF8	91857CE7	Nucleolus
Q9BQ67	91857CE7	Nucleolus
Q96AY2	91857CE7	Nucleolus
Q9NYV6	91857CE7	Nucleolus
P31949	91857CE7	Nucleolus
Q9H6P5	91857CE7	Nucleolus
Q9NS39	91857CE7	Nucleolus
Q86SE5	91857CE7	Nucleolus
Q15050	91857CE7	Nucleolus
P53597	91857CE7	Nucleolus
P49959	91857CE7	Nucleolus
Q96E11	91857CE7	Nucleolus
Q6NW34	91857CE7	Nucleolus
P31930	91857CE7	Nucleolus
Q9NVA1	91857CE7	Nucleolus
P06744	91857CE7	Nucleolus
P18887	91857CE7	Nucleolus
Q8WYQ5	91857CE7	Nucleolus
Q9UNM6	91857CE7	Nucleolus
P04181	91857CE7	Nucleolus
Q8TDD1	91857CE7	Nucleolus
Q00839	91857CE7	Nucleolus
Q13620	91857CE7	Nucleolus
Q9NPE3	91857CE7	Nucleolus
Q15061	91857CE7	Nucleolus
Q9UNQ2	91857CE7	Nucleolus
Q7Z6E9	91857CE7	Nucleolus
Q5T9A4	91857CE7	Nucleolus
Q13308	91857CE7	Nucleolus
P0DPB5	91857CE7	Nucleolus
Q8WVM7	91857CE7	Nucleolus
Q02878	91857CE7	Nucleolus
P58876	91857CE7	Nucleolus
P16104	91857CE7	Nucleolus
Q7Z2T5	91857CE7	Nucleolus
P24928	91857CE7	Nucleolus
Q8ND90	91857CE7	Nucleolus
P62750	91857CE7	Nucleolus
P49736	91857CE7	Nucleolus
Q9BWF3	91857CE7	Nucleolus
Q10567	91857CE7	Nucleolus
Q9UI30	91857CE7	Nucleolus
Q15019	91857CE7	Nucleolus
O14776	91857CE7	Nucleolus
P28370	91857CE7	Nucleolus
Q12840	91857CE7	Nucleolus
Q5H9F3	91857CE7	Nucleolus
Q15084	91857CE7	Nucleolus
Q8TCS8	91857CE7	Nucleolus
P42771	91857CE7	Nucleolus
P42766	91857CE7	Nucleolus
Q9GZS3	91857CE7	Nucleolus
Q5RKV6	91857CE7	Nucleolus
Q13505	91857CE7	Nucleolus
Q9NTM9	91857CE7	Nucleolus
Q38SD2	91857CE7	Nucleolus
P14618	91857CE7	Nucleolus
Q4VXU2	91857CE7	Nucleolus
Q9NW13	91857CE7	Nucleolus
Q9H4Y5	91857CE7	Nucleolus
Q9BWF2	91857CE7	Nucleolus
Q9BYG3	91857CE7	Nucleolus
Q68D10	91857CE7	Nucleolus
Q9H2U2	91857CE7	Nucleolus
Q8NHQ9	91857CE7	Nucleolus
Q12873	91857CE7	Nucleolus
Q9NP64	91857CE7	Nucleolus
Q6W2J9	91857CE7	Nucleolus
Q16720	91857CE7	Nucleolus
O15212	91857CE7	Nucleolus
P62877	91857CE7	Nucleolus
P23193	91857CE7	Nucleolus
Q06830	91857CE7	Nucleolus
P10515	91857CE7	Nucleolus
Q9BV38	91857CE7	Nucleolus
P49207	91857CE7	Nucleolus
Q9UQ80	91857CE7	Nucleolus
O96008	91857CE7	Nucleolus
P50750	91857CE7	Nucleolus
Q9H6Y2	91857CE7	Nucleolus
Q08211	91857CE7	Nucleolus
Q96HI0	91857CE7	Nucleolus
Q9Y2L1	91857CE7	Nucleolus
P83881	91857CE7	Nucleolus
P0CG48	91857CE7	Nucleolus
P10809	91857CE7	Nucleolus
P17812	91857CE7	Nucleolus
O60936	91857CE7	Nucleolus
Q9HBD4	91857CE7	Nucleolus
P63244	91857CE7	Nucleolus
Q8WV24	91857CE7	Nucleolus
P55039	91857CE7	Nucleolus
P27708	91857CE7	Nucleolus
P26196	91857CE7	Nucleolus
P62906	91857CE7	Nucleolus
Q9Y4W2	91857CE7	Nucleolus
Q8NHM5	91857CE7	Nucleolus
V9GYY5	91857CE7	Nucleolus
P60842	91857CE7	Nucleolus
Q8N4T8	91857CE7	Nucleolus
Q96Q89	91857CE7	Nucleolus
Q6STE5	91857CE7	Nucleolus
Q13243	91857CE7	Nucleolus
P08670	91857CE7	Nucleolus
A2RTX5	91857CE7	Nucleolus
O94818	91857CE7	Nucleolus
Q92993	91857CE7	Nucleolus
P27144	91857CE7	Nucleolus
P00338	91857CE7	Nucleolus
P52895	91857CE7	Nucleolus
P11387	91857CE7	Nucleolus
P39019	91857CE7	Nucleolus
Q9H2U1	91857CE7	Nucleolus
O00628	91857CE7	Nucleolus
Q8TEM1	91857CE7	Nucleolus
Q0WX57	91857CE7	Nucleolus
Q9NSD9	91857CE7	Nucleolus
Q99575	91857CE7	Nucleolus
P26583	91857CE7	Nucleolus
P55265	91857CE7	Nucleolus
Q5T280	91857CE7	Nucleolus
Q9H814	91857CE7	Nucleolus
Q9UGY1	91857CE7	Nucleolus
Q8TEX9	91857CE7	Nucleolus
Q9P2R7	91857CE7	Nucleolus
P25789	91857CE7	Nucleolus
P04792	91857CE7	Nucleolus
Q99962	91857CE7	Nucleolus
Q16718	91857CE7	Nucleolus
Q9H8W3	91857CE7	Nucleolus
Q96BK5	91857CE7	Nucleolus
Q5TCX8	91857CE7	Nucleolus
P50613	91857CE7	Nucleolus
Q16531	91857CE7	Nucleolus
Q53GS9	91857CE7	Nucleolus
Q9H6R4	91857CE7	Nucleolus
P50990	91857CE7	Nucleolus
P05198	91857CE7	Nucleolus
Q76FK4	91857CE7	Nucleolus
Q8IYF1	91857CE7	Nucleolus
Q8WW32	91857CE7	Nucleolus
Q96NC0	91857CE7	Nucleolus
Q8WWY3	91857CE7	Nucleolus
Q13895	91857CE7	Nucleolus
P50991	91857CE7	Nucleolus
P31948	91857CE7	Nucleolus
P62308	91857CE7	Nucleolus
Q96JD6	91857CE7	Nucleolus
Q09161	91857CE7	Nucleolus
Q9NY93	91857CE7	Nucleolus
Q9NV06	91857CE7	Nucleolus
Q9H223	91857CE7	Nucleolus
Q8N136	91857CE7	Nucleolus
Q9H6F5	91857CE7	Nucleolus
Q16772	91857CE7	Nucleolus
Q9Y5J9	91857CE7	Nucleolus
Q9NVP1	91857CE7	Nucleolus
P78346	91857CE7	Nucleolus
O15479	91857CE7	Nucleolus
P33778	91857CE7	Nucleolus
P23634	91857CE7	Nucleolus
P13639	91857CE7	Nucleolus
Q71UI9	91857CE7	Nucleolus
Q9NVC2	91857CE7	Nucleolus
Q86XI2	91857CE7	Nucleolus
P84098	91857CE7	Nucleolus
Q1ED39	91857CE7	Nucleolus
Q8WV44	91857CE7	Nucleolus
Q12906	91857CE7	Nucleolus
Q9BTM1	91857CE7	Nucleolus
O75818	91857CE7	Nucleolus
Q96CX3	91857CE7	Nucleolus
Q9NU22	91857CE7	Nucleolus
Q8TBF4	91857CE7	Nucleolus
Q00610	91857CE7	Nucleolus
Q13838	91857CE7	Nucleolus
Q9Y2P8	91857CE7	Nucleolus
P61764	91857CE7	Nucleolus
Q9Y324	91857CE7	Nucleolus
Q6MZM0	91857CE7	Nucleolus
Q9C086	91857CE7	Nucleolus
P51532	91857CE7	Nucleolus
P25685	91857CE7	Nucleolus
P05114	91857CE7	Nucleolus
Q9BXX2	91857CE7	Nucleolus
Q9NWH9	91857CE7	Nucleolus
Q969H0	91857CE7	Nucleolus
O60220	91857CE7	Nucleolus
Q8N5K1	91857CE7	Nucleolus
Q9H4A4	91857CE7	Nucleolus
Q8N3U4	91857CE7	Nucleolus
P53621	91857CE7	Nucleolus
Q93077	91857CE7	Nucleolus
Q13823	91857CE7	Nucleolus
P32969	91857CE7	Nucleolus
Q8NEF9	91857CE7	Nucleolus
Q5EE01	91857CE7	Nucleolus
Q14146	91857CE7	Nucleolus
Q63HN8	91857CE7	Nucleolus
Q03164	91857CE7	Nucleolus
Q9Y3Y2	91857CE7	Nucleolus
Q9Y5J7	91857CE7	Nucleolus
Q9NRN9	91857CE7	Nucleolus
Q14978	91857CE7	Nucleolus
Q66PJ3	91857CE7	Nucleolus
P78563	91857CE7	Nucleolus
O00505	91857CE7	Nucleolus
Q9P1U0	91857CE7	Nucleolus
O00629	91857CE7	Nucleolus
P57721	91857CE7	Nucleolus
O96019	91857CE7	Nucleolus
Q8TB73	91857CE7	Nucleolus
Q14103	91857CE7	Nucleolus
Q9Y3U8	91857CE7	Nucleolus
P62701	91857CE7	Nucleolus
P13645	91857CE7	Nucleolus
Q14320	91857CE7	Nucleolus
Q14008	91857CE7	Nucleolus
Q969M1	91857CE7	Nucleolus
O43395	91857CE7	Nucleolus
Q16666	91857CE7	Nucleolus
P00558	91857CE7	Nucleolus
Q96B26	91857CE7	Nucleolus
P21359	91857CE7	Nucleolus
P21912	91857CE7	Nucleolus
P14635	91857CE7	Nucleolus
Q9BVJ6	91857CE7	Nucleolus
Q9Y2K7	91857CE7	Nucleolus
Q9Y3B2	91857CE7	Nucleolus
O96005	91857CE7	Nucleolus
P38159	91857CE7	Nucleolus
O43709	91857CE7	Nucleolus
P61353	91857CE7	Nucleolus
Q96EZ8	91857CE7	Nucleolus
Q04695	91857CE7	Nucleolus
Q03701	91857CE7	Nucleolus
O43809	91857CE7	Nucleolus
Q99963	91857CE7	Nucleolus
Q8NEJ9	91857CE7	Nucleolus
P54577	91857CE7	Nucleolus
Q8N3Z6	91857CE7	Nucleolus
Q6ZUT1	91857CE7	Nucleolus
Q96TA2	91857CE7	Nucleolus
O75691	91857CE7	Nucleolus
P54652	91857CE7	Nucleolus
P23396	91857CE7	Nucleolus
Q92841	91857CE7	Nucleolus
P05387	91857CE7	Nucleolus
Q7L7L0	91857CE7	Nucleolus
P51531	91857CE7	Nucleolus
Q8WXF1	91857CE7	Nucleolus
Q9H1J1	91857CE7	Nucleolus
P60891	91857CE7	Nucleolus
A0FGR8	91857CE7	Nucleolus
Q9BVP2	91857CE7	Nucleolus
Q13151	91857CE7	Nucleolus
Q969P6	91857CE7	Nucleolus
Q13573	91857CE7	Nucleolus
Q9Y6B6	91857CE7	Nucleolus
O75151	91857CE7	Nucleolus
Q9H4I0	91857CE7	Nucleolus
O14746	91857CE7	Nucleolus
Q92747	91857CE7	Nucleolus
Q9H633	91857CE7	Nucleolus
Q92598	91857CE7	Nucleolus
P56192	91857CE7	Nucleolus
Q8WV22	91857CE7	Nucleolus
Q15029	91857CE7	Nucleolus
Q6UB28	91857CE7	Nucleolus
Q92547	91857CE7	Nucleolus
Q9UIG0	91857CE7	Nucleolus
P11388	91857CE7	Nucleolus
P82914	91857CE7	Nucleolus
Q92979	91857CE7	Nucleolus
A4D1E9	91857CE7	Nucleolus
Q9UHP7	91857CE7	Nucleolus
Q9NVN8	91857CE7	Nucleolus
Q8IY57	91857CE7	Nucleolus
O00746	91857CE7	Nucleolus
Q9UDY4	91857CE7	Nucleolus
P51649	91857CE7	Nucleolus
Q07020	91857CE7	Nucleolus
P51659	91857CE7	Nucleolus
Q8NB16	91857CE7	Nucleolus
Q96RP9	91857CE7	Nucleolus
P63279	91857CE7	Nucleolus
P68104	91857CE7	Nucleolus
Q9P016	91857CE7	Nucleolus
Q9H0D6	91857CE7	Nucleolus
P30405	91857CE7	Nucleolus
P08729	91857CE7	Nucleolus
Q9H0C2	91857CE7	Nucleolus
P83916	91857CE7	Nucleolus
Q9BZZ5	91857CE7	Nucleolus
P43897	91857CE7	Nucleolus
Q96PU4	91857CE7	Nucleolus
P39748	91857CE7	Nucleolus
Q9H0U4	91857CE7	Nucleolus
A6NHR9	91857CE7	Nucleolus
Q92804	91857CE7	Nucleolus
Q96G21	91857CE7	Nucleolus
O00217	91857CE7	Nucleolus
Q8NBQ7	91857CE7	Nucleolus
Q9P2D1	91857CE7	Nucleolus
Q8N567	91857CE7	Nucleolus
O15550	91857CE7	Nucleolus
O15381	91857CE7	Nucleolus
Q9H9Y2	91857CE7	Nucleolus
Q2NL82	91857CE7	Nucleolus
Q9BZI7	91857CE7	Nucleolus
P48730	91857CE7	Nucleolus
O75396	91857CE7	Nucleolus
Q9NT12	91857CE7	Nucleolus
P09234	91857CE7	Nucleolus
Q5S007	91857CE7	Nucleolus
Q8WZ33	91857CE7	Nucleolus
O60287	91857CE7	Nucleolus
P40222	91857CE7	Nucleolus
Q02539	91857CE7	Nucleolus
P09327	91857CE7	Nucleolus
P12235	91857CE7	Nucleolus
Q9H869	91857CE7	Nucleolus
P19338	91857CE7	Nucleolus
P06396	91857CE7	Nucleolus
Q53HL2	91857CE7	Nucleolus
Q8NG50	91857CE7	Nucleolus
Q96QA6	91857CE7	Nucleolus
Q96NY9	91857CE7	Nucleolus
P09972	91857CE7	Nucleolus
P05141	91857CE7	Nucleolus
Q9UBU8	91857CE7	Nucleolus
P34932	91857CE7	Nucleolus
Q9P275	91857CE7	Nucleolus
Q9H501	91857CE7	Nucleolus
Q14684	91857CE7	Nucleolus
Q9NQT5	91857CE7	Nucleolus
Q9NY65	91857CE7	Nucleolus
P46777	91857CE7	Nucleolus
P62861	91857CE7	Nucleolus
Q92759	91857CE7	Nucleolus
P0DPH8	91857CE7	Nucleolus
P49715	91857CE7	Nucleolus
Q15937	91857CE7	Nucleolus
O95833	91857CE7	Nucleolus
Q6P1J9	91857CE7	Nucleolus
Q05639	91857CE7	Nucleolus
Q86WX3	91857CE7	Nucleolus
Q92995	91857CE7	Nucleolus
P27695	91857CE7	Nucleolus
Q16836	91857CE7	Nucleolus
Q9Y606	91857CE7	Nucleolus
Q9NXZ2	91857CE7	Nucleolus
P41091	91857CE7	Nucleolus
O60832	91857CE7	Nucleolus
O60218	91857CE7	Nucleolus
P49720	91857CE7	Nucleolus
O15144	91857CE7	Nucleolus
P56180	91857CE7	Nucleolus
Q6ZN17	91857CE7	Nucleolus
O75683	91857CE7	Nucleolus
O60841	91857CE7	Nucleolus
O75150	91857CE7	Nucleolus
Q99878	91857CE7	Nucleolus
Q15366	91857CE7	Nucleolus
Q5SY16	91857CE7	Nucleolus
P07199	91857CE7	Nucleolus
P16401	91857CE7	Nucleolus
Q9NVI1	91857CE7	Nucleolus
Q6BCY4	91857CE7	Nucleolus
Q01081	91857CE7	Nucleolus
Q96GM5	91857CE7	Nucleolus
P13929	91857CE7	Nucleolus
Q02880	91857CE7	Nucleolus
Q9Y314	91857CE7	Nucleolus
P31327	91857CE7	Nucleolus
O14802	91857CE7	Nucleolus
Q9H2Y7	91857CE7	Nucleolus
Q8WXE1	91857CE7	Nucleolus
P52815	91857CE7	Nucleolus
Q9BY77	91857CE7	Nucleolus
Q86VP6	91857CE7	Nucleolus
Q16533	91857CE7	Nucleolus
O14980	91857CE7	Nucleolus
P36873	91857CE7	Nucleolus
O15055	91857CE7	Nucleolus
Q5XG87	91857CE7	Nucleolus
Q9BZE4	91857CE7	Nucleolus
Q16790	91857CE7	Nucleolus
O76094	91857CE7	Nucleolus
O00743	91857CE7	Nucleolus
P62851	91857CE7	Nucleolus
Q02750	91857CE7	Nucleolus
Q9Y3S2	91857CE7	Nucleolus
Q9NRX1	91857CE7	Nucleolus
Q00266	91857CE7	Nucleolus
Q9NV31	91857CE7	Nucleolus
P14868	91857CE7	Nucleolus
P35269	91857CE7	Nucleolus
Q6P2E9	91857CE7	Nucleolus
Q8NHR9	91857CE7	Nucleolus
Q9H898	91857CE7	Nucleolus
Q14683	91857CE7	Nucleolus
Q8IUE6	91857CE7	Nucleolus
Q5VWX1	91857CE7	Nucleolus
P55145	91857CE7	Nucleolus
Q9UJV9	91857CE7	Nucleolus
Q9UHC1	91857CE7	Nucleolus
Q7RTV2	91857CE7	Nucleolus
Q8IZU1	91857CE7	Nucleolus
Q13547	91857CE7	Nucleolus
P52292	91857CE7	Nucleolus
P45974	91857CE7	Nucleolus
Q9HAV7	91857CE7	Nucleolus
Q05952	91857CE7	Nucleolus
P61978	91857CE7	Nucleolus
O95602	91857CE7	Nucleolus
Q13503	91857CE7	Nucleolus
P62318	91857CE7	Nucleolus
Q96C57	91857CE7	Nucleolus
Q99879	91857CE7	Nucleolus
Q5T5X7	91857CE7	Nucleolus
P62753	91857CE7	Nucleolus
Q5H9S7	91857CE7	Nucleolus
Q9NR30	91857CE7	Nucleolus
P22607	91857CE7	Nucleolus
P23246	91857CE7	Nucleolus
P25398	91857CE7	Nucleolus
Q9UI10	91857CE7	Nucleolus
O15213	91857CE7	Nucleolus
O00299	91857CE7	Nucleolus
P10721	91857CE7	Nucleolus
P63165	91857CE7	Nucleolus
Q96GC6	91857CE7	Nucleolus
Q9BRX2	91857CE7	Nucleolus
P46781	91857CE7	Nucleolus
P45880	91857CE7	Nucleolus
P42696	91857CE7	Nucleolus
P26368	91857CE7	Nucleolus
P46779	91857CE7	Nucleolus
P60228	91857CE7	Nucleolus
Q96PM9	91857CE7	Nucleolus
Q9BRJ7	91857CE7	Nucleolus
Q9BRU9	91857CE7	Nucleolus
P54819	91857CE7	Nucleolus
Q8N684	91857CE7	Nucleolus
P29401	91857CE7	Nucleolus
O75366	91857CE7	Nucleolus
Q9BUL9	91857CE7	Nucleolus
P41250	91857CE7	Nucleolus
Q9BRT6	91857CE7	Nucleolus
O15226	91857CE7	Nucleolus
Q9NRH3	91857CE7	Nucleolus
P17066	91857CE7	Nucleolus
Q9BQ04	91857CE7	Nucleolus
Q9UL42	91857CE7	Nucleolus
O60518	91857CE7	Nucleolus
O15347	91857CE7	Nucleolus
P26373	91857CE7	Nucleolus
P62910	91857CE7	Nucleolus
Q5UIP0	91857CE7	Nucleolus
P35251	91857CE7	Nucleolus
P22626	91857CE7	Nucleolus
Q6P587	91857CE7	Nucleolus
Q9H583	91857CE7	Nucleolus
Q3B726	91857CE7	Nucleolus
Q9HAU8	91857CE7	Nucleolus
P19525	91857CE7	Nucleolus
P62258	91857CE7	Nucleolus
Q5VU65	91857CE7	Nucleolus
P49916	91857CE7	Nucleolus
P35250	91857CE7	Nucleolus
Q9UJ98	91857CE7	Nucleolus
P13804	91857CE7	Nucleolus
P98179	91857CE7	Nucleolus
O15145	91857CE7	Nucleolus
P68366	91857CE7	Nucleolus
Q6JQN1	91857CE7	Nucleolus
Q9NR31	91857CE7	Nucleolus
Q9NZM5	91857CE7	Nucleolus
O00410	91857CE7	Nucleolus
Q8NE22	91857CE7	Nucleolus
O95478	91857CE7	Nucleolus
P35232	91857CE7	Nucleolus
O75390	91857CE7	Nucleolus
P02545	91857CE7	Nucleolus
Q14697	91857CE7	Nucleolus
P18124	91857CE7	Nucleolus
Q9BQS7	91857CE7	Nucleolus
Q15269	91857CE7	Nucleolus
P23284	91857CE7	Nucleolus
Q9Y3A2	91857CE7	Nucleolus
Q96LW9	91857CE7	Nucleolus
Q9P258	91857CE7	Nucleolus
Q7Z2E3	91857CE7	Nucleolus
P35080	91857CE7	Nucleolus
Q16629	91857CE7	Nucleolus
P30613	91857CE7	Nucleolus
P62304	91857CE7	Nucleolus
Q9Y3T9	91857CE7	Nucleolus
O00566	91857CE7	Nucleolus
P29375	91857CE7	Nucleolus
P32780	91857CE7	Nucleolus
P09104	91857CE7	Nucleolus
P21802	91857CE7	Nucleolus
Q9BQ75	91857CE7	Nucleolus
P63010	91857CE7	Nucleolus
P62316	91857CE7	Nucleolus
O60870	91857CE7	Nucleolus
Q9GZS1	91857CE7	Nucleolus
A0A3B3ITZ1	91857CE7	Nucleolus
P51553	91857CE7	Nucleolus
Q15652	91857CE7	Nucleolus
P26640	91857CE7	Nucleolus
P61236	91857CE7	Nucleolus
P16402	91857CE7	Nucleolus
Q9NRX2	91857CE7	Nucleolus
P47914	91857CE7	Nucleolus
P08621	91857CE7	Nucleolus
Q8NDD1	91857CE7	Nucleolus
O60828	91857CE7	Nucleolus
O75934	91857CE7	Nucleolus
P07333	91857CE7	Nucleolus
Q14692	91857CE7	Nucleolus
Q9Y5S9	91857CE7	Nucleolus
Q9Y4W6	91857CE7	Nucleolus
A1L3X0	91857CE7	Nucleolus
P51857	91857CE7	Nucleolus
Q8NCQ7	91857CE7	Nucleolus
P04350	91857CE7	Nucleolus
Q13428	91857CE7	Nucleolus
Q9BY44	91857CE7	Nucleolus
Q86TM3	91857CE7	Nucleolus
P42677	91857CE7	Nucleolus
P08238	91857CE7	Nucleolus
Q13232	91857CE7	Nucleolus
P15121	91857CE7	Nucleolus
P36776	91857CE7	Nucleolus
Q13206	91857CE7	Nucleolus
P07205	91857CE7	Nucleolus
Q9NVY6	91857CE7	Nucleolus
P62995	91857CE7	Nucleolus
P43304	91857CE7	Nucleolus
Q9Y657	91857CE7	Nucleolus
P49721	91857CE7	Nucleolus
Q9Y2Z0	91857CE7	Nucleolus
P52272	91857CE7	Nucleolus
Q9Y6U3	91857CE7	Nucleolus
Q96EU6	91857CE7	Nucleolus
P62424	91857CE7	Nucleolus
P04844	91857CE7	Nucleolus
P00746	91857CE7	Nucleolus
P60673	91857CE7	Nucleolus
P26639	91857CE7	Nucleolus
P40227	91857CE7	Nucleolus
Q12905	91857CE7	Nucleolus
P61254	91857CE7	Nucleolus
Q96SB8	91857CE7	Nucleolus
Q12788	91857CE7	Nucleolus
P52597	91857CE7	Nucleolus
P53618	91857CE7	Nucleolus
P05455	91857CE7	Nucleolus
Q16740	91857CE7	Nucleolus
Q96QV6	91857CE7	Nucleolus
Q96FQ6	91857CE7	Nucleolus
Q9Y2R4	91857CE7	Nucleolus
Q9BWC9	91857CE7	Nucleolus
P09661	91857CE7	Nucleolus
Q16181	91857CE7	Nucleolus
P31942	91857CE7	Nucleolus
O75817	91857CE7	Nucleolus
Q15046	91857CE7	Nucleolus
O94805	91857CE7	Nucleolus
P84103	91857CE7	Nucleolus
Q9UQE7	91857CE7	Nucleolus
Q96LT7	91857CE7	Nucleolus
P31153	91857CE7	Nucleolus
Q9NWT1	91857CE7	Nucleolus
Q96T88	91857CE7	Nucleolus
O15247	91857CE7	Nucleolus
Q8IV48	91857CE7	Nucleolus
P62826	91857CE7	Nucleolus
Q9NXV6	91857CE7	Nucleolus
Q99547	91857CE7	Nucleolus
Q96CW9	91857CE7	Nucleolus
Q86U38	91857CE7	Nucleolus
Q14562	91857CE7	Nucleolus
Q9NVH1	91857CE7	Nucleolus
Q9BQ39	91857CE7	Nucleolus
Q13148	91857CE7	Nucleolus
P46783	91857CE7	Nucleolus
Q8TBZ6	91857CE7	Nucleolus
O75489	91857CE7	Nucleolus
P61923	91857CE7	Nucleolus
Q8WUD1	91857CE7	Nucleolus
P20700	91857CE7	Nucleolus
O75937	91857CE7	Nucleolus
Q96LB4	91857CE7	Nucleolus
P63208	91857CE7	Nucleolus
Q9Y3C1	91857CE7	Nucleolus
P35659	91857CE7	Nucleolus
P60468	91857CE7	Nucleolus
Q9Y333	91857CE7	Nucleolus
P36542	91857CE7	Nucleolus
Q9BV73	91857CE7	Nucleolus
P50454	91857CE7	Nucleolus
P46063	91857CE7	Nucleolus
Q9BQG0	91857CE7	Nucleolus
Q9NRW1	91857CE7	Nucleolus
P35249	91857CE7	Nucleolus
Q96BM9	91857CE7	Nucleolus
Q9HAF1	91857CE7	Nucleolus
P00352	91857CE7	Nucleolus
Q6RFH5	91857CE7	Nucleolus
Q9C5G5	4299E36E	Nucleolus
Q94BV7	4299E36E	Nucleolus
Q9FLX7	4299E36E	Nucleolus
P25819	4299E36E	Nucleolus
P52901	4299E36E	Nucleolus
Q9M060	4299E36E	Nucleolus
Q944A2	4299E36E	Nucleolus
Q8W4E2	4299E36E	Nucleolus
Q9FJD4	4299E36E	Nucleolus
Q8L637	4299E36E	Nucleolus
Q42418	4299E36E	Nucleolus
Q96255	4299E36E	Nucleolus
Q94AW9	4299E36E	Nucleolus
Q94A28	4299E36E	Nucleolus
Q39250	4299E36E	Nucleolus
Q9SAF6	4299E36E	Nucleolus
O82660	4299E36E	Nucleolus
F4I983	4299E36E	Nucleolus
P42761	4299E36E	Nucleolus
F4IMB5	4299E36E	Nucleolus
O82662	4299E36E	Nucleolus
A8MS85	4299E36E	Nucleolus
Q94F88	4299E36E	Nucleolus
P57691	4299E36E	Nucleolus
Q9SI72	4299E36E	Nucleolus
Q9SIU2	4299E36E	Nucleolus
Q42029	4299E36E	Nucleolus
Q9LF30	4299E36E	Nucleolus
Q9FME5	4299E36E	Nucleolus
Q8VZ95	4299E36E	Nucleolus
P27521	4299E36E	Nucleolus
P42699	4299E36E	Nucleolus
Q940V1	4299E36E	Nucleolus
Q9CAF6	4299E36E	Nucleolus
Q9ZWT2	4299E36E	Nucleolus
Q9S775	4299E36E	Nucleolus
Q94AW8	4299E36E	Nucleolus
O04294	4299E36E	Nucleolus
F4K6Z5	4299E36E	Nucleolus
F4HXZ1	4299E36E	Nucleolus
Q9LR75	4299E36E	Nucleolus
Q6NLH7	4299E36E	Nucleolus
Q9SK74	4299E36E	Nucleolus
Q8H0S9	4299E36E	Nucleolus
Q93VG5	4299E36E	Nucleolus
Q94A40	4299E36E	Nucleolus
Q84TF0	4299E36E	Nucleolus
Q8L7W3	4299E36E	Nucleolus
Q9ASZ9	4299E36E	Nucleolus
F4IVY6	4299E36E	Nucleolus
Q43386	4299E36E	Nucleolus
P48641	4299E36E	Nucleolus
F4IE66	4299E36E	Nucleolus
O81062	4299E36E	Nucleolus
Q8H1Y0	4299E36E	Nucleolus
O48661	4299E36E	Nucleolus
Q9M8Z5	4299E36E	Nucleolus
Q94JS0	4299E36E	Nucleolus
Q9SYZ4	4299E36E	Nucleolus
P92976	4299E36E	Nucleolus
Q42344	4299E36E	Nucleolus
Q9LIS2	4299E36E	Nucleolus
Q9FKI4	4299E36E	Nucleolus
P27323	4299E36E	Nucleolus
Q9M7Q7	4299E36E	Nucleolus
Q9ZP06	4299E36E	Nucleolus
O64885	4299E36E	Nucleolus
Q9M277	4299E36E	Nucleolus
Q9FME2	4299E36E	Nucleolus
Q9SP02	4299E36E	Nucleolus
P59231	4299E36E	Nucleolus
Q0WT31	4299E36E	Nucleolus
C0Z361	4299E36E	Nucleolus
Q9LFX8	4299E36E	Nucleolus
Q8LPF1	4299E36E	Nucleolus
Q39189	4299E36E	Nucleolus
Q94JQ7	4299E36E	Nucleolus
P46309	4299E36E	Nucleolus
Q42522	4299E36E	Nucleolus
Q9ASR0	4299E36E	Nucleolus
Q9FL54	4299E36E	Nucleolus
Q8VZ19	4299E36E	Nucleolus
O49289	4299E36E	Nucleolus
A0JQ00	4299E36E	Nucleolus
Q9FJL0	4299E36E	Nucleolus
Q42406	4299E36E	Nucleolus
Q9SF35	4299E36E	Nucleolus
P59223	4299E36E	Nucleolus
P51422	4299E36E	Nucleolus
Q8H103	4299E36E	Nucleolus
Q9C658	4299E36E	Nucleolus
Q8LFJ6	4299E36E	Nucleolus
A0A1I9LSC0	4299E36E	Nucleolus
F4KHY7	4299E36E	Nucleolus
Q9SCN8	4299E36E	Nucleolus
A4GSN8	4299E36E	Nucleolus
O22922	4299E36E	Nucleolus
Q9C8J1	4299E36E	Nucleolus
P56771	4299E36E	Nucleolus
Q9MAB3	4299E36E	Nucleolus
Q9FMD5	4299E36E	Nucleolus
Q76E23	4299E36E	Nucleolus
P53492	4299E36E	Nucleolus
Q93W22	4299E36E	Nucleolus
O04616	4299E36E	Nucleolus
Q9C9C5	4299E36E	Nucleolus
Q9BWD4	91857CE7	Nucleolus
Q00218	4299E36E	Nucleolus
P14550	91857CE7	Nucleolus
Q9UNX3	91857CE7	Nucleolus
Q9BX68	91857CE7	Nucleolus
Q04828	91857CE7	Nucleolus
Q92621	91857CE7	Nucleolus
O43143	91857CE7	Nucleolus
P26447	91857CE7	Nucleolus
Q14011	91857CE7	Nucleolus
Q13885	91857CE7	Nucleolus
I3L0A0	91857CE7	Nucleolus
Q92540	91857CE7	Nucleolus
P09012	91857CE7	Nucleolus
Q9H0A0	91857CE7	Nucleolus
P29084	91857CE7	Nucleolus
O75319	91857CE7	Nucleolus
Q9NY61	91857CE7	Nucleolus
P09429	91857CE7	Nucleolus
P06576	91857CE7	Nucleolus
O00264	91857CE7	Nucleolus
Q84W12	4299E36E	Nucleolus
Q9UHQ9	91857CE7	Nucleolus
Q9LP53	4299E36E	Nucleolus
Q07666	91857CE7	Nucleolus
Q9LK29	4299E36E	Nucleolus
O65655	4299E36E	Nucleolus
F4JI44	4299E36E	Nucleolus
Q9SF53	4299E36E	Nucleolus
Q8L748	4299E36E	Nucleolus
A8MRK9	4299E36E	Nucleolus
F4J9G6	4299E36E	Nucleolus
O23177	4299E36E	Nucleolus
Q8LCC7	4299E36E	Nucleolus
Q9M9V4	4299E36E	Nucleolus
Q9LF46	4299E36E	Nucleolus
Q9C923	4299E36E	Nucleolus
Q9LF02	4299E36E	Nucleolus
Q9FNE4	4299E36E	Nucleolus
Q9SJM9	4299E36E	Nucleolus
Q9FHQ6	4299E36E	Nucleolus
Q9SIC8	4299E36E	Nucleolus
Q42403	4299E36E	Nucleolus
Q9SSM4	4299E36E	Nucleolus
Q39102	4299E36E	Nucleolus
P51430	4299E36E	Nucleolus
Q9MAK9	4299E36E	Nucleolus
F4K128	4299E36E	Nucleolus
Q9LTZ0	4299E36E	Nucleolus
Q9FGI6	4299E36E	Nucleolus
F4IHU8	4299E36E	Nucleolus
Q9SFU7	4299E36E	Nucleolus
Q42572	4299E36E	Nucleolus
Q9SD78	4299E36E	Nucleolus
Q949X7	4299E36E	Nucleolus
Q9FMD9	4299E36E	Nucleolus
Q9SBA5	4299E36E	Nucleolus
Q0WNJ6	4299E36E	Nucleolus
Q9FEF8	4299E36E	Nucleolus
Q9SH59	4299E36E	Nucleolus
Q9ZPI6	4299E36E	Nucleolus
F4HZI8	4299E36E	Nucleolus
Q9LT25	4299E36E	Nucleolus
Q9LH85	4299E36E	Nucleolus
Q8LAM2	4299E36E	Nucleolus
P11139	4299E36E	Nucleolus
Q9LVA0	4299E36E	Nucleolus
O82326	4299E36E	Nucleolus
Q9M2Z4	4299E36E	Nucleolus
Q8RWJ7	4299E36E	Nucleolus
Q9LTU6	4299E36E	Nucleolus
P43299	4299E36E	Nucleolus
Q9CAF4	4299E36E	Nucleolus
Q8L7W0	4299E36E	Nucleolus
Q56YN8	4299E36E	Nucleolus
Q9SJ12	4299E36E	Nucleolus
P25702	4299E36E	Nucleolus
P21240	4299E36E	Nucleolus
O82221	4299E36E	Nucleolus
Q683D4	4299E36E	Nucleolus
Q8GUM2	4299E36E	Nucleolus
Q9C5V6	4299E36E	Nucleolus
O82299	4299E36E	Nucleolus
O82291	4299E36E	Nucleolus
B3H6J5	4299E36E	Nucleolus
Q9SRU2	4299E36E	Nucleolus
P47999	4299E36E	Nucleolus
P49209	4299E36E	Nucleolus
P41377	4299E36E	Nucleolus
Q8RVQ9	4299E36E	Nucleolus
F4J0P2	4299E36E	Nucleolus
O82663	4299E36E	Nucleolus
Q9SIV9	4299E36E	Nucleolus
P29511	4299E36E	Nucleolus
Q9FHT4	4299E36E	Nucleolus
Q9CAX6	4299E36E	Nucleolus
Q9SZN1	4299E36E	Nucleolus
Q9LZR5	4299E36E	Nucleolus
Q9FE78	4299E36E	Nucleolus
Q9LIG6	4299E36E	Nucleolus
Q9LVI9	4299E36E	Nucleolus
Q94F49	4299E36E	Nucleolus
Q6NL24	4299E36E	Nucleolus
Q6NM52	4299E36E	Nucleolus
O65581	4299E36E	Nucleolus
O49506	4299E36E	Nucleolus
Q9CAI5	4299E36E	Nucleolus
Q9LXC9	4299E36E	Nucleolus
Q8GUP3	4299E36E	Nucleolus
Q9M7X7	4299E36E	Nucleolus
Q9LV33	4299E36E	Nucleolus
O23515	4299E36E	Nucleolus
P30181	4299E36E	Nucleolus
F4JU03	4299E36E	Nucleolus
O82487	4299E36E	Nucleolus
Q9XIB5	4299E36E	Nucleolus
Q9M292	4299E36E	Nucleolus
F4IRF5	4299E36E	Nucleolus
Q9FZ43	4299E36E	Nucleolus
Q9SB42	4299E36E	Nucleolus
Q43291	4299E36E	Nucleolus
Q8LCW9	4299E36E	Nucleolus
Q8RXN6	4299E36E	Nucleolus
F4HQA1	4299E36E	Nucleolus
Q9SS17	4299E36E	Nucleolus
Q9SYG2	4299E36E	Nucleolus
O23016	4299E36E	Nucleolus
Q9LV48	4299E36E	Nucleolus
Q8L7C9	4299E36E	Nucleolus
Q9SVD1	4299E36E	Nucleolus
A0A1P8B4E4	4299E36E	Nucleolus
Q94BV4	4299E36E	Nucleolus
Q39211	4299E36E	Nucleolus
O82357	4299E36E	Nucleolus
Q9FHC2	4299E36E	Nucleolus
Q9M0V4	4299E36E	Nucleolus
Q9FGE4	4299E36E	Nucleolus
Q9FR44	4299E36E	Nucleolus
F4J8D3	4299E36E	Nucleolus
Q9LZ08	4299E36E	Nucleolus
F4JY76	4299E36E	Nucleolus
O49429	4299E36E	Nucleolus
Q9FWR4	4299E36E	Nucleolus
O04499	4299E36E	Nucleolus
F4IRI1	4299E36E	Nucleolus
Q9XF89	4299E36E	Nucleolus
Q9FQ02	4299E36E	Nucleolus
P42825	4299E36E	Nucleolus
P49967	4299E36E	Nucleolus
F4I1T7	4299E36E	Nucleolus
Q8W234	4299E36E	Nucleolus
F4IP55	4299E36E	Nucleolus
Q8LD46	4299E36E	Nucleolus
Q9C891	4299E36E	Nucleolus
O65423	4299E36E	Nucleolus
Q9C811	4299E36E	Nucleolus
Q9FMU5	4299E36E	Nucleolus
Q3ECP0	4299E36E	Nucleolus
Q9SVG4	4299E36E	Nucleolus
Q9SE83	4299E36E	Nucleolus
O81047	4299E36E	Nucleolus
P11829	4299E36E	Nucleolus
Q9ZPZ4	4299E36E	Nucleolus
Q9SZB3	4299E36E	Nucleolus
Q9SVD7	4299E36E	Nucleolus
Q9SGZ5	4299E36E	Nucleolus
Q9C5M0	4299E36E	Nucleolus
Q9ZVC3	4299E36E	Nucleolus
Q9S834	4299E36E	Nucleolus
Q9SL48	4299E36E	Nucleolus
Q8W493	4299E36E	Nucleolus
Q9C5C2	4299E36E	Nucleolus
Q9LTX1	4299E36E	Nucleolus
Q9SZD6	4299E36E	Nucleolus
Q9FFD8	4299E36E	Nucleolus
Q9SHE7	4299E36E	Nucleolus
Q93VR3	4299E36E	Nucleolus
Q9M5K3	4299E36E	Nucleolus
F4K455	4299E36E	Nucleolus
Q9ZUC1	4299E36E	Nucleolus
Q1PEP5	4299E36E	Nucleolus
Q9LFE4	4299E36E	Nucleolus
P36428	4299E36E	Nucleolus
Q9SJA6	4299E36E	Nucleolus
Q9FWA4	4299E36E	Nucleolus
F4IHS2	4299E36E	Nucleolus
Q9ZWC4	4299E36E	Nucleolus
O81149	4299E36E	Nucleolus
Q8LD39	4299E36E	Nucleolus
Q9ZQH2	4299E36E	Nucleolus
Q9LHA8	4299E36E	Nucleolus
Q7DLR9	4299E36E	Nucleolus
Q9FM71	4299E36E	Nucleolus
P41917	4299E36E	Nucleolus
Q9LRS0	4299E36E	Nucleolus
O22315	4299E36E	Nucleolus
Q9LVI6	4299E36E	Nucleolus
F4IGA5	4299E36E	Nucleolus
Q9S7J7	4299E36E	Nucleolus
Q0WV25	4299E36E	Nucleolus
Q9SRV5	4299E36E	Nucleolus
O64632	4299E36E	Nucleolus
Q9LJH8	4299E36E	Nucleolus
Q9M1R2	4299E36E	Nucleolus
P34788	4299E36E	Nucleolus
F4HY32	4299E36E	Nucleolus
P92964	4299E36E	Nucleolus
Q9SLF3	4299E36E	Nucleolus
Q9SJF1	4299E36E	Nucleolus
P52410	4299E36E	Nucleolus
Q84TG1	4299E36E	Nucleolus
Q9M356	4299E36E	Nucleolus
Q9FGF0	4299E36E	Nucleolus
Q9SDS7	4299E36E	Nucleolus
A4FVN8	4299E36E	Nucleolus
Q9FF91	4299E36E	Nucleolus
Q9SU25	4299E36E	Nucleolus
Q9CAQ8	4299E36E	Nucleolus
P48347	4299E36E	Nucleolus
Q8VYK6	4299E36E	Nucleolus
Q9SXJ7	4299E36E	Nucleolus
Q9ZU48	4299E36E	Nucleolus
Q9LHS5	4299E36E	Nucleolus
Q43866	4299E36E	Nucleolus
Q8W4E1	4299E36E	Nucleolus
Q9LRN8	4299E36E	Nucleolus
Q9S726	4299E36E	Nucleolus
P59226	4299E36E	Nucleolus
Q9FII7	4299E36E	Nucleolus
Q9M885	4299E36E	Nucleolus
Q9ZUU1	4299E36E	Nucleolus
Q9SKT0	4299E36E	Nucleolus
Q39221	4299E36E	Nucleolus
Q9LIP2	4299E36E	Nucleolus
P17745	4299E36E	Nucleolus
Q9LZH9	4299E36E	Nucleolus
F4JIE1	4299E36E	Nucleolus
Q9ZUU4	4299E36E	Nucleolus
Q8H0U8	4299E36E	Nucleolus
Q1H595	4299E36E	Nucleolus
O65396	4299E36E	Nucleolus
Q9XIF2	4299E36E	Nucleolus
Q8VZ23	4299E36E	Nucleolus
Q8RUH0	4299E36E	Nucleolus
Q39097	4299E36E	Nucleolus
A0A1P8BGF0	4299E36E	Nucleolus
Q9SZX9	4299E36E	Nucleolus
Q9FVI6	4299E36E	Nucleolus
Q9LX13	4299E36E	Nucleolus
Q8LFJ5	4299E36E	Nucleolus
Q8GYZ3	4299E36E	Nucleolus
Q9LXZ4	4299E36E	Nucleolus
Q9LS97	4299E36E	Nucleolus
Q43316	4299E36E	Nucleolus
Q8RYC3	4299E36E	Nucleolus
Q9ZPS7	4299E36E	Nucleolus
P55737	4299E36E	Nucleolus
Q9ZPW5	4299E36E	Nucleolus
Q9FNQ1	4299E36E	Nucleolus
F4IW47	4299E36E	Nucleolus
P48001	4299E36E	Nucleolus
B5X503	4299E36E	Nucleolus
O64650	4299E36E	Nucleolus
Q9M2B4	4299E36E	Nucleolus
Q8L860	4299E36E	Nucleolus
Q9LSA3	4299E36E	Nucleolus
Q9LYA9	4299E36E	Nucleolus
Q9ZPV5	4299E36E	Nucleolus
Q9S826	4299E36E	Nucleolus
Q9SKR2	4299E36E	Nucleolus
Q8L8C2	4299E36E	Nucleolus
F4JXC2	4299E36E	Nucleolus
Q9LPD7	4299E36E	Nucleolus
Q8L466	4299E36E	Nucleolus
Q8H107	4299E36E	Nucleolus
Q9SSS9	4299E36E	Nucleolus
F4HPK3	4299E36E	Nucleolus
Q8W1E4	4299E36E	Nucleolus
Q9LIR4	4299E36E	Nucleolus
Q56ZQ3	4299E36E	Nucleolus
Q9T024	4299E36E	Nucleolus
Q9LZ45	4299E36E	Nucleolus
Q9MAR2	4299E36E	Nucleolus
Q9C5R8	4299E36E	Nucleolus
Q9LYG3	4299E36E	Nucleolus
Q9LUT2	4299E36E	Nucleolus
Q9LDZ0	4299E36E	Nucleolus
Q8L7B5	4299E36E	Nucleolus
Q96327	4299E36E	Nucleolus
Q9LSV0	4299E36E	Nucleolus
Q9FF55	4299E36E	Nucleolus
Q8W4R3	4299E36E	Nucleolus
Q9SMM8	4299E36E	Nucleolus
P19171	4299E36E	Nucleolus
P49688	4299E36E	Nucleolus
O82089	4299E36E	Nucleolus
Q9C7I5	4299E36E	Nucleolus
Q8L7F7	4299E36E	Nucleolus
O04487	4299E36E	Nucleolus
Q93VA8	4299E36E	Nucleolus
A0A1P8AP82	4299E36E	Nucleolus
Q9LVT8	4299E36E	Nucleolus
Q0WVH0	4299E36E	Nucleolus
Q05758	4299E36E	Nucleolus
Q9SHA0	4299E36E	Nucleolus
Q9LPD9	4299E36E	Nucleolus
F4IDJ0	4299E36E	Nucleolus
Q0WVF7	4299E36E	Nucleolus
P26569	4299E36E	Nucleolus
Q8RXF8	4299E36E	Nucleolus
Q8LF21	4299E36E	Nucleolus
Q9LNC5	4299E36E	Nucleolus
Q9SR91	4299E36E	Nucleolus
Q9FKK1	4299E36E	Nucleolus
Q9ZSB8	4299E36E	Nucleolus
Q8H0Y1	4299E36E	Nucleolus
P22953	4299E36E	Nucleolus
Q56WH1	4299E36E	Nucleolus
Q94A94	4299E36E	Nucleolus
F4JL11	4299E36E	Nucleolus
Q9LIH5	4299E36E	Nucleolus
Q39172	4299E36E	Nucleolus
Q9SA27	4299E36E	Nucleolus
Q8L6Z4	4299E36E	Nucleolus
P68209	4299E36E	Nucleolus
P21218	4299E36E	Nucleolus
O65449	4299E36E	Nucleolus
Q9STF2	4299E36E	Nucleolus
Q8VZT0	4299E36E	Nucleolus
O22940	4299E36E	Nucleolus
Q9LK72	4299E36E	Nucleolus
Q8L601	4299E36E	Nucleolus
Q8L3X8	4299E36E	Nucleolus
Q9FK25	4299E36E	Nucleolus
Q67YA7	4299E36E	Nucleolus
F4K3A9	4299E36E	Nucleolus
Q9LZT5	4299E36E	Nucleolus
Q8RY29	4299E36E	Nucleolus
Q9FZ48	4299E36E	Nucleolus
F4JZL7	4299E36E	Nucleolus
Q9CA42	4299E36E	Nucleolus
Q9M591	4299E36E	Nucleolus
Q9LMK7	4299E36E	Nucleolus
O22860	4299E36E	Nucleolus
Q9FVT2	4299E36E	Nucleolus
P55228	4299E36E	Nucleolus
Q9SII0	4299E36E	Nucleolus
Q8W593	4299E36E	Nucleolus
Q9LHG9	4299E36E	Nucleolus
P36210	4299E36E	Nucleolus
P40283	4299E36E	Nucleolus
Q9STW1	4299E36E	Nucleolus
Q8W4D8	4299E36E	Nucleolus
Q9SU56	4299E36E	Nucleolus
Q9ZSK3	4299E36E	Nucleolus
Q9FIJ2	4299E36E	Nucleolus
Q8GWW8	4299E36E	Nucleolus
P49200	4299E36E	Nucleolus
O22446	4299E36E	Nucleolus
Q9FMG4	4299E36E	Nucleolus
Q39142	4299E36E	Nucleolus
Q9C9C4	4299E36E	Nucleolus
F4JCC9	4299E36E	Nucleolus
P45434	4299E36E	Nucleolus
Q9SIZ2	4299E36E	Nucleolus
P10795	4299E36E	Nucleolus
Q84WV1	4299E36E	Nucleolus
F4I116	4299E36E	Nucleolus
Q4V3C1	4299E36E	Nucleolus
Q9LZF5	4299E36E	Nucleolus
P05466	4299E36E	Nucleolus
Q9FVP6	4299E36E	Nucleolus
Q944G9	4299E36E	Nucleolus
Q8GYE0	4299E36E	Nucleolus
O22151	4299E36E	Nucleolus
O50008	4299E36E	Nucleolus
Q9LDX1	4299E36E	Nucleolus
Q9SZ83	4299E36E	Nucleolus
Q9SU78	4299E36E	Nucleolus
Q9M034	4299E36E	Nucleolus
Q9M2F9	4299E36E	Nucleolus
Q9SIE3	4299E36E	Nucleolus
Q9FMT4	4299E36E	Nucleolus
Q9FPI0	4299E36E	Nucleolus
Q9MAT5	4299E36E	Nucleolus
Q03250	4299E36E	Nucleolus
Q9M1H3	4299E36E	Nucleolus
Q9C4Z6	4299E36E	Nucleolus
Q11207	4299E36E	Nucleolus
O81416	4299E36E	Nucleolus
Q43127	4299E36E	Nucleolus
Q93Y35	4299E36E	Nucleolus
Q9FZA2	4299E36E	Nucleolus
O65398	4299E36E	Nucleolus
Q9M5K2	4299E36E	Nucleolus
Q39061	4299E36E	Nucleolus
Q9S9K7	4299E36E	Nucleolus
F4JUM1	4299E36E	Nucleolus
O48818	4299E36E	Nucleolus
O04019	4299E36E	Nucleolus
Q9LIL3	4299E36E	Nucleolus
Q8GZ87	4299E36E	Nucleolus
P17562	4299E36E	Nucleolus
F4I448	4299E36E	Nucleolus
Q9LQZ4	4299E36E	Nucleolus
Q9ZVJ5	4299E36E	Nucleolus
Q9LZ03	4299E36E	Nucleolus
Q9SVE5	4299E36E	Nucleolus
Q9MAP3	4299E36E	Nucleolus
Q38931	4299E36E	Nucleolus
Q9M9S3	4299E36E	Nucleolus
Q9SKI2	4299E36E	Nucleolus
Q9ZVH8	4299E36E	Nucleolus
Q9M0D2	4299E36E	Nucleolus
Q9LU97	4299E36E	Nucleolus
Q9SZY1	4299E36E	Nucleolus
Q8VYA5	4299E36E	Nucleolus
Q9SF85	4299E36E	Nucleolus
Q9C8F7	4299E36E	Nucleolus
Q9SY97	4299E36E	Nucleolus
A0A1P8B455	4299E36E	Nucleolus
P23321	4299E36E	Nucleolus
Q8VX13	4299E36E	Nucleolus
Q0WW84	4299E36E	Nucleolus
Q94FN2	4299E36E	Nucleolus
Q9CA67	4299E36E	Nucleolus
Q9LFF6	4299E36E	Nucleolus
Q42560	4299E36E	Nucleolus
Q94JQ4	4299E36E	Nucleolus
Q41963	4299E36E	Nucleolus
Q8RXU5	4299E36E	Nucleolus
Q9STE8	4299E36E	Nucleolus
Q9ASU7	4299E36E	Nucleolus
Q9ZU46	4299E36E	Nucleolus
Q940M2	4299E36E	Nucleolus
P59259	4299E36E	Nucleolus
Q94K07	4299E36E	Nucleolus
Q9LKU3	4299E36E	Nucleolus
Q9XI21	4299E36E	Nucleolus
Q8W4S4	4299E36E	Nucleolus
Q9FT93	4299E36E	Nucleolus
Q8RXN4	4299E36E	Nucleolus
Q29Q34	4299E36E	Nucleolus
Q9S757	4299E36E	Nucleolus
F4KAG0	4299E36E	Nucleolus
P47998	4299E36E	Nucleolus
Q9FXI5	4299E36E	Nucleolus
P55034	4299E36E	Nucleolus
Q93VP3	4299E36E	Nucleolus
Q9FNI7	4299E36E	Nucleolus
Q8VZB1	4299E36E	Nucleolus
O82399	4299E36E	Nucleolus
Q9LJV8	4299E36E	Nucleolus
Q8VZT4	4299E36E	Nucleolus
Q8W465	4299E36E	Nucleolus
F4KBW6	4299E36E	Nucleolus
Q9SKP6	4299E36E	Nucleolus
Q9LD90	4299E36E	Nucleolus
Q8LPK4	4299E36E	Nucleolus
Q9LFA3	4299E36E	Nucleolus
Q9SY07	4299E36E	Nucleolus
Q8W1Y0	4299E36E	Nucleolus
Q8LBI1	4299E36E	Nucleolus
Q9SMU8	4299E36E	Nucleolus
Q8RUI8	4299E36E	Nucleolus
F4I9J7	4299E36E	Nucleolus
P51413	4299E36E	Nucleolus
Q9LNB6	4299E36E	Nucleolus
Q9STS1	4299E36E	Nucleolus
Q8H0X6	4299E36E	Nucleolus
Q09152	4299E36E	Nucleolus
P42760	4299E36E	Nucleolus
O81242	4299E36E	Nucleolus
Q9M5A9	4299E36E	Nucleolus
Q9ZQP2	4299E36E	Nucleolus
Q43349	4299E36E	Nucleolus
Q5XF75	4299E36E	Nucleolus
Q6NQM0	4299E36E	Nucleolus
Q9ZVA4	4299E36E	Nucleolus
Q93XM7	4299E36E	Nucleolus
Q9ZUT9	4299E36E	Nucleolus
P19366	4299E36E	Nucleolus
Q8LAK5	4299E36E	Nucleolus
Q8VYR5	4299E36E	Nucleolus
Q9FMM3	4299E36E	Nucleolus
Q9ZUX4	4299E36E	Nucleolus
Q9SYB5	4299E36E	Nucleolus
A0A1I9LS87	4299E36E	Nucleolus
Q94JX8	4299E36E	Nucleolus
F4KFS5	4299E36E	Nucleolus
O48549	4299E36E	Nucleolus
P31166	4299E36E	Nucleolus
P21238	4299E36E	Nucleolus
Q9SKZ1	4299E36E	Nucleolus
Q9FFR3	4299E36E	Nucleolus
P10796	4299E36E	Nucleolus
Q96533	4299E36E	Nucleolus
Q8LGC6	4299E36E	Nucleolus
Q5XF80	4299E36E	Nucleolus
Q38884	4299E36E	Nucleolus
Q93VR4	4299E36E	Nucleolus
Q93VK1	4299E36E	Nucleolus
Q38936	4299E36E	Nucleolus
F4J6A8	4299E36E	Nucleolus
Q9LTT9	4299E36E	Nucleolus
F4JG03	4299E36E	Nucleolus
Q9SRY6	4299E36E	Nucleolus
Q9SVA6	4299E36E	Nucleolus
O23138	4299E36E	Nucleolus
Q9SKQ0	4299E36E	Nucleolus
Q9LU86	4299E36E	Nucleolus
Q42592	4299E36E	Nucleolus
Q9M7X9	4299E36E	Nucleolus
Q9LIE1	4299E36E	Nucleolus
Q9LV03	4299E36E	Nucleolus
Q9LF79	4299E36E	Nucleolus
Q9ZVT7	4299E36E	Nucleolus
F4I893	4299E36E	Nucleolus
Q9LYC7	4299E36E	Nucleolus
Q9LFE2	4299E36E	Nucleolus
Q9M3B8	4299E36E	Nucleolus
Q93ZI7	4299E36E	Nucleolus
Q8L908	4299E36E	Nucleolus
Q9M0B2	4299E36E	Nucleolus
Q9FX54	4299E36E	Nucleolus
Q9LE59	4299E36E	Nucleolus
F4JCI4	4299E36E	Nucleolus
Q9FNC4	4299E36E	Nucleolus
Q9LII1	4299E36E	Nucleolus
Q0WTS1	4299E36E	Nucleolus
Q940J9	4299E36E	Nucleolus
Q8LD03	4299E36E	Nucleolus
Q94CE5	4299E36E	Nucleolus
P93285	4299E36E	Nucleolus
Q9CAI1	4299E36E	Nucleolus
Q38906	4299E36E	Nucleolus
Q9FM01	4299E36E	Nucleolus
P40941	4299E36E	Nucleolus
Q38950	4299E36E	Nucleolus
Q38858	4299E36E	Nucleolus
Q8LKS5	4299E36E	Nucleolus
Q9C6I6	4299E36E	Nucleolus
A0A1P8AW47	4299E36E	Nucleolus
Q9SZX3	4299E36E	Nucleolus
Q9SVM8	4299E36E	Nucleolus
Q56Y85	4299E36E	Nucleolus
Q9SB89	4299E36E	Nucleolus
Q1G3F7	4299E36E	Nucleolus
Q38799	4299E36E	Nucleolus
Q9LQ55	4299E36E	Nucleolus
Q9SGC1	4299E36E	Nucleolus
Q39141	4299E36E	Nucleolus
Q41969	4299E36E	Nucleolus
F4HPX2	4299E36E	Nucleolus
Q9SR73	4299E36E	Nucleolus
Q9LSE7	4299E36E	Nucleolus
Q94C75	4299E36E	Nucleolus
B3H6Z8	4299E36E	Nucleolus
Q9SJB9	4299E36E	Nucleolus
Q0WLB5	4299E36E	Nucleolus
Q9LX74	4299E36E	Nucleolus
Q94AH9	4299E36E	Nucleolus
P49205	4299E36E	Nucleolus
Q8LAD2	4299E36E	Nucleolus
Q7G191	4299E36E	Nucleolus
Q08682	4299E36E	Nucleolus
Q9ZNU5	4299E36E	Nucleolus
Q9C8J2	4299E36E	Nucleolus
Q9FE58	4299E36E	Nucleolus
F4JRX3	4299E36E	Nucleolus
Q9XH48	4299E36E	Nucleolus
O65251	4299E36E	Nucleolus
P59230	4299E36E	Nucleolus
P51419	4299E36E	Nucleolus
Q9ZST4	4299E36E	Nucleolus
Q9M0V5	4299E36E	Nucleolus
O80653	4299E36E	Nucleolus
O23654	4299E36E	Nucleolus
Q8H1G6	4299E36E	Nucleolus
Q9SIH0	4299E36E	Nucleolus
Q8VY05	4299E36E	Nucleolus
Q9C9C6	4299E36E	Nucleolus
A2RVK7	4299E36E	Nucleolus
O81235	4299E36E	Nucleolus
P49637	4299E36E	Nucleolus
Q9M8M7	4299E36E	Nucleolus
F4IMH3	4299E36E	Nucleolus
Q9SGA6	4299E36E	Nucleolus
Q9ZQG8	4299E36E	Nucleolus
F4KIB2	4299E36E	Nucleolus
Q9C928	4299E36E	Nucleolus
Q8LG11	4299E36E	Nucleolus
P38420	4299E36E	Nucleolus
Q9SYT0	4299E36E	Nucleolus
Q9LYR4	4299E36E	Nucleolus
Q8GY84	4299E36E	Nucleolus
Q9FJW0	4299E36E	Nucleolus
Q42342	4299E36E	Nucleolus
Q9LVF2	4299E36E	Nucleolus
F4K1U5	4299E36E	Nucleolus
Q9LPP3	4299E36E	Nucleolus
Q94AR8	4299E36E	Nucleolus
F4K5T4	4299E36E	Nucleolus
Q8VZG2	4299E36E	Nucleolus
F4HQD4	4299E36E	Nucleolus
Q9ZUB3	4299E36E	Nucleolus
Q9ZV06	4299E36E	Nucleolus
Q05431	4299E36E	Nucleolus
Q96520	4299E36E	Nucleolus
Q94F20	4299E36E	Nucleolus
Q39230	4299E36E	Nucleolus
P23686	4299E36E	Nucleolus
P36397	4299E36E	Nucleolus
F4IDQ6	4299E36E	Nucleolus
Q9XF91	4299E36E	Nucleolus
Q9SIF2	4299E36E	Nucleolus
Q940X9	4299E36E	Nucleolus
Q9M2E0	4299E36E	Nucleolus
P54609	4299E36E	Nucleolus
Q9LR33	4299E36E	Nucleolus
Q9LUG5	4299E36E	Nucleolus
Q9SD76	4299E36E	Nucleolus
Q9FFJ2	4299E36E	Nucleolus
Q93VP9	4299E36E	Nucleolus
Q8H110	4299E36E	Nucleolus
Q39212	4299E36E	Nucleolus
Q9SIU8	4299E36E	Nucleolus
Q8LF48	4299E36E	Nucleolus
P49040	4299E36E	Nucleolus
Q8RXN1	4299E36E	Nucleolus
O23617	4299E36E	Nucleolus
Q93ZV7	4299E36E	Nucleolus
F4IL68	4299E36E	Nucleolus
Q1PF01	4299E36E	Nucleolus
Q93W30	4299E36E	Nucleolus
O23255	4299E36E	Nucleolus
Q9LZF6	4299E36E	Nucleolus
P25851	4299E36E	Nucleolus
Q9T074	4299E36E	Nucleolus
Q9S7Y7	4299E36E	Nucleolus
Q8W5S1	4299E36E	Nucleolus
P60040	4299E36E	Nucleolus
O81146	4299E36E	Nucleolus
O82204	4299E36E	Nucleolus
Q9LMI1	4299E36E	Nucleolus
Q8LF05	4299E36E	Nucleolus
P93028	4299E36E	Nucleolus
Q2HIK4	4299E36E	Nucleolus
Q6NLR2	4299E36E	Nucleolus
P24100	4299E36E	Nucleolus
Q9CAT3	4299E36E	Nucleolus
Q949U7	4299E36E	Nucleolus
Q8GYF7	4299E36E	Nucleolus
Q9M328	4299E36E	Nucleolus
Q8RWV9	4299E36E	Nucleolus
Q84WM9	4299E36E	Nucleolus
Q682T9	4299E36E	Nucleolus
Q8RWV0	4299E36E	Nucleolus
O22715	4299E36E	Nucleolus
O04331	4299E36E	Nucleolus
Q03251	4299E36E	Nucleolus
A8MS32	4299E36E	Nucleolus
Q9SUI6	4299E36E	Nucleolus
Q9LMQ2	4299E36E	Nucleolus
Q9LF33	4299E36E	Nucleolus
Q940I0	4299E36E	Nucleolus
Q96518	4299E36E	Nucleolus
Q9S7C0	4299E36E	Nucleolus
F4J5D3	4299E36E	Nucleolus
Q9LYK7	4299E36E	Nucleolus
P49227	4299E36E	Nucleolus
P14671	4299E36E	Nucleolus
Q93ZG9	4299E36E	Nucleolus
Q93YS7	4299E36E	Nucleolus
Q8GYL5	4299E36E	Nucleolus
Q93Y09	4299E36E	Nucleolus
P25697	4299E36E	Nucleolus
Q9FF75	4299E36E	Nucleolus
Q9LZX1	4299E36E	Nucleolus
Q94AZ4	4299E36E	Nucleolus
Q9S7E6	4299E36E	Nucleolus
P46010	4299E36E	Nucleolus
Q9SYW8	4299E36E	Nucleolus
Q8LEQ0	4299E36E	Nucleolus
Q9LZ65	4299E36E	Nucleolus
Q9FQ03	4299E36E	Nucleolus
P0DKL6	4299E36E	Nucleolus
Q9MAT3	4299E36E	Nucleolus
Q8W034	4299E36E	Nucleolus
Q8LCG7	4299E36E	Nucleolus
Q1JPL7	4299E36E	Nucleolus
Q94BR4	4299E36E	Nucleolus
Q9FN48	4299E36E	Nucleolus
Q3E9C8	4299E36E	Nucleolus
Q93ZE8	4299E36E	Nucleolus
P59169	4299E36E	Nucleolus
P42799	4299E36E	Nucleolus
Q9SRR8	4299E36E	Nucleolus
F4JRR2	4299E36E	Nucleolus
O23710	4299E36E	Nucleolus
Q9FLH0	4299E36E	Nucleolus
Q9FFB3	4299E36E	Nucleolus
Q8L4B2	4299E36E	Nucleolus
Q9S7W4	4299E36E	Nucleolus
O49299	4299E36E	Nucleolus
P18616	4299E36E	Nucleolus
Q9M2S3	4299E36E	Nucleolus
F4I7X1	4299E36E	Nucleolus
Q6ID97	4299E36E	Nucleolus
Q8VY00	4299E36E	Nucleolus
O22899	4299E36E	Nucleolus
Q9C6P8	4299E36E	Nucleolus
Q9S825	4299E36E	Nucleolus
Q9SMW7	4299E36E	Nucleolus
O22126	4299E36E	Nucleolus
Q8S8S8	4299E36E	Nucleolus
Q84M92	4299E36E	Nucleolus
P31167	4299E36E	Nucleolus
Q39238	4299E36E	Nucleolus
Q9SFH9	4299E36E	Nucleolus
Q9SKT7	4299E36E	Nucleolus
Q8LPS1	4299E36E	Nucleolus
Q9STW6	4299E36E	Nucleolus
Q9S9P0	4299E36E	Nucleolus
Q9XI98	4299E36E	Nucleolus
O49485	4299E36E	Nucleolus
O22785	4299E36E	Nucleolus
Q9LV28	4299E36E	Nucleolus
Q42533	4299E36E	Nucleolus
Q9S791	4299E36E	Nucleolus
P26568	4299E36E	Nucleolus
Q9ZU52	4299E36E	Nucleolus
O80452	4299E36E	Nucleolus
Q9M4T3	4299E36E	Nucleolus
Q8LPS9	4299E36E	Nucleolus
Q9SIH1	4299E36E	Nucleolus
Q9ZUP2	4299E36E	Nucleolus
Q9SCX3	4299E36E	Nucleolus
Q9SL42	4299E36E	Nucleolus
Q9XEX2	4299E36E	Nucleolus
Q9FKZ4	4299E36E	Nucleolus
Q9M651	4299E36E	Nucleolus
Q9ZQC5	4299E36E	Nucleolus
F4J982	4299E36E	Nucleolus
Q9LUJ5	4299E36E	Nucleolus
Q944I4	4299E36E	Nucleolus
Q940G5	4299E36E	Nucleolus
Q38900	4299E36E	Nucleolus
Q8LAA0	4299E36E	Nucleolus
Q9C8F1	4299E36E	Nucleolus
Q9FFQ1	4299E36E	Nucleolus
Q9M3B4	4299E36E	Nucleolus
F4I7I0	4299E36E	Nucleolus
Q8VYW6	4299E36E	Nucleolus
Q9SJI8	4299E36E	Nucleolus
Q84WU8	4299E36E	Nucleolus
Q56WH4	4299E36E	Nucleolus
Q9C9I7	4299E36E	Nucleolus
Q8LCE1	4299E36E	Nucleolus
F4J9Q6	4299E36E	Nucleolus
P43297	4299E36E	Nucleolus
Q9LUK6	4299E36E	Nucleolus
Q9SH88	4299E36E	Nucleolus
Q8VZM1	4299E36E	Nucleolus
Q6EVK6	4299E36E	Nucleolus
P20649	4299E36E	Nucleolus
Q9ZW33	4299E36E	Nucleolus
Q9SYP1	4299E36E	Nucleolus
Q9M291	4299E36E	Nucleolus
Q0WPK4	4299E36E	Nucleolus
Q9SHE8	4299E36E	Nucleolus
Q9SMQ6	4299E36E	Nucleolus
F4ILE1	4299E36E	Nucleolus
O49453	4299E36E	Nucleolus
F4ITY5	4299E36E	Nucleolus
P59224	4299E36E	Nucleolus
Q93Z72	4299E36E	Nucleolus
Q42384	4299E36E	Nucleolus
Q9FFI4	4299E36E	Nucleolus
Q9SY09	4299E36E	Nucleolus
Q9MA79	4299E36E	Nucleolus
Q9LT39	4299E36E	Nucleolus
Q9SLN5	4299E36E	Nucleolus
F4JLQ2	4299E36E	Nucleolus
Q42112	4299E36E	Nucleolus
Q8L9R6	4299E36E	Nucleolus
F4IVJ8	4299E36E	Nucleolus
P42737	4299E36E	Nucleolus
Q9SZH4	4299E36E	Nucleolus
Q9M330	4299E36E	Nucleolus
Q9FVW4	4299E36E	Nucleolus
Q9SKI4	4299E36E	Nucleolus
Q9SHC8	4299E36E	Nucleolus
Q9ZPE7	4299E36E	Nucleolus
Q9CAV0	4299E36E	Nucleolus
P33207	4299E36E	Nucleolus
O04658	4299E36E	Nucleolus
O24646	4299E36E	Nucleolus
F4IKG5	4299E36E	Nucleolus
Q9FWA3	4299E36E	Nucleolus
Q39258	4299E36E	Nucleolus
Q9C5X3	4299E36E	Nucleolus
Q9SJK3	4299E36E	Nucleolus
Q9C587	4299E36E	Nucleolus
Q56YA5	4299E36E	Nucleolus
Q93VH5	4299E36E	Nucleolus
Q9SU58	4299E36E	Nucleolus
Q9SX77	4299E36E	Nucleolus
Q6NPR7	4299E36E	Nucleolus
Q9SQY0	4299E36E	Nucleolus
Q9SD72	4299E36E	Nucleolus
Q9LJG3	4299E36E	Nucleolus
P42043	4299E36E	Nucleolus
Q9LF98	4299E36E	Nucleolus
Q8L643	4299E36E	Nucleolus
Q9SJ20	4299E36E	Nucleolus
P58684	4299E36E	Nucleolus
Q9MA75	4299E36E	Nucleolus
Q9SA88	4299E36E	Nucleolus
Q9LJN8	4299E36E	Nucleolus
Q9FFD2	4299E36E	Nucleolus
Q9SZR1	4299E36E	Nucleolus
Q8GWB4	4299E36E	Nucleolus
Q9SF40	4299E36E	Nucleolus
Q8L403	4299E36E	Nucleolus
Q9LW57	4299E36E	Nucleolus
Q4V3D1	4299E36E	Nucleolus
P92985	4299E36E	Nucleolus
P93014	4299E36E	Nucleolus
Q9FMF9	4299E36E	Nucleolus
Q9LNU4	4299E36E	Nucleolus
Q9S9P1	4299E36E	Nucleolus
O81148	4299E36E	Nucleolus
O82762	4299E36E	Nucleolus
Q9FIM9	4299E36E	Nucleolus
F4J5R1	4299E36E	Nucleolus
Q9SRT9	4299E36E	Nucleolus
O22969	4299E36E	Nucleolus
Q9LJG8	4299E36E	Nucleolus
Q9SF16	4299E36E	Nucleolus
Q9SJ62	4299E36E	Nucleolus
Q9SK66	4299E36E	Nucleolus
A2RVS6	4299E36E	Nucleolus
Q9SHL7	4299E36E	Nucleolus
Q93Z53	4299E36E	Nucleolus
Q42202	4299E36E	Nucleolus
Q9ZQ87	4299E36E	Nucleolus
F4KF27	4299E36E	Nucleolus
Q9C5Z3	4299E36E	Nucleolus
Q9ZUC0	4299E36E	Nucleolus
Q9LV66	4299E36E	Nucleolus
Q8RY73	4299E36E	Nucleolus
Q9SUT5	4299E36E	Nucleolus
P37702	4299E36E	Nucleolus
Q9SFB1	4299E36E	Nucleolus
F4JPA3	4299E36E	Nucleolus
Q9LVK6	4299E36E	Nucleolus
F4J5S1	4299E36E	Nucleolus
Q9ZUN8	4299E36E	Nucleolus
Q9ZVS5	4299E36E	Nucleolus
Q9C552	4299E36E	Nucleolus
O23593	4299E36E	Nucleolus
Q9LE82	4299E36E	Nucleolus
Q9SGY2	4299E36E	Nucleolus
F4JHI1	4299E36E	Nucleolus
Q9C865	4299E36E	Nucleolus
P92947	4299E36E	Nucleolus
Q9SZJ5	4299E36E	Nucleolus
Q949M9	4299E36E	Nucleolus
Q9C977	4299E36E	Nucleolus
Q9SU40	4299E36E	Nucleolus
P51418	4299E36E	Nucleolus
Q9LM92	4299E36E	Nucleolus
P50318	4299E36E	Nucleolus
Q42134	4299E36E	Nucleolus
Q96319	4299E36E	Nucleolus
O49553	4299E36E	Nucleolus
Q94AD1	4299E36E	Nucleolus
Q6GKU7	4299E36E	Nucleolus
Q9SS38	4299E36E	Nucleolus
P34791	4299E36E	Nucleolus
Q9LSK7	4299E36E	Nucleolus
Q84VQ3	4299E36E	Nucleolus
Q8VZC0	4299E36E	Nucleolus
Q9SWX9	4299E36E	Nucleolus
Q9LNJ3	4299E36E	Nucleolus
F4JRJ6	4299E36E	Nucleolus
Q9C9X0	4299E36E	Nucleolus
Q9M2Q4	4299E36E	Nucleolus
Q9LTR9	4299E36E	Nucleolus
P32961	4299E36E	Nucleolus
Q9CA59	4299E36E	Nucleolus
Q9LR30	4299E36E	Nucleolus
F4JWS8	4299E36E	Nucleolus
Q94EG6	4299E36E	Nucleolus
Q9FJR0	4299E36E	Nucleolus
F4JVN6	4299E36E	Nucleolus
Q9FLB0	4299E36E	Nucleolus
O49482	4299E36E	Nucleolus
Q9ZVS4	4299E36E	Nucleolus
Q9FE06	4299E36E	Nucleolus
Q8RXL8	4299E36E	Nucleolus
A0A178VY62	4299E36E	Nucleolus
Q9C5M8	4299E36E	Nucleolus
Q9SAR5	4299E36E	Nucleolus
Q9FL33	4299E36E	Nucleolus
P34790	4299E36E	Nucleolus
Q0WV78	4299E36E	Nucleolus
Q8RWT4	4299E36E	Nucleolus
Q9CAI7	4299E36E	Nucleolus
P92948	4299E36E	Nucleolus
B5X582	4299E36E	Nucleolus
Q9FI15	4299E36E	Nucleolus
Q42583	4299E36E	Nucleolus
Q39173	4299E36E	Nucleolus
P57720	4299E36E	Nucleolus
Q9S795	4299E36E	Nucleolus
Q9LK25	4299E36E	Nucleolus
Q42525	4299E36E	Nucleolus
Q9SZI2	4299E36E	Nucleolus
Q8RXK6	4299E36E	Nucleolus
F4I420	4299E36E	Nucleolus
P46645	4299E36E	Nucleolus
Q8VWF1	4299E36E	Nucleolus
Q29Q26	4299E36E	Nucleolus
Q9MA55	4299E36E	Nucleolus
Q9SJ44	4299E36E	Nucleolus
Q949W8	4299E36E	Nucleolus
Q9LXG1	4299E36E	Nucleolus
Q0WM29	4299E36E	Nucleolus
Q9XI36	4299E36E	Nucleolus
Q9M3A8	4299E36E	Nucleolus
Q9T053	4299E36E	Nucleolus
P25856	4299E36E	Nucleolus
A0A1P8AWX3	4299E36E	Nucleolus
Q9SJL4	4299E36E	Nucleolus
Q9SZB7	4299E36E	Nucleolus
O82333	4299E36E	Nucleolus
Q93ZQ9	4299E36E	Nucleolus
Q9SEE9	4299E36E	Nucleolus
Q8GRX2	4299E36E	Nucleolus
A0A1I9LN21	4299E36E	Nucleolus
Q9M888	4299E36E	Nucleolus
O04130	4299E36E	Nucleolus
Q1G3G5	4299E36E	Nucleolus
F4IVL6	4299E36E	Nucleolus
Q96250	4299E36E	Nucleolus
Q9ZVX7	4299E36E	Nucleolus
Q93W95	4299E36E	Nucleolus
Q9LZT4	4299E36E	Nucleolus
Q9CAU9	4299E36E	Nucleolus
O22287	4299E36E	Nucleolus
Q9SJT9	4299E36E	Nucleolus
Q93ZW3	4299E36E	Nucleolus
O23717	4299E36E	Nucleolus
Q9CAM7	4299E36E	Nucleolus
Q66GR6	4299E36E	Nucleolus
Q94AA4	4299E36E	Nucleolus
P93004	4299E36E	Nucleolus
O64642	4299E36E	Nucleolus
Q9SAG7	4299E36E	Nucleolus
Q9SKZ3	4299E36E	Nucleolus
Q4PSL7	4299E36E	Nucleolus
Q42347	4299E36E	Nucleolus
F4HXV6	4299E36E	Nucleolus
F4JTD2	4299E36E	Nucleolus
Q96292	4299E36E	Nucleolus
Q38942	4299E36E	Nucleolus
Q9LKA5	4299E36E	Nucleolus
Q9S7N7	4299E36E	Nucleolus
Q9CAC1	4299E36E	Nucleolus
Q9S841	4299E36E	Nucleolus
Q8W4E6	4299E36E	Nucleolus
Q9SU63	4299E36E	Nucleolus
Q43315	4299E36E	Nucleolus
Q9XI42	4299E36E	Nucleolus
Q93W03	4299E36E	Nucleolus
F4J8K6	4299E36E	Nucleolus
Q38814	4299E36E	Nucleolus
Q9LPV8	4299E36E	Nucleolus
Q94K48	4299E36E	Nucleolus
B9DFZ2	4299E36E	Nucleolus
F4J6X3	4299E36E	Nucleolus
Q93VS8	4299E36E	Nucleolus
P49690	4299E36E	Nucleolus
Q8VZB9	4299E36E	Nucleolus
O23254	4299E36E	Nucleolus
Q94C48	4299E36E	Nucleolus
Q0WRA3	4299E36E	Nucleolus
Q9C554	4299E36E	Nucleolus
Q9M5J8	4299E36E	Nucleolus
P93008	4299E36E	Nucleolus
Q93ZY3	4299E36E	Nucleolus
F4KIH8	4299E36E	Nucleolus
Q9SI75	4299E36E	Nucleolus
Q9ZW85	4299E36E	Nucleolus
Q6ICX4	4299E36E	Nucleolus
P93655	4299E36E	Nucleolus
Q84K79	4299E36E	Nucleolus
O22791	4299E36E	Nucleolus
Q93Y39	4299E36E	Nucleolus
Q9LZ83	4299E36E	Nucleolus
Q9C6E4	4299E36E	Nucleolus
O82346	4299E36E	Nucleolus
Q9C578	4299E36E	Nucleolus
O81126	4299E36E	Nucleolus
Q8VXX4	4299E36E	Nucleolus
Q9ZVJ2	4299E36E	Nucleolus
O64530	4299E36E	Nucleolus
Q9C551	4299E36E	Nucleolus
O82491	4299E36E	Nucleolus
Q8H1F3	4299E36E	Nucleolus
Q8VZJ5	4299E36E	Nucleolus
Q9LUD4	4299E36E	Nucleolus
O23063	4299E36E	Nucleolus
O49006	4299E36E	Nucleolus
Q96266	4299E36E	Nucleolus
Q9FKC0	4299E36E	Nucleolus
O82628	4299E36E	Nucleolus
Q9LEY9	4299E36E	Nucleolus
Q9LZT0	4299E36E	Nucleolus
Q9XFT3	4299E36E	Nucleolus
Q9SFU6	4299E36E	Nucleolus
Q9LV21	4299E36E	Nucleolus
Q8LGG8	4299E36E	Nucleolus
Q42404	4299E36E	Nucleolus
Q9FGX1	4299E36E	Nucleolus
P38666	4299E36E	Nucleolus
Q9ASR1	4299E36E	Nucleolus
Q94JX9	4299E36E	Nucleolus
P22954	4299E36E	Nucleolus
Q9XIJ0	4299E36E	Nucleolus
Q9ZSI6	4299E36E	Nucleolus
Q05153	4299E36E	Nucleolus
Q9FGT8	4299E36E	Nucleolus
A0A178W3G2	4299E36E	Nucleolus
P60039	4299E36E	Nucleolus
O65719	4299E36E	Nucleolus
Q93W34	4299E36E	Nucleolus
Q9ZVL6	4299E36E	Nucleolus
O49596	4299E36E	Nucleolus
Q8VYM4	4299E36E	Nucleolus
Q9SCM3	4299E36E	Nucleolus
Q8L5Y4	4299E36E	Nucleolus
Q9SMX3	4299E36E	Nucleolus
Q7PC86	4299E36E	Nucleolus
P38025	4299E36E	Nucleolus
Q9LT08	4299E36E	Nucleolus
Q8H1Q2	4299E36E	Nucleolus
Q9C801	4299E36E	Nucleolus
O22469	4299E36E	Nucleolus
P17094	4299E36E	Nucleolus
Q8S9M1	4299E36E	Nucleolus
Q8RWS4	4299E36E	Nucleolus
Q8L4Y5	4299E36E	Nucleolus
Q93VH9	4299E36E	Nucleolus
Q8VYB9	4299E36E	Nucleolus
Q9ZP05	4299E36E	Nucleolus
F4HY56	4299E36E	Nucleolus
Q9M8L4	4299E36E	Nucleolus
Q9SR15	4299E36E	Nucleolus
Q9SUU5	4299E36E	Nucleolus
Q9SA14	4299E36E	Nucleolus
Q9SKX4	4299E36E	Nucleolus
Q9LZ82	4299E36E	Nucleolus
Q9SL96	4299E36E	Nucleolus
O64816	4299E36E	Nucleolus
Q9ZUI4	4299E36E	Nucleolus
Q9S9W2	4299E36E	Nucleolus
Q8VZ50	4299E36E	Nucleolus
Q9LNC4	4299E36E	Nucleolus
Q9SDW0	4299E36E	Nucleolus
Q9FYQ8	4299E36E	Nucleolus
Q9MAC6	4299E36E	Nucleolus
Q8GWA2	4299E36E	Nucleolus
Q9FT52	4299E36E	Nucleolus
Q9FY50	4299E36E	Nucleolus
Q8H0T4	4299E36E	Nucleolus
Q01908	4299E36E	Nucleolus
O65282	4299E36E	Nucleolus
O81098	4299E36E	Nucleolus
Q6ICZ8	4299E36E	Nucleolus
F4JPJ1	4299E36E	Nucleolus
Q8VY15	4299E36E	Nucleolus
Q9C944	4299E36E	Nucleolus
Q9LYD2	4299E36E	Nucleolus
F4J4K6	4299E36E	Nucleolus
Q9XFD1	4299E36E	Nucleolus
Q8L611	4299E36E	Nucleolus
Q8GWB7	4299E36E	Nucleolus
Q93Y22	4299E36E	Nucleolus
Q8RXK2	4299E36E	Nucleolus
O65202	4299E36E	Nucleolus
Q94C74	4299E36E	Nucleolus
P83484	4299E36E	Nucleolus
Q93Y40	4299E36E	Nucleolus
Q9LU74	4299E36E	Nucleolus
Q9M158	4299E36E	Nucleolus
Q84JU6	4299E36E	Nucleolus
Q9LD57	4299E36E	Nucleolus
Q8RWT5	4299E36E	Nucleolus
Q9LM78	4299E36E	Nucleolus
Q94A68	4299E36E	Nucleolus
O82462	4299E36E	Nucleolus
Q9FKU8	4299E36E	Nucleolus
P31414	4299E36E	Nucleolus
A2RVJ8	4299E36E	Nucleolus
O49597	4299E36E	Nucleolus
O24456	4299E36E	Nucleolus
Q9SIP7	4299E36E	Nucleolus
Q9C677	4299E36E	Nucleolus
Q9SU14	4299E36E	Nucleolus
Q84P25	4299E36E	Nucleolus
P92935	4299E36E	Nucleolus
Q9M2N5	4299E36E	Nucleolus
Q9LFN6	4299E36E	Nucleolus
P42795	4299E36E	Nucleolus
Q9M8T0	4299E36E	Nucleolus
O22468	4299E36E	Nucleolus
Q9LVH6	4299E36E	Nucleolus
Q9C5R0	4299E36E	Nucleolus
Q93ZX4	4299E36E	Nucleolus
Q42479	4299E36E	Nucleolus
P10798	4299E36E	Nucleolus
F4IXW2	4299E36E	Nucleolus
F4I366	4299E36E	Nucleolus
Q9S7W1	4299E36E	Nucleolus
P23586	4299E36E	Nucleolus
P41916	4299E36E	Nucleolus
Q9LJE4	4299E36E	Nucleolus
Q9FN33	4299E36E	Nucleolus
P49691	4299E36E	Nucleolus
Q9M1Q0	4299E36E	Nucleolus
Q9LVA4	4299E36E	Nucleolus
O80852	4299E36E	Nucleolus
O24496	4299E36E	Nucleolus
O81283	4299E36E	Nucleolus
Q6NQE2	4299E36E	Nucleolus
Q9ZUS0	4299E36E	Nucleolus
P56765	4299E36E	Nucleolus
O49629	4299E36E	Nucleolus
Q9SAJ6	4299E36E	Nucleolus
O04153	4299E36E	Nucleolus
Q9SCJ9	4299E36E	Nucleolus
Q8L866	4299E36E	Nucleolus
P51407	4299E36E	Nucleolus
Q9LTV0	4299E36E	Nucleolus
F4HWQ5	4299E36E	Nucleolus
Q9SP35	4299E36E	Nucleolus
Q93Y31	4299E36E	Nucleolus
Q9SRH5	4299E36E	Nucleolus
Q9SAI5	4299E36E	Nucleolus
Q9M0A7	4299E36E	Nucleolus
P47996	4299E36E	Nucleolus
Q9C580	4299E36E	Nucleolus
Q07473	4299E36E	Nucleolus
Q3EDH2	4299E36E	Nucleolus
Q93V56	4299E36E	Nucleolus
Q02971	4299E36E	Nucleolus
Q96253	4299E36E	Nucleolus
Q9FJE8	4299E36E	Nucleolus
Q8H0U4	4299E36E	Nucleolus
O80983	4299E36E	Nucleolus
Q9C9H5	4299E36E	Nucleolus
Q9C681	4299E36E	Nucleolus
Q84JM4	4299E36E	Nucleolus
O64490	4299E36E	Nucleolus
Q38798	4299E36E	Nucleolus
A0A1P8B4Y6	4299E36E	Nucleolus
Q8VXV0	4299E36E	Nucleolus
Q9SIB5	4299E36E	Nucleolus
Q9M837	4299E36E	Nucleolus
O22263	4299E36E	Nucleolus
Q9C6B9	4299E36E	Nucleolus
Q9LHH7	4299E36E	Nucleolus
P10896	4299E36E	Nucleolus
O22607	4299E36E	Nucleolus
Q9XIK4	4299E36E	Nucleolus
F4IDC2	4299E36E	Nucleolus
Q41188	4299E36E	Nucleolus
Q9M2T6	4299E36E	Nucleolus
Q9FYB7	4299E36E	Nucleolus
Q8L733	4299E36E	Nucleolus
Q05212	4299E36E	Nucleolus
Q43870	4299E36E	Nucleolus
Q8L6X8	4299E36E	Nucleolus
Q9SA34	4299E36E	Nucleolus
Q7XJN0	4299E36E	Nucleolus
A0A1I9LT02	4299E36E	Nucleolus
P46421	4299E36E	Nucleolus
Q38953	4299E36E	Nucleolus
Q6NM71	4299E36E	Nucleolus
Q9C907	4299E36E	Nucleolus
F4I045	4299E36E	Nucleolus
Q9FZ76	4299E36E	Nucleolus
Q42586	4299E36E	Nucleolus
Q9C6I8	4299E36E	Nucleolus
A0A1P8AWT7	4299E36E	Nucleolus
P35614	4299E36E	Nucleolus
Q9XI05	4299E36E	Nucleolus
Q9ZR72	4299E36E	Nucleolus
Q9ZW35	4299E36E	Nucleolus
Q940S0	4299E36E	Nucleolus
Q8H1E7	4299E36E	Nucleolus
Q8RXN3	4299E36E	Nucleolus
Q42262	4299E36E	Nucleolus
P48483	4299E36E	Nucleolus
F4HP91	4299E36E	Nucleolus
Q9SAB3	4299E36E	Nucleolus
Q38924	4299E36E	Nucleolus
Q9LD28	4299E36E	Nucleolus
Q9FZ47	4299E36E	Nucleolus
F4HQZ1	4299E36E	Nucleolus
P25696	4299E36E	Nucleolus
O80860	4299E36E	Nucleolus
Q93VD3	4299E36E	Nucleolus
P48491	4299E36E	Nucleolus
Q8VYV0	4299E36E	Nucleolus
Q9LHQ5	4299E36E	Nucleolus
Q9FH46	4299E36E	Nucleolus
Q9FG81	4299E36E	Nucleolus
O82656	4299E36E	Nucleolus
Q8H136	4299E36E	Nucleolus
Q42290	4299E36E	Nucleolus
Q43314	4299E36E	Nucleolus
Q9FFT9	4299E36E	Nucleolus
Q9FGT1	4299E36E	Nucleolus
Q9FLM7	4299E36E	Nucleolus
Q9LEV3	4299E36E	Nucleolus
F4K2F0	4299E36E	Nucleolus
Q96262	4299E36E	Nucleolus
Q8RWN5	4299E36E	Nucleolus
Q9SRX2	4299E36E	Nucleolus
B6EUA9	4299E36E	Nucleolus
Q9LS40	4299E36E	Nucleolus
Q42139	4299E36E	Nucleolus
Q9XI01	4299E36E	Nucleolus
Q9ZT71	4299E36E	Nucleolus
Q9FKW6	4299E36E	Nucleolus
Q9ZRZ8	4299E36E	Nucleolus
F4JF14	4299E36E	Nucleolus
Q945P1	4299E36E	Nucleolus
Q8GWQ6	4299E36E	Nucleolus
Q9ZU66	4299E36E	Nucleolus
P0DKC4	4299E36E	Nucleolus
Q9FWY7	4299E36E	Nucleolus
Q9SLF7	4299E36E	Nucleolus
Q9C5J7	4299E36E	Nucleolus
Q9FGF4	4299E36E	Nucleolus
Q8RXI0	4299E36E	Nucleolus
O04151	4299E36E	Nucleolus
Q9SGT7	4299E36E	Nucleolus
Q8LAS8	4299E36E	Nucleolus
F4JQ75	4299E36E	Nucleolus
Q8GXJ1	4299E36E	Nucleolus
Q96291	4299E36E	Nucleolus
P06525	4299E36E	Nucleolus
Q9T043	4299E36E	Nucleolus
Q9LZM1	4299E36E	Nucleolus
Q0WM93	4299E36E	Nucleolus
Q9LFE0	4299E36E	Nucleolus
Q9FM47	4299E36E	Nucleolus
P51412	4299E36E	Nucleolus
A0A1I9LRM4	4299E36E	Nucleolus
Q9LE16	4299E36E	Nucleolus
Q8L7T4	4299E36E	Nucleolus
F4JWP9	4299E36E	Nucleolus
Q949S9	4299E36E	Nucleolus
Q0WP12	4299E36E	Nucleolus
Q9LK30	4299E36E	Nucleolus
Q9C9W5	4299E36E	Nucleolus
Q8H148	4299E36E	Nucleolus
Q38946	4299E36E	Nucleolus
Q9C7E7	4299E36E	Nucleolus
P25858	4299E36E	Nucleolus
Q9SD45	4299E36E	Nucleolus
Q9SKC9	4299E36E	Nucleolus
O82266	4299E36E	Nucleolus
P42733	4299E36E	Nucleolus
Q9M8X9	4299E36E	Nucleolus
Q9LF51	4299E36E	Nucleolus
Q9FT97	4299E36E	Nucleolus
Q8S9I4	4299E36E	Nucleolus
Q96293	4299E36E	Nucleolus
Q9S7M0	4299E36E	Nucleolus
Q8VYF1	4299E36E	Nucleolus
Q93VI3	4299E36E	Nucleolus
Q08467	4299E36E	Nucleolus
Q9SIV5	4299E36E	Nucleolus
P93819	4299E36E	Nucleolus
Q9SSQ9	4299E36E	Nucleolus
P19456	4299E36E	Nucleolus
Q9MAU6	4299E36E	Nucleolus
Q8H1F8	4299E36E	Nucleolus
O49543	4299E36E	Nucleolus
Q96528	4299E36E	Nucleolus
Q9T0G2	4299E36E	Nucleolus
Q9SIK2	4299E36E	Nucleolus
Q9FHN6	4299E36E	Nucleolus
Q6NLP2	4299E36E	Nucleolus
Q9XIE2	4299E36E	Nucleolus
Q9ZRW8	4299E36E	Nucleolus
Q9M1S4	4299E36E	Nucleolus
Q9FFK6	4299E36E	Nucleolus
Q9C829	4299E36E	Nucleolus
Q93VC7	4299E36E	Nucleolus
Q9FG73	4299E36E	Nucleolus
Q9ASV5	4299E36E	Nucleolus
Q9SJ36	4299E36E	Nucleolus
Q9C901	4299E36E	Nucleolus
F4HWC3	4299E36E	Nucleolus
Q9ZR03	4299E36E	Nucleolus
P49077	4299E36E	Nucleolus
P42791	4299E36E	Nucleolus
A0A1P8ATL2	4299E36E	Nucleolus
Q9CAA4	4299E36E	Nucleolus
Q93YW5	4299E36E	Nucleolus
Q9SP08	4299E36E	Nucleolus
Q9XGX9	4299E36E	Nucleolus
Q9FLT0	4299E36E	Nucleolus
Q9SID0	4299E36E	Nucleolus
Q39244	4299E36E	Nucleolus
Q93ZN9	4299E36E	Nucleolus
Q42064	4299E36E	Nucleolus
Q84JW1	4299E36E	Nucleolus
O23095	4299E36E	Nucleolus
P29402	4299E36E	Nucleolus
P50883	4299E36E	Nucleolus
Q9M125	4299E36E	Nucleolus
P46248	4299E36E	Nucleolus
Q9FKV0	4299E36E	Nucleolus
Q07100	4299E36E	Nucleolus
P51427	4299E36E	Nucleolus
Q9SIM4	4299E36E	Nucleolus
Q39161	4299E36E	Nucleolus
Q9C504	4299E36E	Nucleolus
Q39227	4299E36E	Nucleolus
Q6NQH9	4299E36E	Nucleolus
Q8H1B3	4299E36E	Nucleolus
Q9SCP4	4299E36E	Nucleolus
Q9FKM4	4299E36E	Nucleolus
Q9FYH5	4299E36E	Nucleolus
O03986	4299E36E	Nucleolus
Q39251	4299E36E	Nucleolus
Q8L7U4	4299E36E	Nucleolus
Q9FFC0	4299E36E	Nucleolus
F4JNL5	4299E36E	Nucleolus
Q9ZPI5	4299E36E	Nucleolus
Q9LVD0	4299E36E	Nucleolus
O80358	4299E36E	Nucleolus
Q9LVI8	4299E36E	Nucleolus
A0A1P8BG25	4299E36E	Nucleolus
Q93YZ7	4299E36E	Nucleolus
Q8LB02	4299E36E	Nucleolus
Q9S9M7	4299E36E	Nucleolus
Q3MK94	4299E36E	Nucleolus
Q9ZVD0	4299E36E	Nucleolus
Q8W103	4299E36E	Nucleolus
P49692	4299E36E	Nucleolus
Q9SRX3	4299E36E	Nucleolus
Q9LKR3	4299E36E	Nucleolus
Q9LF27	4299E36E	Nucleolus
Q38882	4299E36E	Nucleolus
A1A6K6	4299E36E	Nucleolus
Q8RWQ1	4299E36E	Nucleolus
O23712	4299E36E	Nucleolus
Q9LUW5	4299E36E	Nucleolus
P30182	4299E36E	Nucleolus
Q9SI20	4299E36E	Nucleolus
Q8GWJ4	4299E36E	Nucleolus
P46643	4299E36E	Nucleolus
O64888	4299E36E	Nucleolus
Q9LX65	4299E36E	Nucleolus
O64644	4299E36E	Nucleolus
Q8LA13	4299E36E	Nucleolus
Q93ZG7	4299E36E	Nucleolus
Q6NQ72	4299E36E	Nucleolus
Q94BT9	4299E36E	Nucleolus
Q9FFF4	4299E36E	Nucleolus
Q8LE43	4299E36E	Nucleolus
O23212	4299E36E	Nucleolus
Q93Z16	4299E36E	Nucleolus
P41127	4299E36E	Nucleolus
P53496	4299E36E	Nucleolus
Q8RWJ5	4299E36E	Nucleolus
Q8RX56	4299E36E	Nucleolus
Q94AK8	4299E36E	Nucleolus
Q9SFX3	4299E36E	Nucleolus
Q39099	4299E36E	Nucleolus
Q8RWP0	4299E36E	Nucleolus
Q9LIK9	4299E36E	Nucleolus
O22957	4299E36E	Nucleolus
Q9LEX1	4299E36E	Nucleolus
Q9M9W1	4299E36E	Nucleolus
Q93ZX1	4299E36E	Nucleolus
Q9LKA4	4299E36E	Nucleolus
Q9LRR9	4299E36E	Nucleolus
Q42521	4299E36E	Nucleolus
Q9SJU4	4299E36E	Nucleolus
P25701	4299E36E	Nucleolus
Q9FMR9	4299E36E	Nucleolus
Q9SE45	4299E36E	Nucleolus
A2RVT9	4299E36E	Nucleolus
Q9SW44	4299E36E	Nucleolus
Q9M1J8	4299E36E	Nucleolus
Q42556	4299E36E	Nucleolus
O23657	4299E36E	Nucleolus
Q9FI61	4299E36E	Nucleolus
Q9SJV2	4299E36E	Nucleolus
O49160	4299E36E	Nucleolus
P48349	4299E36E	Nucleolus
Q8L3W1	4299E36E	Nucleolus
F4JZY1	4299E36E	Nucleolus
Q8GSA7	4299E36E	Nucleolus
Q9LTV6	4299E36E	Nucleolus
Q9LIN3	4299E36E	Nucleolus
Q96283	4299E36E	Nucleolus
P46283	4299E36E	Nucleolus
F4JQ55	4299E36E	Nucleolus
F4KG14	4299E36E	Nucleolus
Q9FH82	4299E36E	Nucleolus
Q93VB0	4299E36E	Nucleolus
Q9LZG0	4299E36E	Nucleolus
Q9LXT5	4299E36E	Nucleolus
P20431	4299E36E	Nucleolus
Q39043	4299E36E	Nucleolus
P59271	4299E36E	Nucleolus
O24616	4299E36E	Nucleolus
A0A1P8B9R0	4299E36E	Nucleolus
P57106	4299E36E	Nucleolus
Q9SRY5	4299E36E	Nucleolus
O80944	4299E36E	Nucleolus
Q9C7Y2	4299E36E	Nucleolus
Q9C8N0	4299E36E	Nucleolus
Q494N5	4299E36E	Nucleolus
O22826	4299E36E	Nucleolus
Q8VYP6	4299E36E	Nucleolus
Q9FVQ1	4299E36E	Nucleolus
P42645	4299E36E	Nucleolus
Q56WN1	4299E36E	Nucleolus
F4I1G1	4299E36E	Nucleolus
Q8H0U5	4299E36E	Nucleolus
Q9SRM4	4299E36E	Nucleolus
Q9FHG2	4299E36E	Nucleolus
P38418	4299E36E	Nucleolus
Q9M5J9	4299E36E	Nucleolus
Q9LN62	4299E36E	Nucleolus
Q9FMU6	4299E36E	Nucleolus
O48646	4299E36E	Nucleolus
Q8RWK5	4299E36E	Nucleolus
Q9SN86	4299E36E	Nucleolus
Q9LY74	4299E36E	Nucleolus
O64760	4299E36E	Nucleolus
Q94K30	4299E36E	Nucleolus
P28769	4299E36E	Nucleolus
F4K4Y5	4299E36E	Nucleolus
Q940B0	4299E36E	Nucleolus
Q0WT48	4299E36E	Nucleolus
Q9FLD3	4299E36E	Nucleolus
Q9C514	4299E36E	Nucleolus
Q9SUI4	4299E36E	Nucleolus
Q9FNM0	4299E36E	Nucleolus
P46422	4299E36E	Nucleolus
P48006	4299E36E	Nucleolus
A8MS68	4299E36E	Nucleolus
Q9SUA1	4299E36E	Nucleolus
Q9M1W4	4299E36E	Nucleolus
Q9FLX9	4299E36E	Nucleolus
O48917	4299E36E	Nucleolus
Q9SFU1	4299E36E	Nucleolus
Q94K71	4299E36E	Nucleolus
Q9M2Y6	4299E36E	Nucleolus
P49211	4299E36E	Nucleolus
O80934	4299E36E	Nucleolus
P39207	4299E36E	Nucleolus
Q9LQQ3	4299E36E	Nucleolus
Q9SYA9	4299E36E	Nucleolus
O23523	4299E36E	Nucleolus
Q9SR13	4299E36E	Nucleolus
Q9STN3	4299E36E	Nucleolus
Q9FYC5	4299E36E	Nucleolus
O22683	4299E36E	Nucleolus
Q9FXB5	4299E36E	Nucleolus
F4KCY1	4299E36E	Nucleolus
Q9LIH9	4299E36E	Nucleolus
O23627	4299E36E	Nucleolus
F4ISU2	4299E36E	Nucleolus
Q8LBK6	4299E36E	Nucleolus
Q8RWG8	4299E36E	Nucleolus
Q08466	4299E36E	Nucleolus
Q0WNX3	4299E36E	Nucleolus
Q9M9K1	4299E36E	Nucleolus
O80480	4299E36E	Nucleolus
O81439	4299E36E	Nucleolus
Q9M084	4299E36E	Nucleolus
O80786	4299E36E	Nucleolus
Q9FKS5	4299E36E	Nucleolus
Q9T029	4299E36E	Nucleolus
Q9LK36	4299E36E	Nucleolus
Q9LIE5	4299E36E	Nucleolus
P32962	4299E36E	Nucleolus
P54132	BBD49DEB	Synthetic Condensate 000376
O81488	4299E36E	Nucleolus
Q9EST3	089DA44D	MARDO
Q969Q1	1C4BF022	Cytoplasmic bodies
P10636	8188F968	Synthetic Condensate 000386
Q31Q05	D5B33633	Carboxysome
O15027	1EF72FBA	ERES
Q6PBB2	6EFBB8DD	Ddx3xb condensates
P32526	F813C9D9	#NAME?
Q5NBX1	7B858B7A	Cobl condensate
Q9UJU2	53379B70	LEF1/Beta-catenin condensate
F4JHQ0	4299E36E	Nucleolus
Q9C035	1C4BF022	Cytoplasmic bodies
P0A6Y8	3A3AD14F	Aggresome
P27361	93BC9B9E	Synthetic Condensate 000383
P63284	3A3AD14F	Aggresome
P0A7B8	3A3AD14F	Aggresome
P11388	BA0A263B	eukaryotic topoisomerase ii
Q9UBE8	03E7CE7B	NEDD4 condensates
P79065	9095A454	#NAME?
P88989	217616E8	cytoplasmic Virion Assembly Compartments (cVACs)
P55735	1EF72FBA	ERES
P25294	9B47C524	Peri-nucleolar condensate
Q9Y2T7	51FB48F6	MARDO
P15043	B55775CA	SSB condensate
P31539	9B47C524	Peri-nucleolar condensate
P35222	53379B70	LEF1/Beta-catenin condensate
Q8CCS6	AAD1380C	Nuclear poly(A) domains
Q9LSP5	4299E36E	Nucleolus
P42644	4299E36E	Nucleolus
Q94A52	4299E36E	Nucleolus
Q96243	4299E36E	Nucleolus
Q9SZQ5	4299E36E	Nucleolus
Q9M339	4299E36E	Nucleolus
Q39243	4299E36E	Nucleolus
Q39255	4299E36E	Nucleolus
Q0WVM5	4299E36E	Nucleolus
Q9SSB5	4299E36E	Nucleolus
Q9FHL8	4299E36E	Nucleolus
Q9LIC2	4299E36E	Nucleolus
O04603	4299E36E	Nucleolus
F4JCR3	4299E36E	Nucleolus
F4JJC1	4299E36E	Nucleolus
Q94EH8	4299E36E	Nucleolus
P48512	4299E36E	Nucleolus
Q8VYC9	4299E36E	Nucleolus
Q8RXH2	4299E36E	Nucleolus
Q42564	4299E36E	Nucleolus
Q9SRI1	4299E36E	Nucleolus
Q9ZUA3	4299E36E	Nucleolus
Q0WUY5	4299E36E	Nucleolus
B6EUB3	4299E36E	Nucleolus
Q8H1F0	4299E36E	Nucleolus
P46934	03E7CE7B	NEDD4 condensates
Q13049	1C4BF022	Cytoplasmic bodies
Q4Z8K6	E7B423DE	Mimi granules
Q8GJM6	42CE018A	McdB condensate
O14641	DA9A581A	DVL2 condensates
O75190	D02F3EC8	Peri-nucleolar condensate
P61254	D02F3EC8	Peri-nucleolar condensate
P11709	F813C9D9	#NAME?
P0AGE0	B55775CA	SSB condensate
P35568	1041FAE8	Insulin/IGF-1 signalosomes
P05889	C4086E78	HIV core condensate
Q15436	1EF72FBA	ERES
Q03146	9A00E86C	DDR1 condensate
P55735	8DB3D246	SCOTIN condensate
P14713	988B4B02	Plant Photobody
Q61545	C582EEC7	NONO
Q8T0S6	5A1E8F84	Signalosome
P26339	A6D16FCC	Chromogranin condensates
Q92985	02F8D883	IFN-I transcriptional condensate
O94875	4DFA2D97	ArgBP2 dendritic spine condensate
P05743	9B47C524	Peri-nucleolar condensate
P04156	8188F968	Synthetic Condensate 000386
P0AFF6	7C5C94C0	Transcriptional condensates
P90493	F289E8A4	viral replication compartment (VRC)
Q9VH90	0BB92809	Trbd
P02794	ECAD3DEA	Ferritin-NCOA4 condensate
P10645	2ECFBB9C	Chromogranin condensates
Q1MTQ1	9095A454	#NAME?
A2YI92	205A679C	OsJAZ2 condensate
P46937	03E7CE7B	NEDD4 condensates
P35637	FB44DE0F	Synthetic Condensate 000377
F4KHD8	4299E36E	Nucleolus
P35222	7FF4107C	Beta-Catenin Destruction Complex
Q9Y2K7	3FEF42AA	Synthetic Condensate 000379
Q9Z207	7BB9AA6C	D-granule
Q02383	D1D0EBED	Large dense-core vesicles
P40013	F813C9D9	#NAME?
P0ABT2	F3B1DD1E	Dps condensate
Q01130	44A42CE7	RBM15 condensate
P0CX36	9B47C524	Peri-nucleolar condensate
P88983	217616E8	cytoplasmic Virion Assembly Compartments (cVACs)
Q31Q05	42CE018A	McdB condensate
O95816	4E66F2E3	BAG2
Q9LHL2	4299E36E	Nucleolus
P37450	92BB331A	Enzyme_shell proteins condensates
O94953	3FEF42AA	Synthetic Condensate 000379
P49840	7FF4107C	Beta-Catenin Destruction Complex
O15054	7F36219C	Enhancer cluster
B8H358	907141DD	PopZ condensate
P0AFG0	7C5C94C0	Transcriptional condensates
Q10113	9095A454	#NAME?
Q13772	ECAD3DEA	Ferritin-NCOA4 condensate
O14641	EEA9CF61	Dishevelled condensate
P37449	92BB331A	Enzyme_shell proteins condensates
O41955	217616E8	cytoplasmic Virion Assembly Compartments (cVACs)
P0A8T7	7C5C94C0	Transcriptional condensates
O41949	217616E8	cytoplasmic Virion Assembly Compartments (cVACs)
P10354	ED8FE918	Chromogranin condensates
P85442	C582EEC7	NONO
Q9Z2C8	089DA44D	MARDO
Q9FG01	4299E36E	Nucleolus
O94979	8DB3D246	SCOTIN condensate
P02792	ECAD3DEA	Ferritin-NCOA4 condensate
Q9ZN70	C486FBEA	PolyP granule
Q99K48	C582EEC7	NONO
P0CAW8	907141DD	PopZ condensate
Q94JQ3	4299E36E	Nucleolus
Q8CGC4	089DA44D	MARDO
Q96T37	44A42CE7	RBM15 condensate
R7KIR7	82F84B68	Rho body
P00441	F1AC7DF2	Synthetic Condensate 000382
A6H916	907141DD	PopZ condensate
Q86SH2	51FB48F6	MARDO
P06786	BA0A263B	eukaryotic topoisomerase ii
P26497	7F56106F	ParABS DNA
Q61584	0A37FC0B	FXR1 condensates
P19419	93BC9B9E	Synthetic Condensate 000383
Q80SU3	089DA44D	MARDO
Q94996	AC60E16F	Cojusome
P54823	089DA44D	MARDO
Q5UIP0	E12AB6E0	53BP1 Mitotic Stress Body (MSBs)
P48510	256AC21A	Proteasome condensate
P29791	58CF0D80	Inclusion body
Q04206	21EC1620	Inclusion body
Q38DU2	C441AF4C	Stress granule
C4NFL9	48B2925C	Inclusion body
O31774	30A41936	BR-body
P30850	DB817387	Degradosome
P04545	21EC1620	Inclusion body
P10350	92167BAE	Inclusion Body
Q9NRA8	BBD7F84D	PB-like Assembly
Q9D2Y4	1C395EBB	Arsenite-induced Necrosome
P40087	256AC21A	Proteasome condensate
Q09472	4749EA78	cBAF condensate
Q92922	4749EA78	cBAF condensate
P08670	80CC731F	RPSA-VIM-ENO Condensate
Q15691	EA3337F5	#NAME?
P17151	6F576562	Pre-replication compartment (PRC)
Q6P2E9	BBD7F84D	PB-like Assembly
P32628	256AC21A	Proteasome condensate
A0A0G2QC63	6B2C5D53	Sec-body
Q9H171	507A56A0	Arsenite-induced Necrosome
A1XG22	58CF0D80	Inclusion body
Q9YGX5	324C50AA	Cpeb1b-Pabpc1b-shh Condensate
Q01130	48B2925C	Inclusion body
Q22058	8EC6ED41	SIMR foci
Q8BIJ7	8F289D40	ELVA
Q6P3L1	324C50AA	Cpeb1b-Pabpc1b-shh Condensate
Q503I9	324C50AA	Cpeb1b-Pabpc1b-shh Condensate
P50552	2F083DFF	Actin nucleator
P04133	B3E5E6A1	viral replication compartment (VRC)
Q5JRA6	1EF72FBA	ERES
Q9LQZ5	C9116452	SPRI2 Nuclear Condensate
Q5XF33	4F8E82B6	Chloroplast Stress granule
A2Q6N0	3D208FE7	Pre-replication compartment (PRC)
Q96524	26C7BC93	CRY2/SPA1/FIO1 condensate
O14497	4749EA78	cBAF condensate
Q8NFD5	4749EA78	cBAF condensate
Q14814	56273AEF	MEF2D Condensate
Q8W493	4F8E82B6	Chloroplast Stress granule
Q57ZM2	C441AF4C	Stress granule
Q91YE5	7EC836B8	BAZ2A bodies
P21513	DB817387	Degradosome
B0CN59	5FD407E4	Inclusion Body
Q386T3	C441AF4C	Stress granule
A0A8I5ZTA3	6B2C5D53	Sec-body
P61964	54D84D15	Viral factory
A8E1F6	3D208FE7	Pre-replication compartment (PRC)
Q9LVI4	9BCF5950	Plant growth regulator
P18615	7C2F7184	Transcription Elongation Condensate
Q9Y4P1	BE404912	ATG4B condensate
Q2U665	8153499B	P-body
P35282	8F289D40	ELVA
O60763	1EF72FBA	ERES
Q585M4	C441AF4C	Stress granule
Q9SI75	4F8E82B6	Chloroplast Stress granule
Q9NSY1	AF4EAC9D	BMP2K condensate
A5YKK6	70C83BD2	Assemblysome
P35637	D1F4711B	PARP1-DNA condensate
Q77M43	54D84D15	Viral factory
B9XXL6	C929E7F0	BR-body
P0A6P9	DB817387	Degradosome
P21499	DB817387	Degradosome
P51150	8F289D40	ELVA
Q12888	E12AB6E0	53BP1 Mitotic Stress Body (MSBs)
P08865	80CC731F	RPSA-VIM-ENO Condensate
P12537	B3E5E6A1	viral replication compartment (VRC)
A0A220NKL4	629EEE1F	Refractile body
P05055	DB817387	Degradosome
Q9NPI6	BBD7F84D	PB-like Assembly
Q8NB16	507A56A0	Arsenite-induced Necrosome
A6YIY0	B6C35A7B	Spider Silk Spidroin
Q9SYX2	26C7BC93	CRY2/SPA1/FIO1 condensate
F4IGH3	26C7BC93	CRY2/SPA1/FIO1 condensate
P97855	1C395EBB	Arsenite-induced Necrosome
P63017	8F289D40	ELVA
Q91V41	8F289D40	ELVA
Q921F2	8F289D40	ELVA
Q9R1P4	8F289D40	ELVA
P05532	8F289D40	ELVA
P09874	500D12F1	Synthetic Condensate 000381
Q9SJF3	8B6B23E7	P6 inclusion body
Q9C658	8B6B23E7	P6 inclusion body
Q8LFL8	8B6B23E7	P6 inclusion body
Q9LTT8	8B6B23E7	P6 inclusion body
P25888	DB817387	Degradosome
Q46925	DB817387	Degradosome
P56185	C929E7F0	BR-body
P0A8J8	DB817387	Degradosome
C4NFM0	48B2925C	Inclusion body
P60710	8F289D40	ELVA
Q9FXH7	C9116452	SPRI2 Nuclear Condensate
Q38E63	C441AF4C	Stress granule
Q9QZL0	1C395EBB	Arsenite-induced Necrosome
P18242	8F289D40	ELVA
Q13283	507A56A0	Arsenite-induced Necrosome
Q77M42	54D84D15	Viral factory
P38764	256AC21A	Proteasome condensate
Q383A4	C441AF4C	Stress granule
Q8N7H5	7C2F7184	Transcription Elongation Condensate
P09874	D1F4711B	PARP1-DNA condensate
A0A1U9W1B7	5FD407E4	Inclusion Body
O48741	4F8E82B6	Chloroplast Stress granule
Q75N33	6B2C5D53	Sec-body
P25159	D1D776A9	Founder granule
O00267	7C2F7184	Transcription Elongation Condensate
Q9H3P2	7C2F7184	Transcription Elongation Condensate
Q99661	EA3337F5	#NAME?
Q15648	7C2F7184	Transcription Elongation Condensate
O75533	7C2F7184	Transcription Elongation Condensate
P04496	B3E5E6A1	viral replication compartment (VRC)
Q9HCU5	1EF72FBA	ERES
A0A546Y904	D9D495C7	BR-body
P20029	8F289D40	ELVA
A6HE75	6B2C5D53	Sec-body
Q383W8	C441AF4C	Stress granule
Q5XFW8	6B2C5D53	Sec-body
P21507	DB817387	Degradosome
P10636-6	942898C4	Synthetic Condensate 000380
P0A6X3	DB817387	Degradosome
P0A6Q6	DB817387	Degradosome
Q92734	1EF72FBA	ERES
E0X7E1	C4086E78	HIV core condensate
S5DHX0	8B6B23E7	P6 inclusion body
Q03111	7C2F7184	Transcription Elongation Condensate
P11438	8F289D40	ELVA
Q9DIK5	C4086E78	HIV core condensate
P22677	BAEB8AFB	Inclusion body
A4W2T1	80CC731F	RPSA-VIM-ENO Condensate
P02545	E12AB6E0	53BP1 Mitotic Stress Body (MSBs)
A0A0D9RMM1	64BFB8C8	inclusion body-associated granule (IBAG)
P29792	64BFB8C8	inclusion body-associated granule (IBAG)
P51116	CD2044AE	FXR-driven SARS-CoV-2 condensate
Q9Y6K9	437BC32B	TIFA-TRAF6 Condensate
P49116	437BC32B	TIFA-TRAF6 Condensate
Q9NYJ8	437BC32B	TIFA-TRAF6 Condensate
P61088	437BC32B	TIFA-TRAF6 Condensate
Q13541	373365D7	p62-dependent P-bodies (pd-PBs)
P0DTC8	57A56005	ORF8/p62 condensate
Q8K2D3	AD9D4934	P-body
A0A1L2D6E4	5FC38D49	GCRV viroplasm
A0A6H1QTB0	5FC38D49	GCRV viroplasm
Q8JU66	5FC38D49	GCRV viroplasm
Q8JU65	5FC38D49	GCRV viroplasm
M1U1T8	5FC38D49	GCRV viroplasm
P16072	66E96190	viral replication compartment (VRC)
P51114	CD2044AE	FXR-driven SARS-CoV-2 condensate
P0DTC1	CD2044AE	FXR-driven SARS-CoV-2 condensate
P37894	7CA99819	PodJ condensates
Q3UJB9	A331833B	p62-dependent P-bodies (pd-PBs)
P35637	BB266630	TAZ Condensate
Q15561	BB266630	TAZ Condensate
Q9UG63	DEE660B4	Stress granule
Q13148	A40D6D0A	DHX9 Stress Granules
Q9NUL3	A40D6D0A	DHX9 Stress Granules
Q9D5P4	AD9D4934	P-body
Q9ZG88	7CA99819	PodJ condensates
P49841	7FF4107C	Beta-Catenin Destruction Complex
J7FXC6	5FC38D49	GCRV viroplasm
A0A059T907	5FC38D49	GCRV viroplasm
A0A7S5B0Z5	5FC38D49	GCRV viroplasm
D6BM98	5FC38D49	GCRV viroplasm
F8QPI3	5FC38D49	GCRV viroplasm
Q8VCF0	1F16C8AA	PGAM5-MAVS Condensate
P26196	373365D7	p62-dependent P-bodies (pd-PBs)
Q8CDG1	AD9D4934	P-body
Q99MV7	AD9D4934	P-body
Q13501	373365D7	p62-dependent P-bodies (pd-PBs)
P54823	AD9D4934	P-body
O60885	BB266630	TAZ Condensate
Q5JTZ9	DEE660B4	Stress granule
Q14444	A40D6D0A	DHX9 Stress Granules
P31483	A40D6D0A	DHX9 Stress Granules
P49748	DEE660B4	Stress granule
Q13283	A40D6D0A	DHX9 Stress Granules
O60563	BB266630	TAZ Condensate
P06730	373365D7	p62-dependent P-bodies (pd-PBs)
Q15056	3190BB68	inclusion body-associated granule (IBAG)
Q9Y4K3	437BC32B	TIFA-TRAF6 Condensate
A0A0B4KH25	5A480847	Insulator body
Q08211	A40D6D0A	DHX9 Stress Granules
P60709	DEE660B4	Stress granule
P61158	DEE660B4	Stress granule
O15084	DEE660B4	Stress granule
Q13151	A40D6D0A	DHX9 Stress Granules
P09651	A40D6D0A	DHX9 Stress Granules
P51991	A40D6D0A	DHX9 Stress Granules
P52272	A40D6D0A	DHX9 Stress Granules
P43243	A40D6D0A	DHX9 Stress Granules
D5LWW7	66E96190	viral replication compartment (VRC)
D8VDY0	5FC38D49	GCRV viroplasm
Q8ND56	373365D7	p62-dependent P-bodies (pd-PBs)
Q6P2E9	373365D7	p62-dependent P-bodies (pd-PBs)
Q13283	38D1B6BE	SARS-CoV-2 condensate
P11818	B3E5E6A1	viral replication compartment (VRC)
P15962	8A33FC22	Virus-induced replication (VIR) condensate
Q13501	57A56005	ORF8/p62 condensate
Q64337	A331833B	p62-dependent P-bodies (pd-PBs)
Q9H6L5	57A56005	ORF8/p62 condensate
Q06787	CD2044AE	FXR-driven SARS-CoV-2 condensate
P0DTD1	CD2044AE	FXR-driven SARS-CoV-2 condensate
O15169	7FF4107C	Beta-Catenin Destruction Complex
Q9JMB7	AD9D4934	P-body
P13469	5A480847	Insulator body
Q04955	7CA99819	PodJ condensates
P11940	A40D6D0A	DHX9 Stress Granules
P60842	3190BB68	inclusion body-associated granule (IBAG)
P23588	3190BB68	inclusion body-associated granule (IBAG)
Q13404	437BC32B	TIFA-TRAF6 Condensate
P28288	DEE660B4	Stress granule
P06730	3190BB68	inclusion body-associated granule (IBAG)
Q15233	BB266630	TAZ Condensate
P26599	BB266630	TAZ Condensate
Q9GZV5	BB266630	TAZ Condensate
Q8N8A2	DEE660B4	Stress granule
Q92888	DEE660B4	Stress granule
O15144	DEE660B4	Stress granule
O15145	DEE660B4	Stress granule
P31939	DEE660B4	Stress granule
P06576	DEE660B4	Stress granule
P46379	DEE660B4	Stress granule
Q9C0K0	DEE660B4	Stress granule
Q10589	DEE660B4	Stress granule
P27708	DEE660B4	Stress granule
P27824	DEE660B4	Stress granule
P49368	DEE660B4	Stress granule
P50990	DEE660B4	Stress granule
P09326	DEE660B4	Stress granule
Q6ZU80	DEE660B4	Stress granule
Q9BV73	DEE660B4	Stress granule
Q14839	DEE660B4	Stress granule
Q00610	DEE660B4	Stress granule
P53621	DEE660B4	Stress granule
P53618	DEE660B4	Stress granule
P31146	DEE660B4	Stress granule
P23786	DEE660B4	Stress granule
Q16643	DEE660B4	Stress granule
Q92841	DEE660B4	Stress granule
O43143	DEE660B4	Stress granule
P36957	DEE660B4	Stress granule
Q92608	DEE660B4	Stress granule
Q8NF50	DEE660B4	Stress granule
P27487	DEE660B4	Stress granule
P68104	DEE660B4	Stress granule
Q15029	DEE660B4	Stress granule
B5ME19	DEE660B4	Stress granule
P07814	DEE660B4	Stress granule
Q9NV70	DEE660B4	Stress granule
Q13045	DEE660B4	Stress granule
O95466	DEE660B4	Stress granule
P22102	DEE660B4	Stress granule
Q92616	DEE660B4	Stress granule
P57678	DEE660B4	Stress granule
Q96RP9	DEE660B4	Stress granule
O94925	DEE660B4	Stress granule
P04899	DEE660B4	Stress granule
P08754	DEE660B4	Stress granule
Q9BZE4	DEE660B4	Stress granule
P10144	DEE660B4	Stress granule
P11940	3190BB68	inclusion body-associated granule (IBAG)
P04545	3190BB68	inclusion body-associated granule (IBAG)
P48729	7FF4107C	Beta-Catenin Destruction Complex
P25054	7FF4107C	Beta-Catenin Destruction Complex
P54823	A331833B	p62-dependent P-bodies (pd-PBs)
E5LCG0	5FC38D49	GCRV viroplasm
P63073	A331833B	p62-dependent P-bodies (pd-PBs)
P48735	DEE660B4	Stress granule
Q16666	DEE660B4	Stress granule
Q13422	DEE660B4	Stress granule
Q16891	DEE660B4	Stress granule
P12268	DEE660B4	Stress granule
P46940	DEE660B4	Stress granule
Q15046	DEE660B4	Stress granule
O00139	DEE660B4	Stress granule
Q8N4N8	DEE660B4	Stress granule
P18627	DEE660B4	Stress granule
Q0VGL1	DEE660B4	Stress granule
P42166	DEE660B4	Stress granule
P42167	DEE660B4	Stress granule
P28838	DEE660B4	Stress granule
Q9P2J5	DEE660B4	Stress granule
P06239	DEE660B4	Stress granule
Q9UHB6	DEE660B4	Stress granule
Q96M42	DEE660B4	Stress granule
P36776	DEE660B4	Stress granule
P42704	DEE660B4	Stress granule
P33241	DEE660B4	Stress granule
P52564	DEE660B4	Stress granule
P49736	DEE660B4	Stress granule
P25205	DEE660B4	Stress granule
P26038	DEE660B4	Stress granule
O94776	DEE660B4	Stress granule
Q6UB35	DEE660B4	Stress granule
Q14764	DEE660B4	Stress granule
P20592	DEE660B4	Stress granule
Q9BQG0	DEE660B4	Stress granule
P35579	DEE660B4	Stress granule
O14950	DEE660B4	Stress granule
P60660	DEE660B4	Stress granule
O43795	DEE660B4	Stress granule
O00159	DEE660B4	Stress granule
B0I1T2	DEE660B4	Stress granule
Q9Y4I1	DEE660B4	Stress granule
P55209	DEE660B4	Stress granule
Q9H0A0	DEE660B4	Stress granule
Q00653	DEE660B4	Stress granule
Q9H6R4	DEE660B4	Stress granule
P46087	DEE660B4	Stress granule
O75694	DEE660B4	Stress granule
Q8TEM1	DEE660B4	Stress granule
Q8N1F7	DEE660B4	Stress granule
Q460N5	DEE660B4	Stress granule
Q8IXQ6	DEE660B4	Stress granule
Q16822	DEE660B4	Stress granule
Q15154	DEE660B4	Stress granule
P17858	DEE660B4	Stress granule
Q01813	DEE660B4	Stress granule
Q15149	DEE660B4	Stress granule
P29590	DEE660B4	Stress granule
P14222	DEE660B4	Stress granule
O94906	DEE660B4	Stress granule
Q6P2Q9	DEE660B4	Stress granule
P07477	DEE660B4	Stress granule
P17980	DEE660B4	Stress granule
Q99460	DEE660B4	Stress granule
O00232	DEE660B4	Stress granule
P51665	DEE660B4	Stress granule
P08575	DEE660B4	Stress granule
P47897	DEE660B4	Stress granule
P51159	DEE660B4	Stress granule
P15153	DEE660B4	Stress granule
P49792	DEE660B4	Stress granule
Q86YV0	DEE660B4	Stress granule
Q96PK6	DEE660B4	Stress granule
P35251	DEE660B4	Stress granule
Q14699	DEE660B4	Stress granule
Q63HN8	DEE660B4	Stress granule
P27694	DEE660B4	Stress granule
P62906	DEE660B4	Stress granule
P26373	DEE660B4	Stress granule
P61313	DEE660B4	Stress granule
P18621	DEE660B4	Stress granule
Q07020	DEE660B4	Stress granule
Q02543	DEE660B4	Stress granule
P62829	DEE660B4	Stress granule
P83731	DEE660B4	Stress granule
P61254	DEE660B4	Stress granule
P61353	DEE660B4	Stress granule
P46776	DEE660B4	Stress granule
P36578	DEE660B4	Stress granule
Q02878	DEE660B4	Stress granule
P62424	DEE660B4	Stress granule
P32969	DEE660B4	Stress granule
P05386	DEE660B4	Stress granule
P05387	DEE660B4	Stress granule
P62277	DEE660B4	Stress granule
P62249	DEE660B4	Stress granule
P62266	DEE660B4	Stress granule
P62851	DEE660B4	Stress granule
P62701	DEE660B4	Stress granule
P62241	DEE660B4	Stress granule
Q9P2E9	DEE660B4	Stress granule
O76021	DEE660B4	Stress granule
Q13761	DEE660B4	Stress granule
Q9Y265	DEE660B4	Stress granule
Q9NZJ4	DEE660B4	Stress granule
Q9Y3Z3	DEE660B4	Stress granule
Q9Y512	DEE660B4	Stress granule
O75326	DEE660B4	Stress granule
Q8WYJ6	DEE660B4	Stress granule
P50453	DEE660B4	Stress granule
Q15393	DEE660B4	Stress granule
Q96B97	DEE660B4	Stress granule
P34897	DEE660B4	Stress granule
Q96FS4	DEE660B4	Stress granule
Q13291	DEE660B4	Stress granule
Q00325	DEE660B4	Stress granule
P05141	DEE660B4	Stress granule
P12236	DEE660B4	Stress granule
P11166	DEE660B4	Stress granule
Q9NZC9	DEE660B4	Stress granule
Q14683	DEE660B4	Stress granule
O95347	DEE660B4	Stress granule
Q9UQE7	DEE660B4	Stress granule
O75643	DEE660B4	Stress granule
Q13813	DEE660B4	Stress granule
Q13247	DEE660B4	Stress granule
Q04837	DEE660B4	Stress granule
Q08945	DEE660B4	Stress granule
P40763	DEE660B4	Stress granule
P42229	DEE660B4	Stress granule
O94804	DEE660B4	Stress granule
Q03518	DEE660B4	Stress granule
Q1KMD3	DEE660B4	Stress granule
P04196	DEE660B4	Stress granule
P14625	DEE660B4	Stress granule
Q92598	DEE660B4	Stress granule
Q7Z6Z7	DEE660B4	Stress granule
P41252	DEE660B4	Stress granule
P54886	232F8A39	P-body
Q8N8A2	232F8A39	P-body
P08133	232F8A39	P-body
O95782	232F8A39	P-body
O00213	232F8A39	P-body
P61204	232F8A39	P-body
Q92888	232F8A39	P-body
O15145	232F8A39	P-body
P31939	232F8A39	P-body
P25705	232F8A39	P-body
P06576	232F8A39	P-body
P46379	232F8A39	P-body
Q9C0K0	232F8A39	P-body
Q10589	232F8A39	P-body
P27708	232F8A39	P-body
P0DP23	232F8A39	P-body
P27824	232F8A39	P-body
Q01518	232F8A39	P-body
P49368	232F8A39	P-body
P50991	232F8A39	P-body
P50990	232F8A39	P-body
P09326	232F8A39	P-body
Q99459	232F8A39	P-body
Q8N960	232F8A39	P-body
Q6ZU80	232F8A39	P-body
Q66GS9	232F8A39	P-body
Q9BV73	232F8A39	P-body
Q96MT8	232F8A39	P-body
P23528	232F8A39	P-body
Q14839	232F8A39	P-body
Q7Z7A1	232F8A39	P-body
P53621	232F8A39	P-body
P53618	232F8A39	P-body
Q9Y678	232F8A39	P-body
P31146	232F8A39	P-body
P57737	232F8A39	P-body
P23786	232F8A39	P-body
P55060	232F8A39	P-body
P14868	232F8A39	P-body
Q9GZR7	232F8A39	P-body
O00148	232F8A39	P-body
P17844	232F8A39	P-body
P10515	232F8A39	P-body
P36957	232F8A39	P-body
Q92608	232F8A39	P-body
Q8NF50	232F8A39	P-body
P27487	232F8A39	P-body
Q8TDB6	232F8A39	P-body
P68104	232F8A39	P-body
P26641	232F8A39	P-body
P13639	232F8A39	P-body
Q9H223	232F8A39	P-body
Q14152	232F8A39	P-body
B5ME19	232F8A39	P-body
O00303	232F8A39	P-body
P60842	232F8A39	P-body
Q92556	232F8A39	P-body
Q9BSJ8	232F8A39	P-body
Q9NV70	232F8A39	P-body
Q86UX7	232F8A39	P-body
O75955	232F8A39	P-body
Q14254	232F8A39	P-body
O95466	232F8A39	P-body
P06241	232F8A39	P-body
P22102	232F8A39	P-body
Q92616	232F8A39	P-body
Q96RP9	232F8A39	P-body
O94925	232F8A39	P-body
P04899	232F8A39	P-body
P08754	232F8A39	P-body
P63092	232F8A39	P-body
P62879	232F8A39	P-body
P10144	232F8A39	P-body
P06899	232F8A39	P-body
O60814	232F8A39	P-body
P84243	232F8A39	P-body
P68431	232F8A39	P-body
P40939	232F8A39	P-body
P69905	232F8A39	P-body
P02042	232F8A39	P-body
Q13547	232F8A39	P-body
Q8N257	232F8A39	P-body
P04439	232F8A39	P-body
P01889	232F8A39	P-body
P10321	232F8A39	P-body
P09651	232F8A39	P-body
P51991	232F8A39	P-body
Q14103	232F8A39	P-body
P31943	232F8A39	P-body
P61978	232F8A39	P-body
Q1KMD3	232F8A39	P-body
Q99714	232F8A39	P-body
P07900	232F8A39	P-body
P14625	232F8A39	P-body
P10809	232F8A39	P-body
Q92598	232F8A39	P-body
P41252	232F8A39	P-body
P48735	232F8A39	P-body
Q16666	232F8A39	P-body
Q13422	232F8A39	P-body
Q16891	232F8A39	P-body
P12268	232F8A39	P-body
Q13576	232F8A39	P-body
Q15046	232F8A39	P-body
O00139	232F8A39	P-body
Q8N4N8	232F8A39	P-body
Q14974	232F8A39	P-body
P18627	232F8A39	P-body
Q0VGL1	232F8A39	P-body
P42166	232F8A39	P-body
P42167	232F8A39	P-body
P28838	232F8A39	P-body
Q9P2J5	232F8A39	P-body
P06239	232F8A39	P-body
Q96M42	232F8A39	P-body
P02545	232F8A39	P-body
P36776	232F8A39	P-body
P42704	232F8A39	P-body
P33241	232F8A39	P-body
P52564	232F8A39	P-body
P56192	232F8A39	P-body
P25205	232F8A39	P-body
P33991	232F8A39	P-body
P33992	232F8A39	P-body
P46013	232F8A39	P-body
P26038	232F8A39	P-body
P11586	232F8A39	P-body
Q99798	232F8A39	P-body
P68032	232F8A39	P-body
O43707	232F8A39	P-body
P61160	232F8A39	P-body
P55265	232F8A39	P-body
Q99490	232F8A39	P-body
P60660	232F8A39	P-body
P46087	232F8A39	P-body
P57740	232F8A39	P-body
O75694	232F8A39	P-body
Q8TEM1	232F8A39	P-body
Q8N1F7	232F8A39	P-body
P29728	232F8A39	P-body
Q9Y6K5	232F8A39	P-body
Q460N5	232F8A39	P-body
Q8IXQ6	232F8A39	P-body
Q16822	232F8A39	P-body
P08559	232F8A39	P-body
P30101	232F8A39	P-body
P17858	232F8A39	P-body
Q01813	232F8A39	P-body
P07737	232F8A39	P-body
O43175	232F8A39	P-body
P29590	232F8A39	P-body
P62937	232F8A39	P-body
O14974	232F8A39	P-body
Q6NYC8	232F8A39	P-body
P30153	232F8A39	P-body
P14222	232F8A39	P-body
P13727	232F8A39	P-body
O94906	232F8A39	P-body
Q6P2Q9	232F8A39	P-body
P07477	232F8A39	P-body
P17980	232F8A39	P-body
Q99460	232F8A39	P-body
Q13200	232F8A39	P-body
P29350	232F8A39	P-body
P08575	232F8A39	P-body
P47897	232F8A39	P-body
P15153	232F8A39	P-body
P63244	232F8A39	P-body
Q9UKM9	232F8A39	P-body
P62826	232F8A39	P-body
P61224	232F8A39	P-body
P54136	232F8A39	P-body
Q86YV0	232F8A39	P-body
Q09028	232F8A39	P-body
P46063	232F8A39	P-body
Q63HN8	232F8A39	P-body
P27694	232F8A39	P-body
P15927	232F8A39	P-body
P30050	232F8A39	P-body
P61313	232F8A39	P-body
P18621	232F8A39	P-body
Q07020	232F8A39	P-body
Q02543	232F8A39	P-body
P62750	232F8A39	P-body
P83731	232F8A39	P-body
P46776	232F8A39	P-body
P49207	232F8A39	P-body
P32969	232F8A39	P-body
P05386	232F8A39	P-body
P05387	232F8A39	P-body
P04843	232F8A39	P-body
P46783	232F8A39	P-body
P62244	232F8A39	P-body
P39019	232F8A39	P-body
P62266	232F8A39	P-body
Q9P2E9	232F8A39	P-body
O76021	232F8A39	P-body
Q13761	232F8A39	P-body
Q9Y265	232F8A39	P-body
Q9NZJ4	232F8A39	P-body
Q9Y3Z3	232F8A39	P-body
Q9Y512	232F8A39	P-body
Q9NR31	232F8A39	P-body
O75326	232F8A39	P-body
Q8NC51	232F8A39	P-body
P50453	232F8A39	P-body
P23246	232F8A39	P-body
Q96B97	232F8A39	P-body
P34897	232F8A39	P-body
Q96FS4	232F8A39	P-body
Q13291	232F8A39	P-body
P11166	232F8A39	P-body
Q9NZC9	232F8A39	P-body
O95347	232F8A39	P-body
Q9NTJ3	232F8A39	P-body
O75643	232F8A39	P-body
P14678	232F8A39	P-body
Q9Y6N5	232F8A39	P-body
P08240	232F8A39	P-body
Q07955	232F8A39	P-body
Q01130	232F8A39	P-body
Q04837	232F8A39	P-body
Q08945	232F8A39	P-body
P40763	232F8A39	P-body
P42229	232F8A39	P-body
Q9Y5B9	232F8A39	P-body
Q03518	232F8A39	P-body
Q03519	232F8A39	P-body
P17987	232F8A39	P-body
Q9NYL9	232F8A39	P-body
P21580	232F8A39	P-body
Q15025	232F8A39	P-body
P67936	232F8A39	P-body
Q13263	232F8A39	P-body
Q71U36	232F8A39	P-body
P68366	232F8A39	P-body
P07437	232F8A39	P-body
P68371	232F8A39	P-body
P49411	232F8A39	P-body
P0CG47	232F8A39	P-body
P17480	232F8A39	P-body
Q9H3U1	232F8A39	P-body
P15498	232F8A39	P-body
P55072	232F8A39	P-body
Q96QK1	232F8A39	P-body
P04004	232F8A39	P-body
Q6PCB0	232F8A39	P-body
P27348	232F8A39	P-body
O60841	39517448	eIF5B granules
Q6WCQ1	38EC0B30	Transcriptional condensate
Q6P9B9	3625CB60	SOSS-INTAC Condensate
Q5TA45	3625CB60	SOSS-INTAC Condensate
Q9NRY2	3625CB60	SOSS-INTAC Condensate
Q9VF26	1DA11FFF	Germ granule
Q13287	38EC0B30	Transcriptional condensate
Q8BQT2	D12E4DB9	Stress granule
Q68E01	3625CB60	SOSS-INTAC Condensate
P35579	232F8A39	P-body
O14950	232F8A39	P-body
P97855	D12E4DB9	Stress granule
Q96BD6	3625CB60	SOSS-INTAC Condensate
O43795	232F8A39	P-body
B0I1T2	232F8A39	P-body
Q00653	232F8A39	P-body
Q8K3Y3	D12E4DB9	Stress granule
Q9W1H5	1DA11FFF	Germ granule
Q9ULK4	B5B9A610	PML body
O15067	6D9DF426	Purinosome
P35637	B5B9A610	PML body
P17844	B5B9A610	PML body
Q9HCS7	B5B9A610	PML body
Q7Z5L9	B5B9A610	PML body
Q96BD6	A0DCDA94	DNA damage foci
P62806	AEAC39F1	Ccer1 condensate
P50990	B5B9A610	PML body
P30566	6D9DF426	Purinosome
Q16666	B5B9A610	PML body
Q9H9A7	B5B9A610	PML body
Q9UKX7	B5B9A610	PML body
Q14814	B5B9A610	PML body
Q15233	B5B9A610	PML body
P46060	B5B9A610	PML body
Q8WXI9	B5B9A610	PML body
Q86T24	B5B9A610	PML body
Q7Z333	B5B9A610	PML body
Q9H6T3	B5B9A610	PML body
Q86YH2	B5B9A610	PML body
Q9Y6X2	B5B9A610	PML body
O15164	B5B9A610	PML body
Q9Y4B4	B5B9A610	PML body
P62987	B5B9A610	PML body
P17066	B5B9A610	PML body
P52272	B5B9A610	PML body
P11142	B5B9A610	PML body
P78347	B5B9A610	PML body
Q96A19	B5B9A610	PML body
P08238	B5B9A610	PML body
P04279	B5B9A610	PML body
P0DMV8	B5B9A610	PML body
P00338	B5B9A610	PML body
P12814	B5B9A610	PML body
P01040	B5B9A610	PML body
Q06265	B5B9A610	PML body
Q13573	B5B9A610	PML body
Q14643	B5B9A610	PML body
P25311	B5B9A610	PML body
Q71DI3	B5B9A610	PML body
P01857	B5B9A610	PML body
P61978	B5B9A610	PML body
Q8IY92	B5B9A610	PML body
P02545	B5B9A610	PML body
Q13263	B5B9A610	PML body
P04792	B5B9A610	PML body
P47929	B5B9A610	PML body
P61626	B5B9A610	PML body
Q7Z589	B5B9A610	PML body
P01591	B5B9A610	PML body
Q9UGM3	B5B9A610	PML body
Q9QJ38	B5B9A610	PML body
Q16630	B5B9A610	PML body
Q13085	B5B9A610	PML body
Q06830	B5B9A610	PML body
Q8TF42	B5B9A610	PML body
P17931	B5B9A610	PML body
E5RJW4	B5B9A610	PML body
P23246	B5B9A610	PML body
O60664	B5B9A610	PML body
P22314	B5B9A610	PML body
O95373	B5B9A610	PML body
Q16531	B5B9A610	PML body
J3QL05	B5B9A610	PML body
P84090	B5B9A610	PML body
P49588	B5B9A610	PML body
J3QLE5	B5B9A610	PML body
P35659	B5B9A610	PML body
Q01780	B5B9A610	PML body
P09012	B5B9A610	PML body
P62306	B5B9A610	PML body
Q00653	B5B9A610	PML body
H7BXH2	B5B9A610	PML body
Q5T0R7	B5B9A610	PML body
P52294	B5B9A610	PML body
O14974	B5B9A610	PML body
E7ERJ7	B5B9A610	PML body
O95777	B5B9A610	PML body
P07900	B5B9A610	PML body
P04075	B5B9A610	PML body
X6RJP6	B5B9A610	PML body
Q06323	B5B9A610	PML body
Q2TAY7	B5B9A610	PML body
P63092	B5B9A610	PML body
Q96S59	B5B9A610	PML body
Q96HC4	B5B9A610	PML body
B0QYK0	B5B9A610	PML body
A0A0G2JIW1	B5B9A610	PML body
P55735	B5B9A610	PML body
Q96DI7	B5B9A610	PML body
P18206	B5B9A610	PML body
Q13057	B5B9A610	PML body
A8MT72	B5B9A610	PML body
Q7LBC6	B5B9A610	PML body
Q15459	B5B9A610	PML body
Q8WWM7	B5B9A610	PML body
P24534	B5B9A610	PML body
Q9NRR5	B5B9A610	PML body
Q8TD19	B5B9A610	PML body
O60684	B5B9A610	PML body
E9PIR7	B5B9A610	PML body
H0Y4W2	B5B9A610	PML body
P32780	B5B9A610	PML body
Q92783	B5B9A610	PML body
Q14258	B5B9A610	PML body
A0A087X0M4	B5B9A610	PML body
P19338	B5B9A610	PML body
Q9NQZ2	B5B9A610	PML body
P54727	B5B9A610	PML body
Q14247	B5B9A610	PML body
P62318	B5B9A610	PML body
P04080	B5B9A610	PML body
H7C2W9	B5B9A610	PML body
H7BXG7	B5B9A610	PML body
Q92598	B5B9A610	PML body
O15479	B5B9A610	PML body
H0YNW5	B5B9A610	PML body
E9PP21	B5B9A610	PML body
Q8N0X7	B5B9A610	PML body
B0QY89	B5B9A610	PML body
O43719	B5B9A610	PML body
I3L3B4	B5B9A610	PML body
P62316	B5B9A610	PML body
O60343	B5B9A610	PML body
Q9HAV4	B5B9A610	PML body
Q9CQL2	AEAC39F1	Ccer1 condensate
Q95YF3	9DA71F79	Stress granule
Q9XZU2	1DA11FFF	Germ granule
Q96RL1	A0DCDA94	DNA damage foci
Q8WXH4	6D9DF426	Purinosome
Q61937	2425F50D	Granular component
P22234	6D9DF426	Purinosome
Q15648	B5B9A610	PML body
E9PK01	B5B9A610	PML body
Q5T3J3	B5B9A610	PML body
O60244	B5B9A610	PML body
Q6NUK1	B5B9A610	PML body
P08579	B5B9A610	PML body
Q13451	B5B9A610	PML body
Q9NQW6	B5B9A610	PML body
Q9Y5J1	B5B9A610	PML body
O60884	B5B9A610	PML body
Q92466	B5B9A610	PML body
P49736	B5B9A610	PML body
H3BLV9	B5B9A610	PML body
Q9HAU5	B5B9A610	PML body
O60832	B5B9A610	PML body
Q86VP6	B5B9A610	PML body
H0YJS4	B5B9A610	PML body
Q7L576	B5B9A610	PML body
E9PEB5	B5B9A610	PML body
P35244	B5B9A610	PML body
U3KQK0	B5B9A610	PML body
Q9UKM7	B5B9A610	PML body
K7EQH1	B5B9A610	PML body
O15355	B5B9A610	PML body
Q9Y230	B5B9A610	PML body
X6R700	B5B9A610	PML body
O14929	B5B9A610	PML body
P52292	B5B9A610	PML body
H3BR35	B5B9A610	PML body
Q8IX12	B5B9A610	PML body
Q9Y265	B5B9A610	PML body
Q14C86	B5B9A610	PML body
Q9H7D7	B5B9A610	PML body
A0A0C4DG89	B5B9A610	PML body
P21266	B5B9A610	PML body
Q92797	B5B9A610	PML body
Q5SRQ6	B5B9A610	PML body
Q2TAL8	B5B9A610	PML body
A0A0J9YW13	B5B9A610	PML body
Q9HB71	B5B9A610	PML body
P53985	B5B9A610	PML body
Q9HCU4	B5B9A610	PML body
Q9BXP5	B5B9A610	PML body
B1AK85	B5B9A610	PML body
O15270	B5B9A610	PML body
A0A0G2JKZ1	B5B9A610	PML body
A6NG10	B5B9A610	PML body
Q9ULW0	B5B9A610	PML body
C9JQD4	B5B9A610	PML body
Q5VUA4	B5B9A610	PML body
Q52LJ0	B5B9A610	PML body
G3V153	B5B9A610	PML body
E7EX17	B5B9A610	PML body
Q9Y4Y9	B5B9A610	PML body
Q9BTL3	B5B9A610	PML body
P20073	B5B9A610	PML body
Q14847	B5B9A610	PML body
A0A0G2JNN3	B5B9A610	PML body
P07195	B5B9A610	PML body
A0A0D9SFI6	B5B9A610	PML body
P30101	B5B9A610	PML body
Q9Y4B6	B5B9A610	PML body
Q5VTL8	B5B9A610	PML body
Q9Y2W1	B5B9A610	PML body
Q13619	B5B9A610	PML body
Q16822	B5B9A610	PML body
Q8WUM4	B5B9A610	PML body
Q7KZF4	B5B9A610	PML body
F5H658	B5B9A610	PML body
Q92734	B5B9A610	PML body
P62258	B5B9A610	PML body
P30041	B5B9A610	PML body
J3KTL2	B5B9A610	PML body
P50995	B5B9A610	PML body
O00410	B5B9A610	PML body
O94842	B5B9A610	PML body
H7C561	B5B9A610	PML body
P09661	B5B9A610	PML body
O43660	B5B9A610	PML body
Q02790	B5B9A610	PML body
A0A087WVQ6	B5B9A610	PML body
Q9Y2W2	B5B9A610	PML body
O96019	B5B9A610	PML body
A0A087X1E4	B5B9A610	PML body
P51572	B5B9A610	PML body
Q9Y3B4	B5B9A610	PML body
Q12874	B5B9A610	PML body
C9JZR2	B5B9A610	PML body
Q9BTV4	B5B9A610	PML body
Q7Z6Z7	B5B9A610	PML body
P19784	B5B9A610	PML body
Q86UP2	B5B9A610	PML body
H7BXF5	B5B9A610	PML body
D6R917	B5B9A610	PML body
O43707	B5B9A610	PML body
P45974	B5B9A610	PML body
B6VEX4	B5B9A610	PML body
O14964	B5B9A610	PML body
O60828	B5B9A610	PML body
Q8TEX9	B5B9A610	PML body
G5EA31	B5B9A610	PML body
Q96T76	B5B9A610	PML body
Q16513	B5B9A610	PML body
E9PMC9	B5B9A610	PML body
G3V1C3	B5B9A610	PML body
E7EX29	B5B9A610	PML body
F5H2F4	B5B9A610	PML body
X6RAL5	B5B9A610	PML body
P27348	B5B9A610	PML body
P51610	B5B9A610	PML body
E9PB61	B5B9A610	PML body
Q15393	B5B9A610	PML body
P52209	B5B9A610	PML body
A8MU58	B5B9A610	PML body
P08758	B5B9A610	PML body
K7ERV3	B5B9A610	PML body
Q9H307	B5B9A610	PML body
O43290	B5B9A610	PML body
Q86TC9	B5B9A610	PML body
Q13907	B5B9A610	PML body
Q9H6F5	B5B9A610	PML body
Q5H907	B5B9A610	PML body
Q9ULM3	B5B9A610	PML body
P62310	B5B9A610	PML body
A0A087X0H9	B5B9A610	PML body
B4DIE3	B5B9A610	PML body
Q9Y4E8	B5B9A610	PML body
A9Z1X7	B5B9A610	PML body
E5RJR5	B5B9A610	PML body
O15014	B5B9A610	PML body
P53396	B5B9A610	PML body
E7EX73	B5B9A610	PML body
P23526	B5B9A610	PML body
Q93052	B5B9A610	PML body
Q9Y3C6	B5B9A610	PML body
Q5D1E8	DEE660B4	Stress granule
Q8VZG7	24475C75	Stress granule
Q95XR4	3DE2549A	PGL granules
P16152	B5B9A610	PML body
Q99504	B5B9A610	PML body
Q8TED0	B5B9A610	PML body
J3QLI9	B5B9A610	PML body
P07737	B5B9A610	PML body
Q9FXA2	24475C75	Stress granule
F6VRR5	B5B9A610	PML body
B7Z7F3	B5B9A610	PML body
P04406	B5B9A610	PML body
Q06210	B5B9A610	PML body
Q96P70	B5B9A610	PML body
R4GMW8	B5B9A610	PML body
P11717	B5B9A610	PML body
P61289	B5B9A610	PML body
E7ERL0	B5B9A610	PML body
J3KRK0	B5B9A610	PML body
V9GZ56	B5B9A610	PML body
F8W726	B5B9A610	PML body
A0A087WY55	B5B9A610	PML body
M0R2B7	B5B9A610	PML body
O75530	B5B9A610	PML body
O75369	B5B9A610	PML body
P12277	B5B9A610	PML body
Q9UHD1	B5B9A610	PML body
Q14739	B5B9A610	PML body
Q5BJH7	B5B9A610	PML body
Q9BVJ6	B5B9A610	PML body
E9PLK3	B5B9A610	PML body
P62304	B5B9A610	PML body
Q6IAA8	B5B9A610	PML body
Q04760	B5B9A610	PML body
G8JLD5	B5B9A610	PML body
Q86X55	B5B9A610	PML body
Q92733	B5B9A610	PML body
E7EVE9	B5B9A610	PML body
R4GNH3	B5B9A610	PML body
H7BYN4	B5B9A610	PML body
Q6ZU65	B5B9A610	PML body
O75717	B5B9A610	PML body
P55060	B5B9A610	PML body
P35269	B5B9A610	PML body
B1AHD1	B5B9A610	PML body
E9PHA2	B5B9A610	PML body
B5MCF9	B5B9A610	PML body
P19447	B5B9A610	PML body
Q15942	B5B9A610	PML body
Q9HCK8	B5B9A610	PML body
O95340	B5B9A610	PML body
H7C2Q8	B5B9A610	PML body
Q7KZN9	B5B9A610	PML body
E7EX44	B5B9A610	PML body
P61964	B5B9A610	PML body
Q13838	B5B9A610	PML body
Q9H6S3	B5B9A610	PML body
A0A0A0MSN9	B5B9A610	PML body
P24666	B5B9A610	PML body
Q05048	B5B9A610	PML body
P08133	B5B9A610	PML body
O14776	B5B9A610	PML body
Q8WY36	B5B9A610	PML body
E7EU96	B5B9A610	PML body
Q6P1J9	B5B9A610	PML body
A0A0U1RRM1	B5B9A610	PML body
B3KQV6	B5B9A610	PML body
P39880	B5B9A610	PML body
E9PKG1	B5B9A610	PML body
O14744	B5B9A610	PML body
K7EJX0	B5B9A610	PML body
Q9BYG3	B5B9A610	PML body
P54259	B5B9A610	PML body
Q5VT52	B5B9A610	PML body
V9GYF8	B5B9A610	PML body
O75475	B5B9A610	PML body
O60306	B5B9A610	PML body
Q05D32	B5B9A610	PML body
O95292	B5B9A610	PML body
Q13200	B5B9A610	PML body
Q9NX40	B5B9A610	PML body
P56182	B5B9A610	PML body
Q12873	B5B9A610	PML body
P13073	B5B9A610	PML body
P26639	B5B9A610	PML body
Q07065	B5B9A610	PML body
P40763	B5B9A610	PML body
E7EVX8	B5B9A610	PML body
Q16401	B5B9A610	PML body
Q15477	B5B9A610	PML body
O00267	B5B9A610	PML body
A6NJA2	B5B9A610	PML body
Q8WXE1	B5B9A610	PML body
G3V2Q3	B5B9A610	PML body
E7ETD6	B5B9A610	PML body
X6RCR8	B5B9A610	PML body
Q12888	B5B9A610	PML body
P26640	B5B9A610	PML body
J3KPM9	B5B9A610	PML body
P14923	B5B9A610	PML body
O75746	B5B9A610	PML body
Q15020	B5B9A610	PML body
Q9UGI8	B5B9A610	PML body
Q15654	B5B9A610	PML body
A6NHR9	B5B9A610	PML body
Q96C86	B5B9A610	PML body
O15160	B5B9A610	PML body
Q15437	B5B9A610	PML body
B4DJ81	B5B9A610	PML body
Q9NVM9	B5B9A610	PML body
Q15061	B5B9A610	PML body
O60341	B5B9A610	PML body
E9PSH0	B5B9A610	PML body
Q9NYF8	B5B9A610	PML body
P56192	B5B9A610	PML body
O43813	B5B9A610	PML body
H0YMZ1	B5B9A610	PML body
P08621	B5B9A610	PML body
Q13123	B5B9A610	PML body
Q7KZ85	B5B9A610	PML body
O43172	B5B9A610	PML body
Q9Y2Z0	B5B9A610	PML body
P0DN79	B5B9A610	PML body
A0A0J9YYL3	B5B9A610	PML body
H9KV28	B5B9A610	PML body
A0A0A0MTH9	B5B9A610	PML body
Q5SQP8	B5B9A610	PML body
A0A0A0MSQ0	B5B9A610	PML body
G5EC37	3DE2549A	PGL granules
Q9NY61	B5B9A610	PML body
Q94K01	24475C75	Stress granule
Q9SB47	24475C75	Stress granule
Q3MK94	60F64496	P-body
O45551	3DE2549A	PGL granules
Q6PKG0	B5B9A610	PML body
P50995	B3A0EABC	Midbody Granule
Q62521	D9A36668	Transcriptional condensate
Q05682	DEE660B4	Stress granule
P31483	B3A0EABC	Midbody Granule
Q9CXC9	D9A36668	Transcriptional condensate
Q91WJ8	D9A36668	Transcriptional condensate
P97474	D9A36668	Transcriptional condensate
A0A7J6JZB5	5E22074F	Stress Granule
P24928	335D4357	SGF29 condensate
P25786	4F6C34C9	senescence-associated nuclear proteasome foci
P04075	DEE660B4	Stress granule
Q9NP61	DEE660B4	Stress granule
A0A7J6K5K9	5E22074F	Stress Granule
A0A7J6K728	5E22074F	Stress Granule
A0A7J6K9T3	5E22074F	Stress Granule
A0A7J6KBZ7	5E22074F	Stress Granule
A0A7J6KD16	5E22074F	Stress Granule
A0A7J6KD78	5E22074F	Stress Granule
A0A7J6KDS2	5E22074F	Stress Granule
A0A7J6KGH8	5E22074F	Stress Granule
A0SIX7	5E22074F	Stress Granule
B6KN45	5E22074F	Stress Granule
B9PHR1	5E22074F	Stress Granule
B9PXQ3	5E22074F	Stress Granule
E0AEY9	5E22074F	Stress Granule
F2YGR7	5E22074F	Stress Granule
I7BFC9	5E22074F	Stress Granule
Q0GB77	5E22074F	Stress Granule
Q309Z7	5E22074F	Stress Granule
Q6PQ42	5E22074F	Stress Granule
Q7Z1F7	5E22074F	Stress Granule
Q95Z02	5E22074F	Stress Granule
Q9BLM8	5E22074F	Stress Granule
Q9NG25	5E22074F	Stress Granule
Q9TW75	5E22074F	Stress Granule
Q9U540	5E22074F	Stress Granule
R4H6A8	5E22074F	Stress Granule
Q9C718	D78976C2	RH20 condensate
Q9SHF3	D78976C2	RH20 condensate
P40381	678F8DAA	Heterochromatin
Q9ZST1	5E9136F1	Stress Granule
A0A7J6JZA8	5E22074F	Stress Granule
P60900	4F6C34C9	senescence-associated nuclear proteasome foci
F6TQD1	D38CDCAD	sex body
P46773	5E9136F1	Stress Granule
P0C440	5E9136F1	Stress Granule
Q6F2Y7	5E9136F1	Stress Granule
Q69QQ6	5E9136F1	Stress Granule
Q42971	5E9136F1	Stress Granule
Q0J8G4	5E9136F1	Stress Granule
Q0J8A4	5E9136F1	Stress Granule
P30298	5E9136F1	Stress Granule
P28752	5E9136F1	Stress Granule
Q10DK7	5E9136F1	Stress Granule
Q8S6N5	5E9136F1	Stress Granule
Q02241	B3A0EABC	Midbody Granule
Q7LC44	B3A0EABC	Midbody Granule
P62195	4F6C34C9	senescence-associated nuclear proteasome foci
Q9H425	DEE660B4	Stress granule
Q9UPU7	2EABBFCD	TBC1D2B condensate
Q15018	232F8A39	P-body
Q84LH8	988B4B02	Plant Photobody
P11940	B3A0EABC	Midbody Granule
Q9H0H5	B3A0EABC	Midbody Granule
Q9CZW6	18E63256	PARP5A–RNF146 condensate
P0C485	5E9136F1	Stress Granule
Q8SAY0	5E9136F1	Stress Granule
Q96ES7	335D4357	SGF29 condensate
O95835	B15FE1AF	Hippo signalosome
Q13188	B15FE1AF	Hippo signalosome
Q94BR4	988B4B02	Plant Photobody
O97468	58B04F1E	Omega speckle
O01477	8EC6ED41	SIMR foci
Q9NWT8	DEE660B4	Stress granule
A0A140H547	5E22074F	Stress Granule
Q5W6R4	CDEBD68E	OsSRO1c-OsDREB2B condensate
A0A7J6JSR9	5E22074F	Stress Granule
Q9NPJ6	335D4357	SGF29 condensate
P08047	335D4357	SGF29 condensate
Q9DDD7	662EAB36	Transcription condensate
A0A0R4IMS9	662EAB36	Transcription condensate
A5JNG8	662EAB36	Transcription condensate
Q7SXE8	662EAB36	Transcription condensate
P0DP23	DEE660B4	Stress granule
Q13492	DEE660B4	Stress granule
P0C477	5E9136F1	Stress Granule
Q9LGQ6	5E9136F1	Stress Granule
P31674	5E9136F1	Stress Granule
Q9H4B6	B15FE1AF	Hippo signalosome
Q9H8S9	B15FE1AF	Hippo signalosome
P46937	B15FE1AF	Hippo signalosome
Q9GZV5	B15FE1AF	Hippo signalosome
Q08AD1	DEE660B4	Stress granule
P55210	DEE660B4	Stress granule
Q6P1N0	DEE660B4	Stress granule
Q9Y5K6	DEE660B4	Stress granule
P13569	DEE660B4	Stress granule
Q86X95	DEE660B4	Stress granule
P46108	DEE660B4	Stress granule
Q9NY93	DEE660B4	Stress granule
Q9UDY4	DEE660B4	Stress granule
O14640	DEE660B4	Stress granule
O43237	DEE660B4	Stress granule
Q9BUP0	DEE660B4	Stress granule
Q7Z2Z2	DEE660B4	Stress granule
P55010	DEE660B4	Stress granule
Q96EB1	DEE660B4	Stress granule
P06733	DEE660B4	Stress granule
Q9Y2J2	DEE660B4	Stress granule
P49327	DEE660B4	Stress granule
P04406	DEE660B4	Stress granule
Q5VSY0	DEE660B4	Stress granule
P52655	DEE660B4	Stress granule
Q00341	DEE660B4	Stress granule
Q53T59	DEE660B4	Stress granule
Q15652	DEE660B4	Stress granule
Q96AT1	DEE660B4	Stress granule
Q5T5P2	DEE660B4	Stress granule
Q03164	DEE660B4	Stress granule
P00338	DEE660B4	Stress granule
P07195	DEE660B4	Stress granule
P09382	DEE660B4	Stress granule
Q9BRT6	DEE660B4	Stress granule
P46821	DEE660B4	Stress granule
Q8IWC1	DEE660B4	Stress granule
P28482	DEE660B4	Stress granule
Q96KB5	DEE660B4	Stress granule
Q9NYJ8	DEE660B4	Stress granule
P42574	DEE660B4	Stress granule
Q9NRM7	B15FE1AF	Hippo signalosome
Q16186	4F6C34C9	senescence-associated nuclear proteasome foci
Q07802	3CA9DEF4	EB1F condensate
Q10PL7	CDEBD68E	OsSRO1c-OsDREB2B condensate
Q2QWU2	5E9136F1	Stress Granule
A0A7J6K069	5E22074F	Stress Granule
A0A7J6K4N3	5E22074F	Stress Granule
Q9NY12	08386919	Dense Fibrillar Component
P27048	8BEB9125	Cajal body
P08537	7B3AF3B0	Centrosome
Q9CQJ4	A5CB8438	PcG body
P18272	75451661	Viral Factory
Q9Y2X3	08386919	Dense Fibrillar Component
O43561-2	1070A586	Synthetic Condensate 000045
Q03513	04340D3C	Synthetic Condensate 000348
M0R0X9	02F8D883	IFN-I transcriptional condensate
Q6PFX9	18E63256	PARP5A–RNF146 condensate
Q5A0W9	1E246C77	Transcriptional condensate
Q09248	1E117272	Centrosome
P07902	2AFE1BD8	RdRp condensates
O95758	232F8A39	P-body
P22147	7CAF9006	Tam body
I1YAP6	8C2F96ED	Centrosome
P10081	E2C825DB	Translational Condensate
Q9W6S8	26FE9D3B	Cajal body
O43781	1EF72FBA	ERES
Q6PDM2	3F0300C2	Nuclear speckle
Q91349	0DA90D7A	Nuclear pore complex
Q14153	1A18FFC4	Paraspeckle
Q8NG06	8C2F96ED	Centrosome
Q9NX24	08386919	Dense Fibrillar Component
Q9H1Q7	1A18FFC4	Paraspeckle
Q5JB61	D7FE2080	Nucleolus
H0WFA5	0E1CE0E6	Germ granule
C5MKY7	0CEEA3E8	Synthetic Condensate 000006
Q03513	42323686	Synthetic Condensate 000212
Q8N7C3	8C2F96ED	Centrosome
P36041	E2C825DB	Translational Condensate
Q495X7	8C2F96ED	Centrosome
A6NDI0	8C2F96ED	Centrosome
P0CI25	8C2F96ED	Centrosome
Q96BQ3	8C2F96ED	Centrosome
O75382	8C2F96ED	Centrosome
Q92804-2	01ADBBD5	Synthetic Condensate 000031
Q07352	1A0651A8	Synthetic Condensate 000370
Q13415	AA62C26E	ORC1 bodies
P55769	08386919	Dense Fibrillar Component
Q53EP0	232F8A39	P-body
P03523	01BEC43A	Synthetic Condensate 000315
Q8N684	1A18FFC4	Paraspeckle
O43463	AA62C26E	ORC1 bodies
Q86UV6	8C2F96ED	Centrosome
Q86UV7	8C2F96ED	Centrosome
Q309B1	8C2F96ED	Centrosome
Q09702	F5301D48	Stress granule
P41887	F5301D48	Stress granule
Q7M6Y5	017348A2	Synthetic Condensate 000276
Q05785	18F6A7CA	Endocytic condensates
P00880	29B486D9	Synthetic Condensate 000221
Q9UER7	DABB4E53	LANA body
P25158-2	1DA11FFF	Germ granule
P52912	650D5353	Inclusion body
P26358	AA62C26E	ORC1 bodies
Q08473	19A54EA0	Sponge body
A0A0D9RHW7	A617D9CE	Inclusion body
O75460	DEE660B4	Stress granule
Q96MU7	0C658009	nYAC
B9XZG7	C929E7F0	BR-body
Q08379	AD8D327D	Golgi ribbon
Q9JK30	01CA17F3	Centrosome
P31431	D19EB1EA	SDC4 exosomal condensate
Q8NBT0	03D56D03	Tau Condensate
A0A0D9RRJ6	A617D9CE	Inclusion body
A0A076JUE1	2AFE1BD8	RdRp condensates
Q9WH75	A617D9CE	Inclusion body
Q9XVS4	F3630F2C	Nuclear body
A0A059VCI1	2AFE1BD8	RdRp condensates
O60832	08386919	Dense Fibrillar Component
P35550	0640DAB7	Dense Fibrillar Component
Q2U5W7	8153499B	P-body
P13179	A617D9CE	Inclusion body
Q9D4F8	01CA17F3	Centrosome
Q8R1Z4	01CA17F3	Centrosome
O08788	01CA17F3	Centrosome
Q8K389	01CA17F3	Centrosome
O35723	01CA17F3	Centrosome
Q9D1C2	01CA17F3	Centrosome
Q9NQI0	2B1872D5	Balbiani body
Q6PH08	05A797AF	Presynaptic clusters
P00924	0F56F502	G-body
Q9WV60	01CA17F3	Centrosome
P97311	01CA17F3	Centrosome
O60942	DEE660B4	Stress granule
O08760	01CA17F3	Centrosome
Q8NFU7	6F24707C	Cajal body
Q02111	01CA17F3	Centrosome
O62479	1E117272	Centrosome
P87173	0808F6DD	P-body
Q01844	1A18FFC4	Paraspeckle
Q9YGW7	DD98A56E	Balbiani body
O43474	1A18FFC4	Paraspeckle
P63074	1E07FF65	Neuronal RNP granule
P10276	1ED00101	Synthetic Condensate 000186
P08670	75451661	Viral Factory
P10067	4270DBEE	Synthetic Condensate 000246
P0C054	3A3AD14F	Aggresome
Q02241	232F8A39	P-body
Q15648	20D775CC	Synthetic Condensate 000188
Q86XN8	232F8A39	P-body
P02787	232F8A39	P-body
Q9BZE4	232F8A39	P-body
O14717	232F8A39	P-body
O75533	232F8A39	P-body
Q9BZR9	9F779CC8	Nuclear body
O00410	1422620B	Synthetic Condensate 000017
A1Z9P1	1DA11FFF	Germ granule
E9P860	060EE9EF	Z-granule
Q9QY24	1C395EBB	Arsenite-induced Necrosome
Q64028	A5CB8438	PcG body
P19970	BCF8C0FA	FRQ condensate
Q9UHD9	075799D7	Synthetic Condensate 000085
Q8IX01	232F8A39	P-body
Q9NPE3	08386919	Dense Fibrillar Component
Q9UIV1	232F8A39	P-body
Q9VV74	A086309B	U-body
A0AAX6QHL1	B64524C9	Nuclear speckle
P11211	A617D9CE	Inclusion body
A0A0D9RB41	A617D9CE	Inclusion body
P01100	1A18FFC4	Paraspeckle
Q9C7W1	117BB047	PARCL condensate
Q8IWZ4	8C2F96ED	Centrosome
Q9BXT4	225F9C97	IMC (intermitochondrial cement)
Q52KN7	7B3AF3B0	Centrosome
O00567	08386919	Dense Fibrillar Component
P53010	E2C825DB	Translational Condensate
Q14781	15E3C9A9	Synthetic Condensate 000166
P22087	08386919	Dense Fibrillar Component
P42858	1A18FFC4	Paraspeckle
P45973	AA62C26E	ORC1 bodies
P11211	650D5353	Inclusion body
Q31NB2	04340D3C	Synthetic Condensate 000348
Q9TYK1	07A7ED5B	Synthetic Condensate 000060
O43561-2	03FC3A53	Synthetic Condensate 000074
O55017	05A797AF	Presynaptic clusters
Q84W89	4299E36E	Nucleolus
Q9SS61	4299E36E	Nucleolus
Q5E924	4299E36E	Nucleolus
Q9M1J9	4299E36E	Nucleolus
Q8RXU6	4299E36E	Nucleolus
Q9C6C2	4299E36E	Nucleolus
Q9LYJ9	4299E36E	Nucleolus
Q94KE2	4299E36E	Nucleolus
P92966	4299E36E	Nucleolus
F4J8X6	4299E36E	Nucleolus
F4HR02	4299E36E	Nucleolus
Q940Y3	4299E36E	Nucleolus
A0A219I0W9	4299E36E	Nucleolus
Q8RWN9	4299E36E	Nucleolus
Q04836	4299E36E	Nucleolus
Q9LJR2	4299E36E	Nucleolus
Q9LY66	4299E36E	Nucleolus
Q9SIB9	4299E36E	Nucleolus
Q9SCW1	4299E36E	Nucleolus
Q1H5C9	4299E36E	Nucleolus
P42731	24475C75	Stress granule
A0A1I9LSB9	24475C75	Stress granule
P34331-2	2839F8E0	Synthetic Condensate 000108
O60563	38EC0B30	Transcriptional condensate
Q8N7H5	38EC0B30	Transcriptional condensate
Q9FFQ1	24475C75	Stress granule
P10636	24B12ACB	Synthetic Condensate 000346
Q56WD9	4299E36E	Nucleolus
Q9HBD1	232F8A39	P-body
Q14151	232F8A39	P-body
Q9NVP1	232F8A39	P-body
Q14690	232F8A39	P-body
Q96GA3	232F8A39	P-body
O43390	232F8A39	P-body
O15116	232F8A39	P-body
Q96QP1	232F8A39	P-body
O15226	232F8A39	P-body
Q92945	232F8A39	P-body
P47929	232F8A39	P-body
Q9FE18	4299E36E	Nucleolus
P33993	232F8A39	P-body
Q14980	232F8A39	P-body
Q13310	232F8A39	P-body
B7Z4B8	232F8A39	P-body
O75340	232F8A39	P-body
Q9Y2W1	232F8A39	P-body
Q12955	232F8A39	P-body
Q9Y520	232F8A39	P-body
Q07021	232F8A39	P-body
Q96E39	232F8A39	P-body
Q9UM54	232F8A39	P-body
Q14692	232F8A39	P-body
Q6UWP8	232F8A39	P-body
Q9C0J8	232F8A39	P-body
Q9Y5S9	232F8A39	P-body
H0YMD0	232F8A39	P-body
Q01469	232F8A39	P-body
P27635	232F8A39	P-body
Q9Y2K5	232F8A39	P-body
Q92841	232F8A39	P-body
Q9BVP2	232F8A39	P-body
Q12986	232F8A39	P-body
Q9P2I0	232F8A39	P-body
Q9NX58	232F8A39	P-body
P47710	232F8A39	P-body
Q7Z739	232F8A39	P-body
Q9H7B2	232F8A39	P-body
P14866	232F8A39	P-body
F2Z388	232F8A39	P-body
P60709	232F8A39	P-body
Q9BQA1	232F8A39	P-body
P05089	232F8A39	P-body
Q5QPL9	232F8A39	P-body
E1P5S2	232F8A39	P-body
P07910	232F8A39	P-body
Q9H9G7	232F8A39	P-body
Q14201	232F8A39	P-body
O94832	232F8A39	P-body
Q96LI5	232F8A39	P-body
Q7Z2W4	232F8A39	P-body
P09012	232F8A39	P-body
Q9NW13	232F8A39	P-body
P01876	232F8A39	P-body
Q969Q0	232F8A39	P-body
P28288	232F8A39	P-body
P49748	232F8A39	P-body
P18085	232F8A39	P-body
Q13951	232F8A39	P-body
Q00610	232F8A39	P-body
O60832	232F8A39	P-body
O15371	232F8A39	P-body
P57678	232F8A39	P-body
P55084	232F8A39	P-body
Q9BUJ2	232F8A39	P-body
Q9UHB6	232F8A39	P-body
O94776	232F8A39	P-body
Q6UB35	232F8A39	P-body
Q14764	232F8A39	P-body
P52948	232F8A39	P-body
Q9H307	232F8A39	P-body
O43242	232F8A39	P-body
Q14699	232F8A39	P-body
Q02878	232F8A39	P-body
Q9Y230	232F8A39	P-body
Q00325	232F8A39	P-body
P42224	232F8A39	P-body
P23381	232F8A39	P-body
P36970	246D7041	Chromatoid body
G5EBV6	3DE2549A	PGL granules
A0A0B4KFL3	2838EF58	Centrosome
P63174	34881ED2	Nucleolus
P0A6H5	3A3AD14F	Aggresome
Q9H0J9	232F8A39	P-body
O75175	232F8A39	P-body
Q8WUX9	38BEFE36	Synthetic Condensate 000277
Q8I0P1	2838EF58	Centrosome
P0AEX9	7ADEF05E	Synthetic Condensate 000039
P0CJ47	4299E36E	Nucleolus
Q9FL12	4299E36E	Nucleolus
P62081	232F8A39	P-body
Q04637	3190BB68	inclusion body-associated granule (IBAG)
Q96PU8	232F8A39	P-body
P0DTC5	38D1B6BE	SARS-CoV-2 condensate
P43243	232F8A39	P-body
Q9VAP2	2838EF58	Centrosome
P09651-2	25CCE98C	Synthetic Condensate 000047
Q42351	4299E36E	Nucleolus
Q8NDV7	278829DE	Chromatoid body
O00444	2A09918C	Synthetic Condensate 000359
P24928	38EC0B30	Transcriptional condensate
P35637	28F24DDF	Synthetic Condensate 000256
Q09472	38EC0B30	Transcriptional condensate
Q9LVH1	4299E36E	Nucleolus
Q9FG30	4299E36E	Nucleolus
Q01525	4299E36E	Nucleolus
Q96252	4299E36E	Nucleolus
Q94K85	4299E36E	Nucleolus
Q9ZV45	4299E36E	Nucleolus
F4HZ82	4299E36E	Nucleolus
Q9SN96	4299E36E	Nucleolus
P25071	4299E36E	Nucleolus
Q9SAJ4	4299E36E	Nucleolus
Q9S7L9	4299E36E	Nucleolus
O81147	4299E36E	Nucleolus
Q9FNH2	4299E36E	Nucleolus
Q9LFP1	4299E36E	Nucleolus
Q9FLW9	4299E36E	Nucleolus
Q9M336	4299E36E	Nucleolus
Q9LSG3	4299E36E	Nucleolus
F4J8L1	4299E36E	Nucleolus
Q9M0B6	4299E36E	Nucleolus
P30186	4299E36E	Nucleolus
Q9ASW8	4299E36E	Nucleolus
O80704	4299E36E	Nucleolus
P30184	4299E36E	Nucleolus
F4JRE0	4299E36E	Nucleolus
P59233	4299E36E	Nucleolus
Q8H104	4299E36E	Nucleolus
Q9SSF1	4299E36E	Nucleolus
Q8RY12	4299E36E	Nucleolus
Q93VI4	4299E36E	Nucleolus
Q9ZPI1	4299E36E	Nucleolus
F4JSC0	4299E36E	Nucleolus
Q9LPW0	4299E36E	Nucleolus
Q9FJJ1	4299E36E	Nucleolus
Q9LZM6	4299E36E	Nucleolus
F4JRD3	4299E36E	Nucleolus
F4I4Q1	4299E36E	Nucleolus
Q9ZUF6	4299E36E	Nucleolus
Q9LIN9	4299E36E	Nucleolus
Q9SPK5	4299E36E	Nucleolus
Q9LRZ3	4299E36E	Nucleolus
Q42340	4299E36E	Nucleolus
P42798	4299E36E	Nucleolus
Q9SGE9	4299E36E	Nucleolus
Q94EJ6	4299E36E	Nucleolus
O23049	4299E36E	Nucleolus
P83483	4299E36E	Nucleolus
Q8H0S3	4299E36E	Nucleolus
Q9LZQ9	4299E36E	Nucleolus
Q8L719	4299E36E	Nucleolus
Q8S8M9	4299E36E	Nucleolus
Q944K2	4299E36E	Nucleolus
Q41931	4299E36E	Nucleolus
Q9SXS7	4299E36E	Nucleolus
F4IRA9	4299E36E	Nucleolus
A0A2H1ZEE9	4299E36E	Nucleolus
F4IE14	4299E36E	Nucleolus
Q8RWK8	4299E36E	Nucleolus
Q7Y175	4299E36E	Nucleolus
Q01667	4299E36E	Nucleolus
Q9LJX4	4299E36E	Nucleolus
A9LLI7	4299E36E	Nucleolus
Q93Z70	4299E36E	Nucleolus
Q5XF06	4299E36E	Nucleolus
Q96300	4299E36E	Nucleolus
Q9SKD3	4299E36E	Nucleolus
Q9SIV2	4299E36E	Nucleolus
Q9SZ30	4299E36E	Nucleolus
O82265	4299E36E	Nucleolus
Q9LHG0	4299E36E	Nucleolus
Q9C7N5	4299E36E	Nucleolus
Q8LG05	4299E36E	Nucleolus
Q9FYF8	4299E36E	Nucleolus
Q9LIA8	4299E36E	Nucleolus
P29197	4299E36E	Nucleolus
Q9SF55	4299E36E	Nucleolus
Q8GXB7	4299E36E	Nucleolus
Q8RXF1	4299E36E	Nucleolus
Q9SCT4	4299E36E	Nucleolus
B3LF48	4299E36E	Nucleolus
Q8LA16	4299E36E	Nucleolus
Q9FPF0	4299E36E	Nucleolus
Q9LFU5	4299E36E	Nucleolus
Q93ZH3	4299E36E	Nucleolus
P51414	4299E36E	Nucleolus
F4JT92	4299E36E	Nucleolus
Q9STY6	4299E36E	Nucleolus
P31265	4299E36E	Nucleolus
Q9LVN7	4299E36E	Nucleolus
F4JLM5	4299E36E	Nucleolus
Q8H1E2	4299E36E	Nucleolus
Q9SH69	4299E36E	Nucleolus
P17597	4299E36E	Nucleolus
O64764	4299E36E	Nucleolus
Q9M223	4299E36E	Nucleolus
Q9SSD2	4299E36E	Nucleolus
Q9FJH6	4299E36E	Nucleolus
Q9SUW2	4299E36E	Nucleolus
Q8LD27	4299E36E	Nucleolus
O23144	4299E36E	Nucleolus
P41376	4299E36E	Nucleolus
Q8W4H7	4299E36E	Nucleolus
F4ICK8	4299E36E	Nucleolus
Q9CAN8	4299E36E	Nucleolus
Q38867	4299E36E	Nucleolus
O22892	4299E36E	Nucleolus
Q94BY3	4299E36E	Nucleolus
F4JFN3	4299E36E	Nucleolus
Q8VYZ5	4299E36E	Nucleolus
F4I4Q9	4299E36E	Nucleolus
P22738	4299E36E	Nucleolus
Q93ZM7	4299E36E	Nucleolus
A0A1P8BB34	4299E36E	Nucleolus
O64740	4299E36E	Nucleolus
Q42601	4299E36E	Nucleolus
P50546	4299E36E	Nucleolus
Q8VYF7	4299E36E	Nucleolus
O22268	4299E36E	Nucleolus
Q8RXQ4	4299E36E	Nucleolus
Q9SHP0	4299E36E	Nucleolus
Q7X9I4	4299E36E	Nucleolus
O23207	4299E36E	Nucleolus
O80450	4299E36E	Nucleolus
O22714	4299E36E	Nucleolus
Q67YI9	4299E36E	Nucleolus
Q9S714	4299E36E	Nucleolus
Q9C5N2	4299E36E	Nucleolus
Q8W575	4299E36E	Nucleolus
A0A1P8AM23	4299E36E	Nucleolus
Q9FV53	4299E36E	Nucleolus
F4I1E5	4299E36E	Nucleolus
Q9S9P3	4299E36E	Nucleolus
Q9SRZ6	4299E36E	Nucleolus
P42742	4299E36E	Nucleolus
Q5XEV4	4299E36E	Nucleolus
O49447	4299E36E	Nucleolus
Q8RY25	4299E36E	Nucleolus
Q9LQ43	4299E36E	Nucleolus
Q9LVW7	4299E36E	Nucleolus
P25857	4299E36E	Nucleolus
Q9SRL6	4299E36E	Nucleolus
P92994	4299E36E	Nucleolus
Q9S7E4	4299E36E	Nucleolus
P43333	4299E36E	Nucleolus
Q9SB63	4299E36E	Nucleolus
Q93VT9	4299E36E	Nucleolus
Q9LU85	4299E36E	Nucleolus
Q94BZ7	4299E36E	Nucleolus
Q9LV35	4299E36E	Nucleolus
Q38935	4299E36E	Nucleolus
P46286	4299E36E	Nucleolus
Q9LZP4	4299E36E	Nucleolus
F4IH25	4299E36E	Nucleolus
Q9M0N1	4299E36E	Nucleolus
Q9SUN5	4299E36E	Nucleolus
Q8L641	4299E36E	Nucleolus
Q3E6S8	4299E36E	Nucleolus
Q8VZW6	4299E36E	Nucleolus
Q9FJ79	4299E36E	Nucleolus
Q9LTT8	4299E36E	Nucleolus
Q9LML3	4299E36E	Nucleolus
Q9FVE6	4299E36E	Nucleolus
F4I4N4	4299E36E	Nucleolus
Q9FVV7	4299E36E	Nucleolus
P51818	4299E36E	Nucleolus
Q9SUI5	4299E36E	Nucleolus
Q9SK22	4299E36E	Nucleolus
Q93XX8	4299E36E	Nucleolus
F4J381	4299E36E	Nucleolus
Q9LFW1	4299E36E	Nucleolus
Q9LUT0	4299E36E	Nucleolus
Q9FJA6	4299E36E	Nucleolus
Q9LVL2	4299E36E	Nucleolus
Q940P8	4299E36E	Nucleolus
O22224	4299E36E	Nucleolus
P34795	4299E36E	Nucleolus
F4K087	4299E36E	Nucleolus
Q96529	4299E36E	Nucleolus
Q8L3P4	4299E36E	Nucleolus
O22165	4299E36E	Nucleolus
Q9ZSK4	4299E36E	Nucleolus
Q9CAX7	4299E36E	Nucleolus
Q9FHM5	4299E36E	Nucleolus
Q84JB7	4299E36E	Nucleolus
O95602	6F24707C	Cajal body
P22087	6F24707C	Cajal body
P49406	5965E019	mtRNA granule
Q10428	576F0A76	Centrosome
Q3B8L6	78E86D56	Mitochondrial cloud
O81821	4299E36E	Nucleolus
Q9Y2F5	6F24707C	Cajal body
P54727	4F6C34C9	senescence-associated nuclear proteasome foci
Q8WWY3	6F24707C	Cajal body
Q5JVS0	6F24707C	Cajal body
Q9XUV0	73A75392	P-granule
P34791	4F8E82B6	Chloroplast Stress granule
P91349	49499F59	Synthetic Condensate 000132
Q58E16	78E86D56	Mitochondrial cloud
Q6JA20	78E86D56	Mitochondrial cloud
Q9BUR4	6F24707C	Cajal body
P90613	5E22074F	Stress Granule
P48597	78E86D56	Mitochondrial cloud
Q7SZ23	78E86D56	Mitochondrial cloud
Q8AVI7	78E86D56	Mitochondrial cloud
Q7SZA4	78E86D56	Mitochondrial cloud
A0A1L8EMY5	78E86D56	Mitochondrial cloud
A0A1L8EQD3	78E86D56	Mitochondrial cloud
G3GBS3	78E86D56	Mitochondrial cloud
Q6GNX6	78E86D56	Mitochondrial cloud
Q7SYS3	78E86D56	Mitochondrial cloud
Q5U4J6	78E86D56	Mitochondrial cloud
A0A8M2	78E86D56	Mitochondrial cloud
Q4QR44	78E86D56	Mitochondrial cloud
P23403	78E86D56	Mitochondrial cloud
A0A1L8EKL0	78E86D56	Mitochondrial cloud
Q6GMY9	78E86D56	Mitochondrial cloud
Q5MNU4	78E86D56	Mitochondrial cloud
Q6PGS3	78E86D56	Mitochondrial cloud
Q6PE96	78E86D56	Mitochondrial cloud
A0A1L8HRP3	78E86D56	Mitochondrial cloud
O93503	78E86D56	Mitochondrial cloud
Q6AX83	78E86D56	Mitochondrial cloud
Q7SZ24	78E86D56	Mitochondrial cloud
Q6GLZ1	78E86D56	Mitochondrial cloud
Q6GR11	78E86D56	Mitochondrial cloud
P02362	78E86D56	Mitochondrial cloud
B2GTX0	78E86D56	Mitochondrial cloud
A0A1L8HHL7	78E86D56	Mitochondrial cloud
Q5HZQ7	78E86D56	Mitochondrial cloud
A0A1L8FCQ5	78E86D56	Mitochondrial cloud
A0A1L8G7J1	78E86D56	Mitochondrial cloud
A0A1L8GF86	78E86D56	Mitochondrial cloud
Q7SYU3	78E86D56	Mitochondrial cloud
P49721	550E224B	Proteasome condensate
O75439	5965E019	mtRNA granule
A0A7J6K3E8	5E22074F	Stress Granule
P84104	5E82D60E	Nucleolus
Q00059	5965E019	mtRNA granule
Q7ZX69	78E86D56	Mitochondrial cloud
A0A1U9W1C6	5FD407E4	Inclusion Body
Q94KE3	4299E36E	Nucleolus
P62320	5E82D60E	Nucleolus
Q06787	6209F224	Synthetic Condensate 000281
P00880	6EF1C41E	Synthetic Condensate 000225
Q06967	5E9136F1	Stress Granule
P40337	6A1B29D1	A-bodies
Q02630	691A1FB1	Nuclear pore complex
Q9R1R2	764D0258	Neuronal RNP granule
A0A2S0NLP0	5FC38D49	GCRV viroplasm
Q80X82	50782855	Histone Locus Body
Q7JN06	5A480847	Insulator body
G5EC86	73A75392	P-granule
Q07666	462A97B5	Leucocyte nuclear body
Q13263	76F9ED9B	Synthetic Condensate 000325
P03372	462A97B5	Leucocyte nuclear body
Q24572	58FDC23F	PcG body
Q15717	44FCF654	Synthetic Condensate 000363
Q8JZQ9	650D5353	Inclusion body
Q9M0I7	4299E36E	Nucleolus
A0A287B5D7	72FAB94F	Nucleolus
Q8C1B1	763F4AA2	Synthetic Condensate 000378
G5EEM5	73A75392	P-granule
O75525	62EA6512	Sam68 nuclear body
P92812	5E9136F1	Stress Granule
P38182	6697AF75	Synthetic Condensate 000332
Q9Y7J6	576F0A76	Centrosome
O13670	576F0A76	Centrosome
Q7SYT0	78E86D56	Mitochondrial cloud
O94534	576F0A76	Centrosome
Q1EBV7	4299E36E	Nucleolus
O49460	4299E36E	Nucleolus
Q96BT1	91857CE7	Nucleolus
O15446	91857CE7	Nucleolus
P55209	91857CE7	Nucleolus
Q5UE93	91857CE7	Nucleolus
P38646	91857CE7	Nucleolus
O95336	91857CE7	Nucleolus
O75340	91857CE7	Nucleolus
Q15717	91857CE7	Nucleolus
O00541	91857CE7	Nucleolus
P53999	91857CE7	Nucleolus
P61201	91857CE7	Nucleolus
P13984	91857CE7	Nucleolus
Q8N8A6	91857CE7	Nucleolus
P28066	91857CE7	Nucleolus
Q00526	91857CE7	Nucleolus
Q99986	91857CE7	Nucleolus
Q7LBC6	91857CE7	Nucleolus
Q01469	91857CE7	Nucleolus
P78371	91857CE7	Nucleolus
Q9UBQ5	91857CE7	Nucleolus
O75155	91857CE7	Nucleolus
Q969K3	91857CE7	Nucleolus
P39656	91857CE7	Nucleolus
Q14088	91857CE7	Nucleolus
O14979	91857CE7	Nucleolus
P49450	91857CE7	Nucleolus
O75525	91857CE7	Nucleolus
P24928	917A6517	Synthetic Condensate 000120
P26599	BD836276	Synthetic Condensate 000030
A0A1L8GUL6	78E86D56	Mitochondrial cloud
Q9NZJ0	8C2F96ED	Centrosome
Q13487	8C2F96ED	Centrosome
Q04759	8C2F96ED	Centrosome
B1WBE0	78E86D56	Mitochondrial cloud
O14980	8C2F96ED	Centrosome
Q9BRK4	8C2F96ED	Centrosome
P58062	8C2F96ED	Centrosome
Q99689	8C2F96ED	Centrosome
Q00613	8C2F96ED	Centrosome
Q9Y3M2	8C2F96ED	Centrosome
Q15172	8C2F96ED	Centrosome
Q96RT7	8C2F96ED	Centrosome
Q5TB80	8C2F96ED	Centrosome
P05771	8C2F96ED	Centrosome
Q8TAP9	8C2F96ED	Centrosome
P34947	8C2F96ED	Centrosome
P84243	8C2F96ED	Centrosome
Q14674	8C2F96ED	Centrosome
Q9BXL8	8C2F96ED	Centrosome
Q9NVR7	8C2F96ED	Centrosome
P06241	8C2F96ED	Centrosome
Q13509	8C2F96ED	Centrosome
A6NKF1	8C2F96ED	Centrosome
P33981	8C2F96ED	Centrosome
Q5TZA2	8C2F96ED	Centrosome
Q9BUF7	8C2F96ED	Centrosome
P19174	8C2F96ED	Centrosome
Q06323	8C2F96ED	Centrosome
P42336	8C2F96ED	Centrosome
P62195	8C2F96ED	Centrosome
Q8TAP6	8C2F96ED	Centrosome
P00491	8C2F96ED	Centrosome
P07900	8C2F96ED	Centrosome
O94986	8C2F96ED	Centrosome
Q9NYP3	8C2F96ED	Centrosome
P54652	8C2F96ED	Centrosome
P51955	8C2F96ED	Centrosome
Q8N3I7	8C2F96ED	Centrosome
Q8TDC3	8C2F96ED	Centrosome
P11142	8C2F96ED	Centrosome
P81274	8C2F96ED	Centrosome
Q9BVA0	8C2F96ED	Centrosome
P30305	8C2F96ED	Centrosome
Q8NI51	8C2F96ED	Centrosome
P52732	8C2F96ED	Centrosome
P49454	8C2F96ED	Centrosome
Q8NBT0	8C2F96ED	Centrosome
Q2KHM9	8C2F96ED	Centrosome
Q9UM13	8C2F96ED	Centrosome
P63208	8C2F96ED	Centrosome
Q96SN8	8C2F96ED	Centrosome
P78527	8C2F96ED	Centrosome
Q99460	8C2F96ED	Centrosome
Q8IYM1	8C2F96ED	Centrosome
Q9BW19	8C2F96ED	Centrosome
Q8TBZ0	8C2F96ED	Centrosome
O14576	8C2F96ED	Centrosome
P49810	8C2F96ED	Centrosome
Q9C019	8C2F96ED	Centrosome
P39023	91857CE7	Nucleolus
P78352-3	88B1263E	Synthetic Condensate 000240
Q75N03	804901D1	Nuclear speckle
O00257	804901D1	Nuclear speckle
Q9GZR7	91857CE7	Nucleolus
Q05AV8	78E86D56	Mitochondrial cloud
A0A1L8I201	78E86D56	Mitochondrial cloud
Q6GNH1	78E86D56	Mitochondrial cloud
Q7ZTR0	78E86D56	Mitochondrial cloud
Q6AZH1	78E86D56	Mitochondrial cloud
Q3B8E1	78E86D56	Mitochondrial cloud
A8WH35	78E86D56	Mitochondrial cloud
Q6NTX9	78E86D56	Mitochondrial cloud
Q5EAT1	78E86D56	Mitochondrial cloud
Q5XGY5	78E86D56	Mitochondrial cloud
Q6NRX1	78E86D56	Mitochondrial cloud
Q7ZYA3	78E86D56	Mitochondrial cloud
Q7ZYE9	78E86D56	Mitochondrial cloud
P35637	943B2789	Synthetic Condensate 000008
P03372	898BF675	Synthetic Condensate 000184
Q03135	86739B61	Synthetic Condensate 000279
P33992	91857CE7	Nucleolus
O00571	91857CE7	Nucleolus
O75604	8C2F96ED	Centrosome
Q12837	804901D1	Nuclear speckle
O60260	8C2F96ED	Centrosome
Q7SYX4	78E86D56	Mitochondrial cloud
O75533	804901D1	Nuclear speckle
O43660	804901D1	Nuclear speckle
Q9H2X6	804901D1	Nuclear speckle
O75928	804901D1	Nuclear speckle
Q99459	804901D1	Nuclear speckle
P61978	804901D1	Nuclear speckle
Q15233	804901D1	Nuclear speckle
P48729	804901D1	Nuclear speckle
Q6P2Q9	804901D1	Nuclear speckle
Q01130	804901D1	Nuclear speckle
P53378	876000F7	Centrosome
P11927	876000F7	Centrosome
O75925	804901D1	Nuclear speckle
Q01844	8C2F96ED	Centrosome
Q05519	804901D1	Nuclear speckle
P20671	91857CE7	Nucleolus
Q8N114	8DB3D246	SCOTIN condensate
Q6NUG0	78E86D56	Mitochondrial cloud
P51149	91857CE7	Nucleolus
Q92737	91857CE7	Nucleolus
Q9NR46	91857CE7	Nucleolus
P11940	91857CE7	Nucleolus
Q7L1Q6	91857CE7	Nucleolus
Q14566	91857CE7	Nucleolus
Q14315	91857CE7	Nucleolus
Q9HAV4	91857CE7	Nucleolus
P52434	91857CE7	Nucleolus
Q9UII2	91857CE7	Nucleolus
Q8N726	91857CE7	Nucleolus
O75531	91857CE7	Nucleolus
P22455	91857CE7	Nucleolus
Q86V81	91857CE7	Nucleolus
Q9H4M9	91857CE7	Nucleolus
Q12874	91857CE7	Nucleolus
Q9H579	91857CE7	Nucleolus
Q9UNZ5	91857CE7	Nucleolus
Q9BU76	91857CE7	Nucleolus
Q13263	91857CE7	Nucleolus
Q9NQT4	91857CE7	Nucleolus
Q50LG9	91857CE7	Nucleolus
Q14191	91857CE7	Nucleolus
P55769	91857CE7	Nucleolus
Q9NQ55	91857CE7	Nucleolus
P08708	91857CE7	Nucleolus
P09132	91857CE7	Nucleolus
Q96FC9	91857CE7	Nucleolus
Q96GQ7	91857CE7	Nucleolus
Q9BUF5	91857CE7	Nucleolus
P11142	91857CE7	Nucleolus
Q9Y3B9	91857CE7	Nucleolus
P30050	91857CE7	Nucleolus
P37108	91857CE7	Nucleolus
C9JRZ8	91857CE7	Nucleolus
Q08752	91857CE7	Nucleolus
P16383	91857CE7	Nucleolus
P62937	91857CE7	Nucleolus
Q5QJE6	91857CE7	Nucleolus
Q969X6	91857CE7	Nucleolus
O15217	91857CE7	Nucleolus
P62495	91857CE7	Nucleolus
Q16795	91857CE7	Nucleolus
Q9Y6V7	91857CE7	Nucleolus
Q8IWA0	91857CE7	Nucleolus
P51991	91857CE7	Nucleolus
Q8TED0	91857CE7	Nucleolus
P18858	91857CE7	Nucleolus
Q9NXF1	91857CE7	Nucleolus
Q15833	91857CE7	Nucleolus
Q14137	91857CE7	Nucleolus
P68400	91857CE7	Nucleolus
P18074	91857CE7	Nucleolus
Q5F1R6	91857CE7	Nucleolus
O15160	91857CE7	Nucleolus
Q9P287	91857CE7	Nucleolus
P35579	91857CE7	Nucleolus
O60282	91857CE7	Nucleolus
P46100	91857CE7	Nucleolus
Q96D46	91857CE7	Nucleolus
Q9Y2X3	91857CE7	Nucleolus
P46087	91857CE7	Nucleolus
P06241	91857CE7	Nucleolus
P61160	91857CE7	Nucleolus
P09651	91857CE7	Nucleolus
O75348	91857CE7	Nucleolus
Q6FI13	91857CE7	Nucleolus
Q7L014	91857CE7	Nucleolus
P24941	91857CE7	Nucleolus
Q9BSJ8	91857CE7	Nucleolus
O75953	91857CE7	Nucleolus
P08263	91857CE7	Nucleolus
Q96C01	91857CE7	Nucleolus
Q6XPS3	91857CE7	Nucleolus
P0DMV9	91857CE7	Nucleolus
O00444	91857CE7	Nucleolus
Q9NRC8	91857CE7	Nucleolus
Q3ZCM7	91857CE7	Nucleolus
P48643	91857CE7	Nucleolus
Q9Y2S6	91857CE7	Nucleolus
Q9H4L4	91857CE7	Nucleolus
P40926	91857CE7	Nucleolus
P00450	91857CE7	Nucleolus
P49458	91857CE7	Nucleolus
P40306	91857CE7	Nucleolus
P63173	91857CE7	Nucleolus
Q9Y371	91857CE7	Nucleolus
Q7L622	91857CE7	Nucleolus
Q14966	91857CE7	Nucleolus
Q9BTT4	91857CE7	Nucleolus
Q9ULC4	91857CE7	Nucleolus
P23921	91857CE7	Nucleolus
Q9BRJ6	91857CE7	Nucleolus
O75694	91857CE7	Nucleolus
Q00325	91857CE7	Nucleolus
Q96EY4	91857CE7	Nucleolus
Q14498	91857CE7	Nucleolus
P25205	91857CE7	Nucleolus
P11021	91857CE7	Nucleolus
O75940	91857CE7	Nucleolus
P20962	91857CE7	Nucleolus
Q96P11	91857CE7	Nucleolus
P62979	91857CE7	Nucleolus
Q9H116	91857CE7	Nucleolus
O76021	91857CE7	Nucleolus
P08559	91857CE7	Nucleolus
O75643	91857CE7	Nucleolus
Q9BQE6	91857CE7	Nucleolus
P56182	91857CE7	Nucleolus
Q5VTR2	91857CE7	Nucleolus
Q96FK6	91857CE7	Nucleolus
Q9NVM4	91857CE7	Nucleolus
Q96E39	91857CE7	Nucleolus
P46013	91857CE7	Nucleolus
P50914	91857CE7	Nucleolus
Q9NTJ3	91857CE7	Nucleolus
P18077	91857CE7	Nucleolus
Q9GZV4	91857CE7	Nucleolus
P14866	91857CE7	Nucleolus
Q9H8L6	91857CE7	Nucleolus
Q9Y2W2	91857CE7	Nucleolus
Q9NRF9	91857CE7	Nucleolus
Q14004	91857CE7	Nucleolus
Q9UKD2	91857CE7	Nucleolus
Q9NR12	91857CE7	Nucleolus
P09619	91857CE7	Nucleolus
P60709	91857CE7	Nucleolus
O95707	91857CE7	Nucleolus
P62280	91857CE7	Nucleolus
O60869	91857CE7	Nucleolus
Q08945	91857CE7	Nucleolus
Q92522	91857CE7	Nucleolus
P11586	91857CE7	Nucleolus
P05453	CE67A724	Cytoplasmic protein granule
P30658	A5CB8438	PcG body
Q96RU7	B5B9A610	PML body
G5EBV6	985E7A25	Synthetic Condensate 000077
Q9Z340	99212B2A	Par complex
Q8K2F8	A331833B	p62-dependent P-bodies (pd-PBs)
P04156	9F779CC8	Nuclear body
O15484	B5B9A610	PML body
P54132	B5B9A610	PML body
Q13185	AF287C13	Synthetic Condensate 000326
P0A9A6	3E1EA7A0	Synthetic Condensate 000114
A0A087X0T9	B5B9A610	PML body
Q99PI8	CE726F99	Postsynaptic density
P84091	CE726F99	Postsynaptic density
Q8BJW6	CE726F99	Postsynaptic density
O08638	CE726F99	Postsynaptic density
Q64444	CE726F99	Postsynaptic density
E9Q912	CE726F99	Postsynaptic density
Q80WJ7	CE726F99	Postsynaptic density
Q80Y17	CE726F99	Postsynaptic density
Q922J3	CE726F99	Postsynaptic density
O54828	CE726F99	Postsynaptic density
Q8R366	CE726F99	Postsynaptic density
Q3U0M1	CE726F99	Postsynaptic density
Q61011	CE726F99	Postsynaptic density
O89116	CE726F99	Postsynaptic density
P47911	CE726F99	Postsynaptic density
G3X972	CE726F99	Postsynaptic density
Q9D8N0	CE726F99	Postsynaptic density
Q6ZQI3	CE726F99	Postsynaptic density
Q5KU39	CE726F99	Postsynaptic density
P42209	CE726F99	Postsynaptic density
P28738	CE726F99	Postsynaptic density
O89112	CE726F99	Postsynaptic density
Q9DBG6	CE726F99	Postsynaptic density
Q8K596	CE726F99	Postsynaptic density
Q80WG5	CE726F99	Postsynaptic density
Q9D394	CE726F99	Postsynaptic density
Q8K0T0	CE726F99	Postsynaptic density
Q60930	CE726F99	Postsynaptic density
B2RUS7	CE726F99	Postsynaptic density
Q9Z218	CE726F99	Postsynaptic density
P61028	CE726F99	Postsynaptic density
B8QI36	CE726F99	Postsynaptic density
Q9SNB8	9A8A194B	Nuclear speckle
Q5FBB7	C65B6D56	Synthetic Condensate 000076
G5EC37	985E7A25	Synthetic Condensate 000077
Q9UER7	C93AFFD2	Synthetic Condensate 000131
Q13148	9B5E283A	Synthetic Condensate 000373
P12787	CE726F99	Postsynaptic density
Q15648	B9AD63BA	Synthetic Condensate 000189
O76064	B5B9A610	PML body
P28074	B5B9A610	PML body
P54198	B5B9A610	PML body
Q9UPN9	B5B9A610	PML body
Q9UNF1	B5B9A610	PML body
Q9Y6W3	B5B9A610	PML body
O95817	B5B9A610	PML body
P51858	B5B9A610	PML body
Q13435	B5B9A610	PML body
Q8NFC6	B5B9A610	PML body
Q93008	B5B9A610	PML body
Q9H8H0	B5B9A610	PML body
C9J0K6	B5B9A610	PML body
O94992	B5B9A610	PML body
X6RLT1	B5B9A610	PML body
Q96GX5	B5B9A610	PML body
E9PRF4	B5B9A610	PML body
O00505	B5B9A610	PML body
J3KN16	B5B9A610	PML body
Q5VU11	B5B9A610	PML body
P46063	B5B9A610	PML body
O75459	B5B9A610	PML body
P62269	B5B9A610	PML body
A0A0A0MSU3	B5B9A610	PML body
A0A087X271	B5B9A610	PML body
O43809	B5B9A610	PML body
P09972	B5B9A610	PML body
Q92620	B5B9A610	PML body
Q9NZB2	B5B9A610	PML body
Q96RL1	B5B9A610	PML body
A0A0C4DFX9	B5B9A610	PML body
Q13769	B5B9A610	PML body
P40121	B5B9A610	PML body
E7EX40	B5B9A610	PML body
Q9H0L4	B5B9A610	PML body
P54136	B5B9A610	PML body
E7EQ12	B5B9A610	PML body
H0Y564	B5B9A610	PML body
A0A087WZ13	B5B9A610	PML body
Q15269	B5B9A610	PML body
Q8WTT2	B5B9A610	PML body
P08574	B5B9A610	PML body
Q9H2U1	B5B9A610	PML body
P53618	B5B9A610	PML body
A0A087WXK2	B5B9A610	PML body
A0A087WWU8	B5B9A610	PML body
A0A087WTS8	B5B9A610	PML body
Q14739	98A5DA6D	Synthetic Condensate 000066
Q80UG2	CE726F99	Postsynaptic density
P03265	B3E5E6A1	viral replication compartment (VRC)
Q96EB6	B5B9A610	PML body
Q9H0L4	9DBDF226	Synthetic Condensate 000101
P67999	B2E8AD81	Stress granule
P25367	A777E0F8	P-body
O43313	A0DCDA94	DNA damage foci
P38398	A0DCDA94	DNA damage foci
P38070	A777E0F8	P-body
P53080	A777E0F8	P-body
P01106	BADFB975	Synthetic Condensate 000187
P10276	B9AD63BA	Synthetic Condensate 000189
P14859	A0DCDA94	DNA damage foci
P37838	BDAE0F88	Nucleolus
Q03466	A777E0F8	P-body
P38330	A777E0F8	P-body
Q15648	9355EE84	Synthetic Condensate 000292
P15502	A42DF0C6	Synthetic Condensate 000285
P04637	A1A97FAB	Synthetic Condensate 000191
P78352-3	A08D2591	Synthetic Condensate 000245
P39936	A777E0F8	P-body
P53254	BDAE0F88	Nucleolus
Q95RE4	A6E1D014	P-body
P53131	BDAE0F88	Nucleolus
Q8TD17	B5B9A610	PML body
P15331	CE726F99	Postsynaptic density
Q02892	BDAE0F88	Nucleolus
Q04660	BDAE0F88	Nucleolus
P00519	A13F0EB5	Synthetic Condensate 000320
P48561	BDAE0F88	Nucleolus
P09651-2	CABCA76D	Synthetic Condensate 000018
Q80XI4	CE726F99	Postsynaptic density
Q99P72	CE726F99	Postsynaptic density
Q06344	BDAE0F88	Nucleolus
P32892	BDAE0F88	Nucleolus
Q15910	AA62C26E	ORC1 bodies
Q9JIS5	CE726F99	Postsynaptic density
Q9CPR4	CE726F99	Postsynaptic density
Q80YE7	CE726F99	Postsynaptic density
P61205	CE726F99	Postsynaptic density
Q9D6F9	CE726F99	Postsynaptic density
Q6PFQ7	CE726F99	Postsynaptic density
Q5SNZ0	CE726F99	Postsynaptic density
Q9DB05	CE726F99	Postsynaptic density
Q8BXV2	CE726F99	Postsynaptic density
Q9QWI6	CE726F99	Postsynaptic density
Q8C754	CE726F99	Postsynaptic density
O08530	CE726F99	Postsynaptic density
Q921W0	CE726F99	Postsynaptic density
Q6PHZ2	CE726F99	Postsynaptic density
P50544	CE726F99	Postsynaptic density
Q91VN4	CE726F99	Postsynaptic density
Q99MR8	CE726F99	Postsynaptic density
Q9D710	CE726F99	Postsynaptic density
P50171	CE726F99	Postsynaptic density
Q9JKS5	CE726F99	Postsynaptic density
P06151	CE726F99	Postsynaptic density
Q9D832	CE726F99	Postsynaptic density
P35922	CE726F99	Postsynaptic density
Q9DBT5	CE726F99	Postsynaptic density
Q9QYB8	CE726F99	Postsynaptic density
Q8R4F1	CE726F99	Postsynaptic density
P97467	CE726F99	Postsynaptic density
Q68FH0	CE726F99	Postsynaptic density
Q5SYD0	CE726F99	Postsynaptic density
Q9WUD1	CE726F99	Postsynaptic density
Q5SXY1	CE726F99	Postsynaptic density
Q6WQJ1	CE726F99	Postsynaptic density
Q60902	CE726F99	Postsynaptic density
P31001	CE726F99	Postsynaptic density
Q8VD37	CE726F99	Postsynaptic density
Q03137	CE726F99	Postsynaptic density
Q9DB34	CE726F99	Postsynaptic density
Q8C3W1	CE726F99	Postsynaptic density
Q9R0N3	CE726F99	Postsynaptic density
Q8VEK0	CE726F99	Postsynaptic density
Q8VHN7	CE726F99	Postsynaptic density
Q61990	CE726F99	Postsynaptic density
O35136	CE726F99	Postsynaptic density
Q9EPR5	CE726F99	Postsynaptic density
Q6NVH0	CE726F99	Postsynaptic density
Q8C635	CE726F99	Postsynaptic density
P13020	CE726F99	Postsynaptic density
Q9CZW4	CE726F99	Postsynaptic density
A0A3B2W864	CE726F99	Postsynaptic density
P49813	CE726F99	Postsynaptic density
Q8C008	CE726F99	Postsynaptic density
P14873	CE726F99	Postsynaptic density
O88703	CE726F99	Postsynaptic density
Q9DBJ1	CE726F99	Postsynaptic density
Q9ET77	CE726F99	Postsynaptic density
P30275	CE726F99	Postsynaptic density
Q91ZX7	CE726F99	Postsynaptic density
Q3U214	CE726F99	Postsynaptic density
P70206	CE726F99	Postsynaptic density
Q8CGM1	CE726F99	Postsynaptic density
P51655	CE726F99	Postsynaptic density
P62746	CE726F99	Postsynaptic density
Q9CZX9	CE726F99	Postsynaptic density
Q3TYD6	CE726F99	Postsynaptic density
Q80TQ2	CE726F99	Postsynaptic density
Q3U5C7	CE726F99	Postsynaptic density
Q9D415	CE726F99	Postsynaptic density
P97300	CE726F99	Postsynaptic density
Q62277	CE726F99	Postsynaptic density
P63080	CE726F99	Postsynaptic density
P62482	CE726F99	Postsynaptic density
Q9D6J5	CE726F99	Postsynaptic density
P11798	CE726F99	Postsynaptic density
P05213	CE726F99	Postsynaptic density
P59326	CE726F99	Postsynaptic density
Q8C8T7	CE726F99	Postsynaptic density
Q61937	CE726F99	Postsynaptic density
Q6A0D4	CE726F99	Postsynaptic density
Q9Z1P6	CE726F99	Postsynaptic density
Q9DCT2	CE726F99	Postsynaptic density
Q9Z2A0	CE726F99	Postsynaptic density
P98203	CE726F99	Postsynaptic density
Q8BG51	CE726F99	Postsynaptic density
Q80TJ1	CE726F99	Postsynaptic density
Q61316	CE726F99	Postsynaptic density
Q80WM4	CE726F99	Postsynaptic density
Q8BUV6	CE726F99	Postsynaptic density
P52503	CE726F99	Postsynaptic density
Q9CZX8	CE726F99	Postsynaptic density
Q68EF6	CE726F99	Postsynaptic density
Q62029	CE726F99	Postsynaptic density
Q91Z92	CE726F99	Postsynaptic density
Q9CQZ6	CE726F99	Postsynaptic density
Q69ZX8	CE726F99	Postsynaptic density
P47708	CE726F99	Postsynaptic density
Q0KL02	CE726F99	Postsynaptic density
Q8BHL3	CE726F99	Postsynaptic density
Q9DC69	CE726F99	Postsynaptic density
Q6ZQ18	CE726F99	Postsynaptic density
P62821	CE726F99	Postsynaptic density
Q3TWI9	CE726F99	Postsynaptic density
P80314	CE726F99	Postsynaptic density
P60766	CE726F99	Postsynaptic density
Q9CZW5	CE726F99	Postsynaptic density
P50516	CE726F99	Postsynaptic density
P07901	CE726F99	Postsynaptic density
P62245	CE726F99	Postsynaptic density
Q9CWS0	CE726F99	Postsynaptic density
Q9CWE0	CE726F99	Postsynaptic density
Q922Q1	CE726F99	Postsynaptic density
Q791T5	CE726F99	Postsynaptic density
P19536	CE726F99	Postsynaptic density
Q02257	CE726F99	Postsynaptic density
P97813	CE726F99	Postsynaptic density
Q9ERG2	CE726F99	Postsynaptic density
Q8BUR4	CE726F99	Postsynaptic density
O35927	CE726F99	Postsynaptic density
P53026	CE726F99	Postsynaptic density
Q6PGF7	CE726F99	Postsynaptic density
P62814	CE726F99	Postsynaptic density
Q61792	CE726F99	Postsynaptic density
Q61548	CE726F99	Postsynaptic density
Q9QXS6	CE726F99	Postsynaptic density
O35129	CE726F99	Postsynaptic density
B2RR83	CE726F99	Postsynaptic density
Q8BVI5	CE726F99	Postsynaptic density
Q8BVG8	CE726F99	Postsynaptic density
Q5H8C4	CE726F99	Postsynaptic density
Q91YD9	CE726F99	Postsynaptic density
O08583	CE726F99	Postsynaptic density
Q80TH2	CE726F99	Postsynaptic density
P31938	CE726F99	Postsynaptic density
P62823	CE726F99	Postsynaptic density
Q8VCM8	CE726F99	Postsynaptic density
Q8VEK3	DE1E139C	Chromatoid body
Q9D1D4	CE726F99	Postsynaptic density
Q61361	CE726F99	Postsynaptic density
Q8BLK3	CE726F99	Postsynaptic density
Q8BMS1	CE726F99	Postsynaptic density
Q7TQD2	CE726F99	Postsynaptic density
Q08509	CE726F99	Postsynaptic density
P28740	CE726F99	Postsynaptic density
Q3UHB1	CE726F99	Postsynaptic density
A2AGL3	CE726F99	Postsynaptic density
Q9WV55	CE726F99	Postsynaptic density
Q3TLH4	CE726F99	Postsynaptic density
Q9WUA3	CE726F99	Postsynaptic density
Q61171	CE726F99	Postsynaptic density
Q7TNC9	CE726F99	Postsynaptic density
P70318	D12E4DB9	Stress granule
Q9Z108	D12E4DB9	Stress granule
Q9CPN8	D12E4DB9	Stress granule
Q0P5H2	D7FE2080	Nucleolus
Q504Q3	DEE660B4	Stress granule
P67868	D7FE2080	Nucleolus
Q91W18	DE1E139C	Chromatoid body
Q92900	DEE660B4	Stress granule
Q96CX2	DEE660B4	Stress granule
P55066	CE726F99	Postsynaptic density
P09405	DE1E139C	Chromatoid body
P84104	DE1E139C	Chromatoid body
Q5VCS6	DE1E139C	Chromatoid body
P62242	DE1E139C	Chromatoid body
O54887	DE1E139C	Chromatoid body
P20592	D6A53B8E	Nuclear pore complex
P91349	DCE83E39	Synthetic Condensate 000127
P91870	DCE83E39	Synthetic Condensate 000127
P91349	D9713D2F	Synthetic Condensate 000103
Q5T1M5	D212AE19	Synthetic Condensate 000305
O95985	DEE660B4	Stress granule
M0R3F6	DEE660B4	Stress granule
Q9NZT1	DEE660B4	Stress granule
E9PNH7	DEE660B4	Stress granule
Q99567	DEE660B4	Stress granule
Q8IXT5	DEE660B4	Stress granule
P81605	DEE660B4	Stress granule
O00571	DEE660B4	Stress granule
Q13642	DEE660B4	Stress granule
Q00613	DEE660B4	Stress granule
O75593	DEE660B4	Stress granule
P03950	DEE660B4	Stress granule
P05198	DEE660B4	Stress granule
P30154	DEE660B4	Stress granule
C9JLW8	DEE660B4	Stress granule
P17096	DEE660B4	Stress granule
Q14151	DEE660B4	Stress granule
Q9ULM3	DEE660B4	Stress granule
O15523	DEE660B4	Stress granule
Q8N684	DEE660B4	Stress granule
A1KZ92	DEE660B4	Stress granule
O43390	DEE660B4	Stress granule
O75420	DEE660B4	Stress granule
Q15436	DEE660B4	Stress granule
Q02952	DEE660B4	Stress granule
O15116	DEE660B4	Stress granule
Q96BH1	DEE660B4	Stress granule
Q3MHD2	DEE660B4	Stress granule
Q562R1	DEE660B4	Stress granule
P62910	DEE660B4	Stress granule
Q93062	DEE660B4	Stress granule
P33993	DEE660B4	Stress granule
Q96AE4	DEE660B4	Stress granule
Q9BPY8	DEE660B4	Stress granule
P12955	DEE660B4	Stress granule
P45983	DEE660B4	Stress granule
P06241	DEE660B4	Stress granule
Q8IWR0	DEE660B4	Stress granule
Q13509	DEE660B4	Stress granule
Q9Y266	DEE660B4	Stress granule
A9QM74	DEE660B4	Stress granule
O75348	DEE660B4	Stress granule
Q8WWM7	DEE660B4	Stress granule
Q5TZA2	DEE660B4	Stress granule
Q5W0B1	DEE660B4	Stress granule
P20226	DEE660B4	Stress granule
Q9BYK8	DEE660B4	Stress granule
E7EMC6	DEE660B4	Stress granule
Q6P1Q9	DEE660B4	Stress granule
Q96EP5	DEE660B4	Stress granule
Q9UNW9	DEE660B4	Stress granule
P07900	DEE660B4	Stress granule
Q12972	DEE660B4	Stress granule
P30101	DEE660B4	Stress granule
Q9BY44	DEE660B4	Stress granule
Q8NC51	DEE660B4	Stress granule
P01116	DEE660B4	Stress granule
Q15633	DEE660B4	Stress granule
P52272	DEE660B4	Stress granule
Q702N8	DEE660B4	Stress granule
Q9UBQ5	DEE660B4	Stress granule
P07237	DEE660B4	Stress granule
Q5T481	DEE660B4	Stress granule
P31689	DEE660B4	Stress granule
O75880	DEE660B4	Stress granule
Q6IS14	DEE660B4	Stress granule
Q3SYU1	D7FE2080	Nucleolus
Q99638	D3B9EAFD	Synthetic Condensate 000362
Q8CGP5	DE1E139C	Chromatoid body
Q8CDG1	DE1E139C	Chromatoid body
P62751	DE1E139C	Chromatoid body
P25655	D9514D20	Synthetic Condensate 000130
P39517	D9514D20	Synthetic Condensate 000130
Q9DBG3	CE726F99	Postsynaptic density
Q8N1F7	D6A53B8E	Nuclear pore complex
Q8IX01	DEE660B4	Stress granule
O76003	DEE660B4	Stress granule
Q5E9E9	D7FE2080	Nucleolus
Q3TUH1	CE726F99	Postsynaptic density
E1BKX3	D7FE2080	Nucleolus
Q5E958	D7FE2080	Nucleolus
E1BPD7	D7FE2080	Nucleolus
A6QNT4	D7FE2080	Nucleolus
Q5E9E6	D7FE2080	Nucleolus
F1MP56	D7FE2080	Nucleolus
Q3SZQ6	D7FE2080	Nucleolus
A7YWA1	D7FE2080	Nucleolus
A6QLG5	D7FE2080	Nucleolus
A8NJ74	D7FE2080	Nucleolus
E1BJ81	D7FE2080	Nucleolus
Q3MHH2	D7FE2080	Nucleolus
Q2KHU3	D7FE2080	Nucleolus
P76594	DB817387	Degradosome
Q9QYK7	CE726F99	Postsynaptic density
E1BM72	D7FE2080	Nucleolus
P29227	DFEC0B67	Heterochromatin
Q60749	DE1E139C	Chromatoid body
P61809	CE726F99	Postsynaptic density
Q16740	DEE660B4	Stress granule
Q92904	DEE660B4	Stress granule
J3QLL0	DEE660B4	Stress granule
Q14240	DEE660B4	Stress granule
Q86W56	DEE660B4	Stress granule
O60306	DEE660B4	Stress granule
Q12802	DEE660B4	Stress granule
O43379	DEE660B4	Stress granule
P15924	DEE660B4	Stress granule
P78527	DEE660B4	Stress granule
Q06787	DEE660B4	Stress granule
Q8IY81	DEE660B4	Stress granule
Q15185	DEE660B4	Stress granule
P42694	DEE660B4	Stress granule
Q00839	DEE660B4	Stress granule
Q9Y3B9	DEE660B4	Stress granule
H0YEH2	DEE660B4	Stress granule
Q96C10	DEE660B4	Stress granule
F5GY37	DEE660B4	Stress granule
P07910	DEE660B4	Stress granule
Q5JW30	DEE660B4	Stress granule
Q96HS1	DEE660B4	Stress granule
Q15032	DEE660B4	Stress granule
P49411	DEE660B4	Stress granule
Q00796	DEE660B4	Stress granule
P57723	DEE660B4	Stress granule
O15131	DEE660B4	Stress granule
Q9NPI2	DEE660B4	Stress granule
P41214	DEE660B4	Stress granule
P61221	DEE660B4	Stress granule
O43583	DEE660B4	Stress granule
Q9ULC4	DEE660B4	Stress granule
Q9HAV4	DEE660B4	Stress granule
Q9GZR7	DEE660B4	Stress granule
Q9NUL7	DEE660B4	Stress granule
Q9H5Z1	DEE660B4	Stress granule
O43707	DEE660B4	Stress granule
Q86VP6	DEE660B4	Stress granule
P14868	DEE660B4	Stress granule
Q86UX7	DEE660B4	Stress granule
P04908	DEE660B4	Stress granule
P06899	DEE660B4	Stress granule
O60814	DEE660B4	Stress granule
P62805	DEE660B4	Stress granule
P02042	DEE660B4	Stress granule
Q13547	DEE660B4	Stress granule
Q9UII4	DEE660B4	Stress granule
Q16777	DEE660B4	Stress granule
P04439	DEE660B4	Stress granule
P10321	DEE660B4	Stress granule
Q13576	DEE660B4	Stress granule
P20700	DEE660B4	Stress granule
P35580	DEE660B4	Stress granule
O00567	DEE660B4	Stress granule
P13727	DEE660B4	Stress granule
P54136	DEE660B4	Stress granule
P62244	DEE660B4	Stress granule
Q9NR31	DEE660B4	Stress granule
O60264	DEE660B4	Stress granule
Q9Y5B9	DEE660B4	Stress granule
Q03519	DEE660B4	Stress granule
Q12788	DEE660B4	Stress granule
P21580	DEE660B4	Stress granule
Q15025	DEE660B4	Stress granule
P67936	DEE660B4	Stress granule
Q13263	DEE660B4	Stress granule
Q71U36	DEE660B4	Stress granule
P68363	DEE660B4	Stress granule
P0CG47	DEE660B4	Stress granule
P17480	DEE660B4	Stress granule
Q9H3U1	DEE660B4	Stress granule
P15498	DEE660B4	Stress granule
Q96QK1	DEE660B4	Stress granule
P04004	DEE660B4	Stress granule
Q6PCB0	DEE660B4	Stress granule
P23381	DEE660B4	Stress granule
P13010	DEE660B4	Stress granule
P12956	DEE660B4	Stress granule
Q2M2I8	DEE660B4	Stress granule
O14639	DEE660B4	Stress granule
Q9UKV3	DEE660B4	Stress granule
P55196	DEE660B4	Stress granule
Q09666	DEE660B4	Stress granule
Q15654	DEE660B4	Stress granule
Q8IVF2	DEE660B4	Stress granule
P02765	DEE660B4	Stress granule
Q8N6T3	DEE660B4	Stress granule
O00299	DEE660B4	Stress granule
P21333	DEE660B4	Stress granule
Q9UPQ0	DEE660B4	Stress granule
Q04439	E03F929F	Stress granule
P00549	E03F929F	Stress granule
P38132	E03F929F	Stress granule
P25443	E03F929F	Stress granule
P39077	E03F929F	Stress granule
P38712	E03F929F	Stress granule
P20081	E03F929F	Stress granule
P04801	E03F929F	Stress granule
P48362	E03F929F	Stress granule
P50109	E03F929F	Stress granule
P09938	E03F929F	Stress granule
P14540	E03F929F	Stress granule
P43583	E03F929F	Stress granule
P38698	E03F929F	Stress granule
Q12514	E03F929F	Stress granule
P15436	E03F929F	Stress granule
P30665	E03F929F	Stress granule
P53981	E03F929F	Stress granule
P43593	E03F929F	Stress granule
P53941	E03F929F	Stress granule
P07284	E03F929F	Stress granule
P10081	E03F929F	Stress granule
P32471	E03F929F	Stress granule
P34761	E03F929F	Stress granule
P53316	E03F929F	Stress granule
P0C2H6	E03F929F	Stress granule
P32860	E03F929F	Stress granule
P30771	E03F929F	Stress granule
P53923	E03F929F	Stress granule
P20448	E03F929F	Stress granule
P39960	E03F929F	Stress granule
P47117	E03F929F	Stress granule
P23594	E03F929F	Stress granule
P15891	E03F929F	Stress granule
P07560	E03F929F	Stress granule
P34216	E019EF73	Ede1 condensate
Q12518	E019EF73	Ede1 condensate
P32790	E019EF73	Ede1 condensate
P41567	DEE660B4	Stress granule
P38432	DEE660B4	Stress granule
P0CB38	DEE660B4	Stress granule
O95429	DEE660B4	Stress granule
P45973	F5834E66	Synthetic Condensate 000310
P52292	500EDC60	Synthetic Condensate 000260
O43463	F5834E66	Synthetic Condensate 000310
Q8NFZ5	E8F4C1F2	Sint speckle
Q8IWJ2	F3208D05	Golgin condensate
Q92805	F3208D05	Golgin condensate
Q01085	5C1EA71F	Synthetic Condensate 000098
Q08379	F3208D05	Golgin condensate
Q08378	F3208D05	Golgin condensate
Q80VW5	F80F25AF	Ankle Link Complex (ALC) Condensate
Q8VHN7	F80F25AF	Ankle Link Complex (ALC) Condensate
P22087	E6406A9A	Synthetic Condensate 000356
Q5MNU4	51D14917	L-bodies
Q6GPR8	51D14917	L-bodies
Q9SP32	E1C65F8A	Nuclear dicing body
Q96CN9	F3208D05	Golgin condensate
Q7ZXB4	51D14917	L-bodies
Q9XW17	EE0382A7	P-body
Q14678	009021FA	focal adhesion (FA) condensate
P33201	E03F929F	Stress granule
Q2VPF5	51D14917	L-bodies
Q9JIR0	F9F240AC	Presynaptic clusters
Q8NFU5	F9F5AA60	Synthetic Condensate 000278
Q5M781	51D14917	L-bodies
Q9VYI0	E7B423DE	Mimi granules
J3QQ18	FCE689D0	Synthetic Condensate 000238
Q5JR59	EA3337F5	#NAME?
Q13402	F345034F	Signaling cluster
O14639	F345034F	Signaling cluster
P14904	00C0C35B	Synthetic Condensate 000282
Q99496	F701F3BC	PcG body
P11940	E1879998	Synthetic Condensate 000375
P22626-2	F85A2E29	IMP1 RNP granule
Q07352	F85A2E29	IMP1 RNP granule
Q07889	F345034F	Signaling cluster
P42768	F345034F	Signaling cluster
Q13263	F5834E66	Synthetic Condensate 000310
Q9NRR5	EB3EADD3	Ubqln puncta
Q22053	F3630F2C	Nuclear body
Q8K3M6	F9F240AC	Presynaptic clusters
P35637	E1879998	Synthetic Condensate 000375
P55884	E1879998	Synthetic Condensate 000375
P31483	E1879998	Synthetic Condensate 000375
Q13148	E1879998	Synthetic Condensate 000375
Q9JIR1	F9F240AC	Presynaptic clusters
Q14781	F5FE5C72	Euchromatin
P06241	5506006C	Synthetic Condensate 000177
Q7ZYE9	51D14917	L-bodies
Q13148	F50842E4	Synthetic Condensate 000357
E9Q9W7	F80F25AF	Ankle Link Complex (ALC) Condensate
Q811U3	F9F240AC	Presynaptic clusters
P35637	F50842E4	Synthetic Condensate 000357
Q13283	E1879998	Synthetic Condensate 000375
Q13439	F3208D05	Golgin condensate
Q4ACU6	F7E61417	Synthetic Condensate 000244
Q9Y6N9	F345034F	Signaling cluster
P16333	F345034F	Signaling cluster
Q53GS7	E1879998	Synthetic Condensate 000375
Q13148	F85A2E29	IMP1 RNP granule
Q15643	F3208D05	Golgin condensate
O65934	00EEF43C	Synthetic Condensate 000314
Q6IMN6	F85A2E29	IMP1 RNP granule
P10155	F85A2E29	IMP1 RNP granule
Q12906	F85A2E29	IMP1 RNP granule
P09651	F85A2E29	IMP1 RNP granule
P19338	F85A2E29	IMP1 RNP granule
P26599	33BF1E0E	Synthetic Condensate 000053
P17931	F47B63CC	Galectin complex
P40070	6D84B01C	Synthetic Condensate 000001
P35637	F85A2E29	IMP1 RNP granule
O94513	F5301D48	Stress granule
P34160	E2C825DB	Translational Condensate
Q9JIR4	F9F240AC	Presynaptic clusters
Q92804	EBDFEA1F	Synthetic Condensate 000296
Q9A749	F74784B8	Synthetic Condensate 000156
Q9UHD9	EB3EADD3	Ubqln puncta
P62993	F345034F	Signaling cluster
Q01085	E1879998	Synthetic Condensate 000375
P52292	77264BD3	Synthetic Condensate 000258
Q9Y490	009021FA	focal adhesion (FA) condensate
Q9Y6Q9	FA66C19F	Synthetic Condensate 000280
P32861	E03F929F	Stress granule
Q9UMX0	EB3EADD3	Ubqln puncta
Q13148	F15C9420	Synthetic Condensate 000300
P35637	EBDFEA1F	Synthetic Condensate 000296
O00571	E603CCA4	Germ granule
Q9NQI0	E603CCA4	Germ granule
P53200	E03F929F	Stress granule
Q91Z69	46DAEB10	Synthetic Condensate 000167
P53550	E7338DBF	Synthetic Condensate 000343
P32835	500EDC60	Synthetic Condensate 000260
P68431	F5834E66	Synthetic Condensate 000310
P38840	E03F929F	Stress granule
Q07505	E03F929F	Stress granule
Q12024	E03F929F	Stress granule
P53978	E03F929F	Stress granule
P03372	ECBAC048	MegaTrans enhancer complex
P25644	E7338DBF	Synthetic Condensate 000343
O96028	FA66C19F	Synthetic Condensate 000280
Q9NP98	ED61D366	FATZ-1 condensate
H2L067	EE0382A7	P-body
A0A0B5KTL4	EA8B71D1	Pyrenoid
Q2UMF2	EA58C052	Stress granule
Q86W92	009021FA	focal adhesion (FA) condensate
A8J2S3	EA8B71D1	Pyrenoid
P35637	500EDC60	Synthetic Condensate 000260
Q84U73	EA8B71D1	Pyrenoid
O93478	51D14917	L-bodies
P9WHW5	00EEF43C	Synthetic Condensate 000314
P46937	F11B6494	Synthetic Condensate 000269
P83916	F5834E66	Synthetic Condensate 000310
P28347	F11B6494	Synthetic Condensate 000269
P39969	E03F929F	Stress granule
Q9ZVD0	E1C65F8A	Nuclear dicing body
Q75VZ0	EA8B71D1	Pyrenoid
Q2UK72	EA58C052	Stress granule
Q2UNI5	EA58C052	Stress granule
P32589	E03F929F	Stress granule
P05205	E9C70067	Synthetic Condensate 000299
P38182	00C0C35B	Synthetic Condensate 000282
O04492	E1C65F8A	Nuclear dicing body
P04637	E11B6BAB	Synthetic Condensate 000195
Q92804	E6406A9A	Synthetic Condensate 000356
P35193	00C0C35B	Synthetic Condensate 000282
P43243	F15C9420	Synthetic Condensate 000300
A8I3M4	EA8B71D1	Pyrenoid
Q04637	E1879998	Synthetic Condensate 000375
P09651-2	6D84B01C	Synthetic Condensate 000001
Q12517	E7338DBF	Synthetic Condensate 000343
P01024	FB4E32DD	Presynaptic clusters and postsynaptic densities
Q9HC38	FB4E32DD	Presynaptic clusters and postsynaptic densities
Q5T5C0	FB4E32DD	Presynaptic clusters and postsynaptic densities
Q9BUH8	FB4E32DD	Presynaptic clusters and postsynaptic densities
P13796	FB4E32DD	Presynaptic clusters and postsynaptic densities
P62280	FB4E32DD	Presynaptic clusters and postsynaptic densities
Q9ULB1	FB4E32DD	Presynaptic clusters and postsynaptic densities
Q9H2X9	FB4E32DD	Presynaptic clusters and postsynaptic densities
Q14194	FB4E32DD	Presynaptic clusters and postsynaptic densities
Q16623	FB4E32DD	Presynaptic clusters and postsynaptic densities
O00401	FB4E32DD	Presynaptic clusters and postsynaptic densities
P29992	FB4E32DD	Presynaptic clusters and postsynaptic densities
Q9UJF2	FB4E32DD	Presynaptic clusters and postsynaptic densities
P42677	FB4E32DD	Presynaptic clusters and postsynaptic densities
P84095	FB4E32DD	Presynaptic clusters and postsynaptic densities
Q9BPW4	FB4E32DD	Presynaptic clusters and postsynaptic densities
P02511	FB4E32DD	Presynaptic clusters and postsynaptic densities
P19784	FB4E32DD	Presynaptic clusters and postsynaptic densities
P47897	FB4E32DD	Presynaptic clusters and postsynaptic densities
P55011	FB4E32DD	Presynaptic clusters and postsynaptic densities
P52895	FB4E32DD	Presynaptic clusters and postsynaptic densities
Q14160	FB4E32DD	Presynaptic clusters and postsynaptic densities
Q8WZA9	FB4E32DD	Presynaptic clusters and postsynaptic densities
Q5JWF2	FB4E32DD	Presynaptic clusters and postsynaptic densities
P10606	FB4E32DD	Presynaptic clusters and postsynaptic densities
O95202	FB4E32DD	Presynaptic clusters and postsynaptic densities
Q8NBU5	FB4E32DD	Presynaptic clusters and postsynaptic densities
Q5T1M5	FB4E32DD	Presynaptic clusters and postsynaptic densities
Q96RT1	FB4E32DD	Presynaptic clusters and postsynaptic densities
Q9Y285	FB4E32DD	Presynaptic clusters and postsynaptic densities
P14868	FB4E32DD	Presynaptic clusters and postsynaptic densities
Q08209	FB4E32DD	Presynaptic clusters and postsynaptic densities
Q8WXD9	FB4E32DD	Presynaptic clusters and postsynaptic densities
Q86VS8	FB4E32DD	Presynaptic clusters and postsynaptic densities
Q9Y4J8	FB4E32DD	Presynaptic clusters and postsynaptic densities
Q00765	FB4E32DD	Presynaptic clusters and postsynaptic densities
Q8TAG9	FB4E32DD	Presynaptic clusters and postsynaptic densities
P36543	FB4E32DD	Presynaptic clusters and postsynaptic densities
P50991	FB4E32DD	Presynaptic clusters and postsynaptic densities
P68400	FB4E32DD	Presynaptic clusters and postsynaptic densities
Q14185	FB4E32DD	Presynaptic clusters and postsynaptic densities
P04843	FB4E32DD	Presynaptic clusters and postsynaptic densities
Q9NTJ5	FB4E32DD	Presynaptic clusters and postsynaptic densities
Q13303	FB4E32DD	Presynaptic clusters and postsynaptic densities
Q15555	FB4E32DD	Presynaptic clusters and postsynaptic densities
Q15477	FB4E32DD	Presynaptic clusters and postsynaptic densities
P04406	FB4E32DD	Presynaptic clusters and postsynaptic densities
Q9H4A3	FB4E32DD	Presynaptic clusters and postsynaptic densities
P49802	FB4E32DD	Presynaptic clusters and postsynaptic densities
O14531	FB4E32DD	Presynaptic clusters and postsynaptic densities
Q13449	FB4E32DD	Presynaptic clusters and postsynaptic densities
Q9Y5S2	FB4E32DD	Presynaptic clusters and postsynaptic densities
P20339	FB4E32DD	Presynaptic clusters and postsynaptic densities
Q14289	FB4E32DD	Presynaptic clusters and postsynaptic densities
Q9Y566	FB4E32DD	Presynaptic clusters and postsynaptic densities
P21281	FB4E32DD	Presynaptic clusters and postsynaptic densities
Q9BZ29	FB4E32DD	Presynaptic clusters and postsynaptic densities
P20674	FB4E32DD	Presynaptic clusters and postsynaptic densities
P13611	FB4E32DD	Presynaptic clusters and postsynaptic densities
Q9H2M9	FB4E32DD	Presynaptic clusters and postsynaptic densities
Q14203	FB4E32DD	Presynaptic clusters and postsynaptic densities
Q9Y2D5	FB4E32DD	Presynaptic clusters and postsynaptic densities
Q6NVY1	FB4E32DD	Presynaptic clusters and postsynaptic densities
P14854	FB4E32DD	Presynaptic clusters and postsynaptic densities
Q9H936	FB4E32DD	Presynaptic clusters and postsynaptic densities
P84077	FB4E32DD	Presynaptic clusters and postsynaptic densities
P01037	FB4E32DD	Presynaptic clusters and postsynaptic densities
Q92614	FB4E32DD	Presynaptic clusters and postsynaptic densities
Q9NUP9	FB4E32DD	Presynaptic clusters and postsynaptic densities
O14807	FB4E32DD	Presynaptic clusters and postsynaptic densities
Q9NRN7	FB4E32DD	Presynaptic clusters and postsynaptic densities
O60763	FB4E32DD	Presynaptic clusters and postsynaptic densities
P54284	FB4E32DD	Presynaptic clusters and postsynaptic densities
Q9BR76	FB4E32DD	Presynaptic clusters and postsynaptic densities
P16157	FB4E32DD	Presynaptic clusters and postsynaptic densities
Q8N5S9	FB4E32DD	Presynaptic clusters and postsynaptic densities
P35232	FB4E32DD	Presynaptic clusters and postsynaptic densities
Q9Y2X7	FB4E32DD	Presynaptic clusters and postsynaptic densities
P07355	FB4E32DD	Presynaptic clusters and postsynaptic densities
O00533	FB4E32DD	Presynaptic clusters and postsynaptic densities
Q9NZR1	FB4E32DD	Presynaptic clusters and postsynaptic densities
Q05639	FB4E32DD	Presynaptic clusters and postsynaptic densities
Q15120	FB4E32DD	Presynaptic clusters and postsynaptic densities
Q63ZY3	FB4E32DD	Presynaptic clusters and postsynaptic densities
Q9Y6V0	FB4E32DD	Presynaptic clusters and postsynaptic densities
Q9NZW5	FB4E32DD	Presynaptic clusters and postsynaptic densities
P61204	FB4E32DD	Presynaptic clusters and postsynaptic densities
Q96NN9	FB4E32DD	Presynaptic clusters and postsynaptic densities
P60981	FB4E32DD	Presynaptic clusters and postsynaptic densities
Q08257	FB4E32DD	Presynaptic clusters and postsynaptic densities
Q6IAA8	FB4E32DD	Presynaptic clusters and postsynaptic densities
O14827	FB4E32DD	Presynaptic clusters and postsynaptic densities
P09104	FB4E32DD	Presynaptic clusters and postsynaptic densities
Q00577	FB4E32DD	Presynaptic clusters and postsynaptic densities
P30626	FB4E32DD	Presynaptic clusters and postsynaptic densities
Q9P2E9	FB4E32DD	Presynaptic clusters and postsynaptic densities
Q9Y2I8	FB4E32DD	Presynaptic clusters and postsynaptic densities
P17677	FB4E32DD	Presynaptic clusters and postsynaptic densities
Q86WG5	FB4E32DD	Presynaptic clusters and postsynaptic densities
Q9NS86	FB4E32DD	Presynaptic clusters and postsynaptic densities
Q8N7J2	FB4E32DD	Presynaptic clusters and postsynaptic densities
O43617	FB4E32DD	Presynaptic clusters and postsynaptic densities
O60313	FB4E32DD	Presynaptic clusters and postsynaptic densities
E1UZH7	900B1AFC	Synthetic Condensate 000265
P26599	979E1F4B	Synthetic Condensate 000033
O43561-2	A58C613A	Synthetic Condensate 000080
Q2M389	FB4E32DD	Presynaptic clusters and postsynaptic densities
B1MUE7	EFCB6399	Synthetic Condensate 000163
Q567U6	FB4E32DD	Presynaptic clusters and postsynaptic densities
C5MKY7	979E1F4B	Synthetic Condensate 000033
P35637	C22D95C0	Synthetic Condensate 000013
Q15149	FB4E32DD	Presynaptic clusters and postsynaptic densities
Q07889	A58C613A	Synthetic Condensate 000080
O43561-2	C05F05FE	Synthetic Condensate 000079
Q14204	FB4E32DD	Presynaptic clusters and postsynaptic densities
Q3UIK4	7C7AA953	METTL14 condensate
P62993	A58C613A	Synthetic Condensate 000080
P06748	9E412E21	Synthetic Condensate 000044
Q9A8N4	907141DD	PopZ condensate
Q9D415	9800A23F	Synthetic Condensate 000231
Q00986	907141DD	PopZ condensate
O75791	C05F05FE	Synthetic Condensate 000079
P16554	AB75B18A	Synthetic Condensate 000202
P05205	AD0C696C	Synthetic Condensate 000198
Q13094	C05F05FE	Synthetic Condensate 000079
Q9D415	A53DF2F0	Synthetic Condensate 000226
Q9NSC5	9800A23F	Synthetic Condensate 000231
Q4ACU6	9800A23F	Synthetic Condensate 000231
A0A0H3C9Y4	907141DD	PopZ condensate
P04050	8E4C2D28	Synthetic Condensate 000124
P24928	8E4C2D28	Synthetic Condensate 000124
P45973	8DF372A2	Synthetic Condensate 000069
P83916	8DF372A2	Synthetic Condensate 000069
P83731	FB4E32DD	Presynaptic clusters and postsynaptic densities
A0A8W4FC34	72FAB94F	Nucleolus
Q9UJY0	91857CE7	Nucleolus
O75992	91857CE7	Nucleolus
O94986	FE3CB95B	Synthetic Condensate 000371
Q8TF09	FB4E32DD	Presynaptic clusters and postsynaptic densities
Q9H3H4	91857CE7	Nucleolus
P42025	FB4E32DD	Presynaptic clusters and postsynaptic densities
Q9UEW8	FB4E32DD	Presynaptic clusters and postsynaptic densities
P60520	FB4E32DD	Presynaptic clusters and postsynaptic densities
O14773	FB4E32DD	Presynaptic clusters and postsynaptic densities
Q9Y2H5	FB4E32DD	Presynaptic clusters and postsynaptic densities
Q8NCB2	FB4E32DD	Presynaptic clusters and postsynaptic densities
Q15075	FB4E32DD	Presynaptic clusters and postsynaptic densities
P50416	FB4E32DD	Presynaptic clusters and postsynaptic densities
P61803	FB4E32DD	Presynaptic clusters and postsynaptic densities
Q9UKG1	FB4E32DD	Presynaptic clusters and postsynaptic densities
Q96A65	FB4E32DD	Presynaptic clusters and postsynaptic densities
P59190	FB4E32DD	Presynaptic clusters and postsynaptic densities
Q9Y6W5	FB4E32DD	Presynaptic clusters and postsynaptic densities
Q8TDC3	FB4E32DD	Presynaptic clusters and postsynaptic densities
P84085	FB4E32DD	Presynaptic clusters and postsynaptic densities
Q9UK22	FB4E32DD	Presynaptic clusters and postsynaptic densities
Q15046	FB4E32DD	Presynaptic clusters and postsynaptic densities
P19086	FB4E32DD	Presynaptic clusters and postsynaptic densities
P09110	FB4E32DD	Presynaptic clusters and postsynaptic densities
Q8WVC6	FB4E32DD	Presynaptic clusters and postsynaptic densities
P35580	FB4E32DD	Presynaptic clusters and postsynaptic densities
P50213	FB4E32DD	Presynaptic clusters and postsynaptic densities
Q9UIA9	FB4E32DD	Presynaptic clusters and postsynaptic densities
Q92796	FB4E32DD	Presynaptic clusters and postsynaptic densities
Q13555	FB4E32DD	Presynaptic clusters and postsynaptic densities
Q9UIJ7	FB4E32DD	Presynaptic clusters and postsynaptic densities
O60645	FB4E32DD	Presynaptic clusters and postsynaptic densities
P51659	FB4E32DD	Presynaptic clusters and postsynaptic densities
Q9BPW8	FB4E32DD	Presynaptic clusters and postsynaptic densities
P49368	FB4E32DD	Presynaptic clusters and postsynaptic densities
Q96JB2	FB4E32DD	Presynaptic clusters and postsynaptic densities
Q8N3P4	FB4E32DD	Presynaptic clusters and postsynaptic densities
Q7KZF4	FB4E32DD	Presynaptic clusters and postsynaptic densities
Q9Y6R0	FB4E32DD	Presynaptic clusters and postsynaptic densities
Q92974	FB4E32DD	Presynaptic clusters and postsynaptic densities
P54289	FB4E32DD	Presynaptic clusters and postsynaptic densities
Q96EV8	FB4E32DD	Presynaptic clusters and postsynaptic densities
O75380	FB4E32DD	Presynaptic clusters and postsynaptic densities
Q5T5P2	FB4E32DD	Presynaptic clusters and postsynaptic densities
P29218	FB4E32DD	Presynaptic clusters and postsynaptic densities
Q9Y281	FB4E32DD	Presynaptic clusters and postsynaptic densities
Q9UNE7	FB4E32DD	Presynaptic clusters and postsynaptic densities
Q9NQ66	FB4E32DD	Presynaptic clusters and postsynaptic densities
Q01518	FB4E32DD	Presynaptic clusters and postsynaptic densities
Q6PCE3	FB4E32DD	Presynaptic clusters and postsynaptic densities
Q16555	FB4E32DD	Presynaptic clusters and postsynaptic densities
Q96P47	FB4E32DD	Presynaptic clusters and postsynaptic densities
P0DMV9	FB4E32DD	Presynaptic clusters and postsynaptic densities
Q9BX66	FB4E32DD	Presynaptic clusters and postsynaptic densities
Q9UJW0	FB4E32DD	Presynaptic clusters and postsynaptic densities
P17987	FB4E32DD	Presynaptic clusters and postsynaptic densities
Q9Y5X3	FB4E32DD	Presynaptic clusters and postsynaptic densities
Q15836	FB4E32DD	Presynaptic clusters and postsynaptic densities
Q12840	FB4E32DD	Presynaptic clusters and postsynaptic densities
Q15084	FB4E32DD	Presynaptic clusters and postsynaptic densities
P49411	FB4E32DD	Presynaptic clusters and postsynaptic densities
Q8N3E9	FB4E32DD	Presynaptic clusters and postsynaptic densities
P61018	FB4E32DD	Presynaptic clusters and postsynaptic densities
Q8WUM4	FB4E32DD	Presynaptic clusters and postsynaptic densities
O75891	FB4E32DD	Presynaptic clusters and postsynaptic densities
P43003	FB4E32DD	Presynaptic clusters and postsynaptic densities
P00403	FB4E32DD	Presynaptic clusters and postsynaptic densities
P13073	FB4E32DD	Presynaptic clusters and postsynaptic densities
Q6UWR7	FB4E32DD	Presynaptic clusters and postsynaptic densities
P61158	FB4E32DD	Presynaptic clusters and postsynaptic densities
Q9HCC0	FB4E32DD	Presynaptic clusters and postsynaptic densities
Q53GQ0	FB4E32DD	Presynaptic clusters and postsynaptic densities
Q8N490	FB4E32DD	Presynaptic clusters and postsynaptic densities
Q8TAF3	FB4E32DD	Presynaptic clusters and postsynaptic densities
Q9P2U7	FB4E32DD	Presynaptic clusters and postsynaptic densities
Q9NR31	FB4E32DD	Presynaptic clusters and postsynaptic densities
P05090	FB4E32DD	Presynaptic clusters and postsynaptic densities
Q16720	FB4E32DD	Presynaptic clusters and postsynaptic densities
O43236	FB4E32DD	Presynaptic clusters and postsynaptic densities
Q9NQR7	FB4E32DD	Presynaptic clusters and postsynaptic densities
Q6P995	FB4E32DD	Presynaptic clusters and postsynaptic densities
P17152	FB4E32DD	Presynaptic clusters and postsynaptic densities
Q14DG7	FB4E32DD	Presynaptic clusters and postsynaptic densities
Q6ZUJ4	FF3FC04D	sex body
Q925J9	D9A36668	Transcriptional condensate
Q21021	807266B4	Nuclear pore complex
O02916	91857CE7	Nucleolus
A0A7D9NKX0	54E74809	Nuclear pore complex
Q96FJ1	91857CE7	Nucleolus
Q86VM3	91857CE7	Nucleolus
Q14281	91857CE7	Nucleolus
Q96J95	91857CE7	Nucleolus
Q14981	91857CE7	Nucleolus
Q96FD2	91857CE7	Nucleolus
O15441	91857CE7	Nucleolus
Q96FT1	91857CE7	Nucleolus
Q9NVL3	91857CE7	Nucleolus
Q86T58	91857CE7	Nucleolus
Q8WUZ1	91857CE7	Nucleolus
Q9H9V5	91857CE7	Nucleolus
Q9P2R9	91857CE7	Nucleolus
Q9GZW3	91857CE7	Nucleolus
Q96PK5	91857CE7	Nucleolus
M3WVY3	B4774FF5	Nucleolus
F7AMP1	54E74809	Nuclear pore complex
P12814	FB4E32DD	Presynaptic clusters and postsynaptic densities
O00444	FE3CB95B	Synthetic Condensate 000371
Q86BY9	A086309B	U-body
P62993	FF4E772B	Synthetic Condensate 000083
P21187	E61E225E	Stress granule
H3BMX5	FF7BB011	KAT8-IRF1 condensate
Q9VFT4	E61E225E	Stress granule
Q9V3C4	A086309B	U-body
P62873	FB4E32DD	Presynaptic clusters and postsynaptic densities
Q91YD3	AD9D4934	P-body
Q9CYC6	AD9D4934	P-body
B4DQF0	FF7BB011	KAT8-IRF1 condensate
Q8I4N3	807266B4	Nuclear pore complex
Q62093	3F0300C2	Nuclear speckle
P48598	E61E225E	Stress granule
Q640Z6	0DA90D7A	Nuclear pore complex
P81274	FF4792F2	Row 1-specific tip complex condensates
Q12929	FF4792F2	Row 1-specific tip complex condensates
Q05D60	FE3CB95B	Synthetic Condensate 000371
Q99K48	81B83C9C	Paraspeckle
P17600	FF4E772B	Synthetic Condensate 000083
Q5I0H3	7EEC7AD8	Cajal body
I3L5T3	72FAB94F	Nucleolus
O14744	FB4E32DD	Presynaptic clusters and postsynaptic densities
P47985	FB4E32DD	Presynaptic clusters and postsynaptic densities
P22509	34881ED2	Nucleolus
P37802	FB4E32DD	Presynaptic clusters and postsynaptic densities
Q60953	2E092FC3	PML body
Q96JN4	91857CE7	Nucleolus
P34560	1E117272	Centrosome
Q9NYH0	91857CE7	Nucleolus
Q96BY2	718A9EC3	P62 body
Q9H3L4	91857CE7	Nucleolus
Q9UG39	91857CE7	Nucleolus
Q8WVB8	91857CE7	Nucleolus
Q9Y6Y3	91857CE7	Nucleolus
Q9H855	91857CE7	Nucleolus
Q9H027	91857CE7	Nucleolus
Q8IYI9	91857CE7	Nucleolus
Q96E91	91857CE7	Nucleolus
Q96B52	91857CE7	Nucleolus
Q8IVL9	91857CE7	Nucleolus
Q9BPY6	91857CE7	Nucleolus
Q96E87	91857CE7	Nucleolus
Q9H5M6	91857CE7	Nucleolus
Q96CL3	91857CE7	Nucleolus
Q8WV53	91857CE7	Nucleolus
Q9NV36	91857CE7	Nucleolus
Q9BVP6	91857CE7	Nucleolus
Q9BPV9	91857CE7	Nucleolus
Q9BRF6	91857CE7	Nucleolus
Q9UP86	91857CE7	Nucleolus
Q9Y4S3	91857CE7	Nucleolus
Q8TDY0	91857CE7	Nucleolus
Q9H9F8	91857CE7	Nucleolus
Q8TCV6	91857CE7	Nucleolus
Q8TEZ1	91857CE7	Nucleolus
Q8TB66	91857CE7	Nucleolus
Q96TA6	91857CE7	Nucleolus
Q12803	91857CE7	Nucleolus
Q96A52	91857CE7	Nucleolus
Q9BRC9	91857CE7	Nucleolus
Q9BUT3	91857CE7	Nucleolus
Q8N935	91857CE7	Nucleolus
Q9H8U9	91857CE7	Nucleolus
Q9BWL9	91857CE7	Nucleolus
Q8IVR9	91857CE7	Nucleolus
Q8N0W8	91857CE7	Nucleolus
Q7Z481	91857CE7	Nucleolus
Q8IYH0	91857CE7	Nucleolus
Q96G92	91857CE7	Nucleolus
Q9BXK4	91857CE7	Nucleolus
Q8IU69	91857CE7	Nucleolus
Q8IW16	91857CE7	Nucleolus
Q96J10	91857CE7	Nucleolus
Q8NCD9	91857CE7	Nucleolus
Q96JD3	91857CE7	Nucleolus
Q9BZQ1	91857CE7	Nucleolus
Q9H381	91857CE7	Nucleolus
Q12987	91857CE7	Nucleolus
Q8IY12	91857CE7	Nucleolus
Q9P1V2	91857CE7	Nucleolus
Q8WXZ8	91857CE7	Nucleolus
Q9H2G1	91857CE7	Nucleolus
Q8WUY5	91857CE7	Nucleolus
Q9H7U0	91857CE7	Nucleolus
Q9UHY0	91857CE7	Nucleolus
Q8N417	91857CE7	Nucleolus
Q9Y321	91857CE7	Nucleolus
Q9H245	91857CE7	Nucleolus
Q9NW67	91857CE7	Nucleolus
Q9H586	91857CE7	Nucleolus
Q96AT5	91857CE7	Nucleolus
Q9NXK4	91857CE7	Nucleolus
Q96SS3	91857CE7	Nucleolus
Q9UG18	91857CE7	Nucleolus
Q96DK2	91857CE7	Nucleolus
Q96JY7	91857CE7	Nucleolus
Q86UC4	91857CE7	Nucleolus
Q9Y658	91857CE7	Nucleolus
Q8NHS8	91857CE7	Nucleolus
Q16051	91857CE7	Nucleolus
Q7Z638	91857CE7	Nucleolus
Q8IWG8	91857CE7	Nucleolus
Q9H830	91857CE7	Nucleolus
Q96QJ8	91857CE7	Nucleolus
Q96A78	91857CE7	Nucleolus
Q8N9E5	91857CE7	Nucleolus
Q9NSP6	91857CE7	Nucleolus
Q8NB06	91857CE7	Nucleolus
Q9H9J6	91857CE7	Nucleolus
Q94II3	4299E36E	Nucleolus
Q14596	718A9EC3	P62 body
Q9LRX8	4299E36E	Nucleolus
P10637	E94C8F89	Tau inclusion
O60832-2	DEE660B4	Stress granule
Q8TBR6	91857CE7	Nucleolus
Q9VIK6	7AFE7FE2	Pericentriolar material
Q92QJ4	AE6B9C0B	BR-body
G5EBV6	7DC50CA0	Synthetic Condensate 000067
Q9NVY2	91857CE7	Nucleolus
G1SWD1	97EBEFF3	Nucleolus
Q9Y3D8	6F24707C	Cajal body
P29043	91857CE7	Nucleolus
Q9A299	EF55C906	BR-body
Q9SJL8	4299E36E	Nucleolus
Q9A749	EF55C906	BR-body
P06748	80B4651A	Granular component
P97432	3393144B	P62 cluster
Q9P2E3	DEE660B4	Stress granule
O60885	6BD4AB7A	Synthetic Condensate 000182
Q99KJ8	01CA17F3	Centrosome
Q9WTX6	01CA17F3	Centrosome
Q6PDI5	01CA17F3	Centrosome
O22812	4299E36E	Nucleolus
P35637	01ADBBD5	Synthetic Condensate 000031
P34475	1E117272	Centrosome
Q9SIR5	4299E36E	Nucleolus
Q8LCL3	4299E36E	Nucleolus
F4JXE3	4299E36E	Nucleolus
Q94B60	4299E36E	Nucleolus
Q8L7N2	4299E36E	Nucleolus
Q9ZPX8	4299E36E	Nucleolus
O49595	4299E36E	Nucleolus
Q8VYB3	4299E36E	Nucleolus
Q8RUF8	4299E36E	Nucleolus
Q9LJ94	4299E36E	Nucleolus
Q9FJY5	4299E36E	Nucleolus
Q9LV46	4299E36E	Nucleolus
Q9M076	4299E36E	Nucleolus
Q8L7M3	4299E36E	Nucleolus
P42697	4299E36E	Nucleolus
F4J4V1	4299E36E	Nucleolus
Q9T0P4	4299E36E	Nucleolus
O80897	4299E36E	Nucleolus
Q8LBZ7	4299E36E	Nucleolus
Q9SY88	4299E36E	Nucleolus
Q9NFU0	7AFE7FE2	Pericentriolar material
P25159	E7B423DE	Mimi granules
Q96LC1	91857CE7	Nucleolus
Q38951	4299E36E	Nucleolus
Q22053	D551D4B1	Synthetic Condensate 000051
Q14974	500EDC60	Synthetic Condensate 000260
P67809	5253F164	YBX1 condensate
Q8VCD6	CE726F99	Postsynaptic density
Q9VCH5	99EB68D3	Nuclear pore complex
Q9Y6D5	FB4E32DD	Presynaptic clusters and postsynaptic densities
P78352-3	11FDE679	Synthetic Condensate 000054
Q9W1V3	56BF1CA9	Dense fibrillar component
P52294	FB4E32DD	Presynaptic clusters and postsynaptic densities
Q8C1S0	D9A36668	Transcriptional condensate
Q9Y6G9	FB4E32DD	Presynaptic clusters and postsynaptic densities
Q14240	FB4E32DD	Presynaptic clusters and postsynaptic densities
P21589	FB4E32DD	Presynaptic clusters and postsynaptic densities
O94915	FB4E32DD	Presynaptic clusters and postsynaptic densities
Q2NKQ1	FB4E32DD	Presynaptic clusters and postsynaptic densities
P10809	FB4E32DD	Presynaptic clusters and postsynaptic densities
P08133	FB4E32DD	Presynaptic clusters and postsynaptic densities
P51153	FB4E32DD	Presynaptic clusters and postsynaptic densities
Q9UPN3	FB4E32DD	Presynaptic clusters and postsynaptic densities
P02730	FB4E32DD	Presynaptic clusters and postsynaptic densities
Q9NQX3	FB4E32DD	Presynaptic clusters and postsynaptic densities
Q99816	FB4E32DD	Presynaptic clusters and postsynaptic densities
P13637	FB4E32DD	Presynaptic clusters and postsynaptic densities
Q9Y4F5	FB4E32DD	Presynaptic clusters and postsynaptic densities
O95433	FB4E32DD	Presynaptic clusters and postsynaptic densities
Q8N4C8	FB4E32DD	Presynaptic clusters and postsynaptic densities
Q96CT7	FB4E32DD	Presynaptic clusters and postsynaptic densities
O75051	FB4E32DD	Presynaptic clusters and postsynaptic densities
P35637	58F5AC37	Synthetic Condensate 000283
Q9TZQ3	3DE2549A	PGL granules
Q8AVB9	78E86D56	Mitochondrial cloud
P45973	C65B6D56	Synthetic Condensate 000076
P10636-8	03D56D03	Tau Condensate
Q8K0U4	CE726F99	Postsynaptic density
P35637	979E1F4B	Synthetic Condensate 000033
Q93YU5	4299E36E	Nucleolus
Q9NSU2	1A0B17A6	cGAS foci
Q2TAP0	FB4E32DD	Presynaptic clusters and postsynaptic densities
Q95QV8	9DA71F79	Stress granule
Q9BYD3	91857CE7	Nucleolus
A0A4X1U7Y6	72FAB94F	Nucleolus
Q96524	988B4B02	Plant Photobody
Q9QUR8	CE726F99	Postsynaptic density
Q9H9H5	FB4E32DD	Presynaptic clusters and postsynaptic densities
Q9HA65	FB4E32DD	Presynaptic clusters and postsynaptic densities
O14925	91857CE7	Nucleolus
P00403	91857CE7	Nucleolus
Q13888	91857CE7	Nucleolus
Q5SGD2	91857CE7	Nucleolus
Q9UMY1	91857CE7	Nucleolus
P20020	91857CE7	Nucleolus
P17480	91857CE7	Nucleolus
Q8NI36	91857CE7	Nucleolus
P62136	91857CE7	Nucleolus
P16403	91857CE7	Nucleolus
Q6PK04	91857CE7	Nucleolus
O43615	91857CE7	Nucleolus
P61964	91857CE7	Nucleolus
O60264	91857CE7	Nucleolus
Q8NE71	91857CE7	Nucleolus
Q14980	91857CE7	Nucleolus
O43684	91857CE7	Nucleolus
Q6P2Q9	91857CE7	Nucleolus
O60293	91857CE7	Nucleolus
P09001	91857CE7	Nucleolus
P61158	91857CE7	Nucleolus
P13995	91857CE7	Nucleolus
P30837	91857CE7	Nucleolus
Q96B01	91857CE7	Nucleolus
Q32NC0	91857CE7	Nucleolus
Q86VY4	91857CE7	Nucleolus
Q9BU19	91857CE7	Nucleolus
Q9H5L4	91857CE7	Nucleolus
O14547	91857CE7	Nucleolus
Q9NVW5	91857CE7	Nucleolus
Q7Z5E3	91857CE7	Nucleolus
Q96I08	91857CE7	Nucleolus
Q8NBE6	91857CE7	Nucleolus
O43328	91857CE7	Nucleolus
Q9BW93	91857CE7	Nucleolus
Q9LZK5	4299E36E	Nucleolus
Q7ZXV8	6D2E8C29	Synthetic Condensate 000196
Q9C718	4299E36E	Nucleolus
Q7ZXU4	78E86D56	Mitochondrial cloud
Q9UGN5	D1F4711B	PARP1-DNA condensate
Q9NYF0	9B5B2FB8	Synthetic Condensate 000374
Q9UK45	232F8A39	P-body
Q9UG63	232F8A39	P-body
G1TVT0	97EBEFF3	Nucleolus
P20592	232F8A39	P-body
Q9H0S4	91857CE7	Nucleolus
A0A1L8GNT8	78E86D56	Mitochondrial cloud
Q8C6L5	C6D11C2A	Synthetic Condensate 000217
Q96KR1	232F8A39	P-body
P16989	232F8A39	P-body
P35637	232F8A39	P-body
P62277	232F8A39	P-body
Q96PK6	232F8A39	P-body
Q08554	232F8A39	P-body
A0A0U1RRE5	232F8A39	P-body
P46940	232F8A39	P-body
Q9BQE3	232F8A39	P-body
O75533	C1EEEEF5	Synthetic Condensate 000309
Q1JQ73	51D14917	L-bodies
Q9BZL6	8C2F96ED	Centrosome
O95954	8C2F96ED	Centrosome
O15182	8C2F96ED	Centrosome
P62826	8C2F96ED	Centrosome
Q9NRA0	8C2F96ED	Centrosome
Q13148	C4C56ED2	TDP-25 inclusions
Q01844	91857CE7	Nucleolus
P11137	8C2F96ED	Centrosome
Q9NXG0	8C2F96ED	Centrosome
Q15648	E11B6BAB	Synthetic Condensate 000195
A0A1L8FGS2	78E86D56	Mitochondrial cloud
P14152	CE726F99	Postsynaptic density
P16554	214630CE	Synthetic Condensate 000289
I3L2L5	232F8A39	P-body
Q68FJ1	78E86D56	Mitochondrial cloud
Q43125	988B4B02	Plant Photobody
P0C0S8	91857CE7	Nucleolus
P18572	CE726F99	Postsynaptic density
Q9CYN9	CE726F99	Postsynaptic density
Q04899	CE726F99	Postsynaptic density
Q80X80	CE726F99	Postsynaptic density
Q9QZ06	CE726F99	Postsynaptic density
Q8CBY8	CE726F99	Postsynaptic density
P60335	CE726F99	Postsynaptic density
Q9CS84	CE726F99	Postsynaptic density
P11881	CE726F99	Postsynaptic density
F6Q5P0	72FAB94F	Nucleolus
Q07352	0AEBFC12	Synthetic Condensate 000361
I0J062	91857CE7	Nucleolus
Q925I1	CE726F99	Postsynaptic density
P10275	DFB52F78	Synthetic Condensate 000129
P41812	7CAF9006	Tam body
Q9XSI3	D7FE2080	Nucleolus
P26599	FF78ADB9	Synthetic Condensate 000050
E7ESC6	B5B9A610	PML body
A0A087X1Z3	B5B9A610	PML body
Q9ULJ3	B5B9A610	PML body
P07222	403A9DB1	Synthetic Condensate 000002
P90786	73A75392	P-granule
P10591	67785C55	Hypersomatic shock foci
J3QRS9	B5B9A610	PML body
P62984	8F289D40	ELVA
P98192	CE726F99	Postsynaptic density
P35637	FF78ADB9	Synthetic Condensate 000050
P46096	CE726F99	Postsynaptic density
Q56A07	CE726F99	Postsynaptic density
Q9ESW4	CE726F99	Postsynaptic density
E9Q3M9	CE726F99	Postsynaptic density
P48722	CE726F99	Postsynaptic density
Q9D3D9	CE726F99	Postsynaptic density
Q9CYR0	CE726F99	Postsynaptic density
Q8VHI6	CE726F99	Postsynaptic density
A0A178UAJ2	A9BEEE91	Sirna body
Q7JVY2	28DCC277	Synthetic Condensate 000327
P31942	97081F97	Synthetic Condensate 000088
Q39588	EA8B71D1	Pyrenoid
P22626	5506006C	Synthetic Condensate 000177
Q9Y6J8	DEE660B4	Stress granule
Q12329	E03F929F	Stress granule
P01889	DEE660B4	Stress granule
P41697	876000F7	Centrosome
O95758	DEE660B4	Stress granule
Q9BZL1	DEE660B4	Stress granule
P35637	DEE660B4	Stress granule
Q99417	DEE660B4	Stress granule
P62847	DEE660B4	Stress granule
O75937	DEE660B4	Stress granule
Q16555	DEE660B4	Stress granule
A0A024R3V0	DEE660B4	Stress granule
P40939	DEE660B4	Stress granule
P35268	DEE660B4	Stress granule
P68371	DEE660B4	Stress granule
Q58DA3	D7FE2080	Nucleolus
Q9UHB7	7C2F7184	Transcription Elongation Condensate
Q9LZY0	33FCD62D	Centrosome
Q96P20	975B8A70	Inflammasome
Q9VGF9	2838EF58	Centrosome
Q64337	FBAE0D06	Synthetic Condensate 000291
Q9V7U0	9321DD1F	Synthetic Condensate 000162
P40070	FF78ADB9	Synthetic Condensate 000050
Q5XH16	AC502520	Nucleolus
P35637	77264BD3	Synthetic Condensate 000258
P61287	D7FE2080	Nucleolus
Q99MV1	DE1E139C	Chromatoid body
P03069	E95823B6	Synthetic Condensate 000194
P09651	2CE6B729	Synthetic Condensate 000295
P31383	876000F7	Centrosome
P0A9M0	3A3AD14F	Aggresome
P35637	33BF1E0E	Synthetic Condensate 000053
P54199	876000F7	Centrosome
Q13148	B3A0EABC	Midbody Granule
Q07666	F85A2E29	IMP1 RNP granule
Q9QR71	DABB4E53	LANA body
Q96QC0	DEE660B4	Stress granule
Q8BMA5	50782855	Histone Locus Body
P57743	E03F929F	Stress granule
Q9FLP0	33FCD62D	Centrosome
Q01844	BB266630	TAZ Condensate
Q91YT7	AD9D4934	P-body
Q8BX10	1F16C8AA	PGAM5-MAVS Condensate
M9PC46	46DAEB10	Synthetic Condensate 000167
Q9Z108	764D0258	Neuronal RNP granule
Q9UKN7	FF4792F2	Row 1-specific tip complex condensates
Q9P202	FF4792F2	Row 1-specific tip complex condensates
A8J4S1	EA8B71D1	Pyrenoid
P10636	DEE660B4	Stress granule
C9JJQ8	FF8F0FD5	Synthetic Condensate 000384
Q04439	E019EF73	Ede1 condensate
P33338	E019EF73	Ede1 condensate
P00877	34B41364	Chloroplast Stress granule
P45973	8BB8BA7F	Synthetic Condensate 000324
Q12446	E019EF73	Ede1 condensate
Q6NZJ6	764D0258	Neuronal RNP granule
Q9SQK3	4A9B7D75	Synthetic Condensate 000339
Q6DD88	57A56005	ORF8/p62 condensate
P39013	E019EF73	Ede1 condensate
P19484	F9F5AA60	Synthetic Condensate 000278
Q5JWT2	B5B9A610	PML body
Q01860	7231FD3C	Synthetic Condensate 000185
O13024	3F4CB227	Synthetic Condensate 000322
P32521	E019EF73	Ede1 condensate
P15891	E019EF73	Ede1 condensate
P39743	E019EF73	Ede1 condensate
X5DSL3	AC87FF17	Synthetic Condensate 000021
Q9FJR0	60F64496	P-body
Q13148	BEB5E62D	Anisosome
P78352-3	9800A23F	Synthetic Condensate 000231
P0CG48	EF6CBD8C	Synthetic Condensate 000070
D0PV95	FF9FC9E0	Synthetic Condensate 000016
Q387Q8	C441AF4C	Stress granule
Q96MU7	634C353E	BRD4 condensate
Q9UER7	DAD1D2C8	SPOP/DAXX body
P40484	876000F7	Centrosome
Q01844	D8E9712B	Neuronal RNP granule
Q16236	FBAE0D06	Synthetic Condensate 000291
P97351	CE726F99	Postsynaptic density
P04272	D7FE2080	Nucleolus
Q2KII6	D7FE2080	Nucleolus
E1BDV5	D7FE2080	Nucleolus
J9VE33	E03AA123	Stress Granule
J9VSM6	E03AA123	Stress Granule
D6R9P3	DEE660B4	Stress granule
P01106	02CD31EB	Synthetic Condensate 000174
P03521	01BEC43A	Synthetic Condensate 000315
P07320	E5DE0AD2	Synthetic Condensate 000251
J7MA22	200B29C3	EML4-ALK condensates
A8I647	EA8B71D1	Pyrenoid
Q9M350	33FCD62D	Centrosome
A8J0S5	EA8B71D1	Pyrenoid
O60500	F345034F	Signaling cluster
P80311	D7FE2080	Nucleolus
E1B8C2	D7FE2080	Nucleolus
O42773	E03AA123	Stress Granule
Q9TZQ3	AF5F0395	Synthetic Condensate 000141
P25644	DAAE2994	Synthetic Condensate 000235
O35387	CE726F99	Postsynaptic density
P9WI75	00EEF43C	Synthetic Condensate 000314
G5EEM5	E72E7219	Pericentriolar matrix
Q14145	FBAE0D06	Synthetic Condensate 000291
Q99700	E1879998	Synthetic Condensate 000375
P09651-2	FBE2A4AB	Synthetic Condensate 000385
Q8IR55	2838EF58	Centrosome
Q13501	EF6CBD8C	Synthetic Condensate 000070
P25367	E03F929F	Stress granule
Q8C4G9	CE726F99	Postsynaptic density
P04187	453FB656	Mast cell extracellular granules (MCEGs)
O70325	CE726F99	Postsynaptic density
Q99JY0	CE726F99	Postsynaptic density
Q6NXK8	CE726F99	Postsynaptic density
A1A6M1	4F8E82B6	Chloroplast Stress granule
Q9UL15	FB4E32DD	Presynaptic clusters and postsynaptic densities
P40926	FB4E32DD	Presynaptic clusters and postsynaptic densities
Q96L92	FB4E32DD	Presynaptic clusters and postsynaptic densities
O76054	FB4E32DD	Presynaptic clusters and postsynaptic densities
O88569	CE726F99	Postsynaptic density
Q5JTC6-2	1A18FFC4	Paraspeckle
Q10719	92813D3C	Fus1 condensate
P62891	91857CE7	Nucleolus
P14618	FB4E32DD	Presynaptic clusters and postsynaptic densities
O14950	FB4E32DD	Presynaptic clusters and postsynaptic densities
Q96PY5	FB4E32DD	Presynaptic clusters and postsynaptic densities
O14576	FB4E32DD	Presynaptic clusters and postsynaptic densities
Q08AE8	FB4E32DD	Presynaptic clusters and postsynaptic densities
Q9Y6C9	FB4E32DD	Presynaptic clusters and postsynaptic densities
O43526	FB4E32DD	Presynaptic clusters and postsynaptic densities
P61313	91857CE7	Nucleolus
Q9NXH4	91857CE7	Nucleolus
P63173	FB4E32DD	Presynaptic clusters and postsynaptic densities
Q5W9T2	EA8B71D1	Pyrenoid
A8JF72	EA8B71D1	Pyrenoid
A8HQ14	EA8B71D1	Pyrenoid
A0A1L8HCS3	78E86D56	Mitochondrial cloud
Q61990	99074DA8	PCBP2 condensates
Q84XR8	EA8B71D1	Pyrenoid
Q13363	FB4E32DD	Presynaptic clusters and postsynaptic densities
O94910	FB4E32DD	Presynaptic clusters and postsynaptic densities
P21845	453FB656	Mast cell extracellular granules (MCEGs)
P06804	453FB656	Mast cell extracellular granules (MCEGs)
O75444	7954D4A1	c‐Maf condensates
Q9QXS1	D417733D	Plectin condensates
P52789	904EB3AA	CEBPZ condensates
Q3KP66	923DEEBC	IL-1b-induced INAVA condensates
Q96DY7	7954D4A1	c‐Maf condensates
Q56JX6	D7FE2080	Nucleolus
O43791	DFB52F78	Synthetic Condensate 000129
Q96CG3	437BC32B	TIFA-TRAF6 Condensate
O00170	FB4E32DD	Presynaptic clusters and postsynaptic densities
Q9Y512	FB4E32DD	Presynaptic clusters and postsynaptic densities
Q9BZV1	FB4E32DD	Presynaptic clusters and postsynaptic densities
Q14938	EF01EA24	TFAP2β condensates
P47928	EF01EA24	TFAP2β condensates
Q9Y5J1	DEE660B4	Stress granule
P84103	5A5D4A50	AFAP1-AS1 condensates
O55042	97270867	α-synuclein condensates
Q07955	5A5D4A50	AFAP1-AS1 condensates
P97427	CE726F99	Postsynaptic density
Q9SIW5	4299E36E	Nucleolus
Q3KP66	940DCD6E	INAVA condensates
Q86XJ1	11D28AF1	GAS2L3 condensates
Q58CQ2	D7FE2080	Nucleolus
A0A8I5ZUZ7	7EEC7AD8	Cajal body
Q15366	9EE57072	PCBP2 condensates
F4JJ94	4299E36E	Nucleolus
Q9FKQ3	4299E36E	Nucleolus
Q3E8E5	4299E36E	Nucleolus
A0A1P8AVE9	4299E36E	Nucleolus
A0A1P8BD18	4299E36E	Nucleolus
Q8RWY3	4299E36E	Nucleolus
Q8H118	4299E36E	Nucleolus
Q9FY64	4299E36E	Nucleolus
Q9FPH3	4299E36E	Nucleolus
Q9SJT4	4299E36E	Nucleolus
P27140	4299E36E	Nucleolus
Q96321	4299E36E	Nucleolus
Q9LYE7	4299E36E	Nucleolus
Q8LC95	4299E36E	Nucleolus
Q9LHE5	4299E36E	Nucleolus
Q9FIB6	4299E36E	Nucleolus
P54623	7AFE7FE2	Pericentriolar material
O22173	24475C75	Stress granule
O15145	FB4E32DD	Presynaptic clusters and postsynaptic densities
Q921F2	D12E4DB9	Stress granule
O43791	DAD1D2C8	SPOP/DAXX body
P97379	D12E4DB9	Stress granule
Q2QI47	F80F25AF	Ankle Link Complex (ALC) Condensate
Q93YQ1	24475C75	Stress granule
Q06587	804901D1	Nuclear speckle
Q13283	40C311B2	Stress granule
P26645	01CA17F3	Centrosome
Q9NRW3	DEE660B4	Stress granule
B2RR83	AD9D4934	P-body
P19659	E95823B6	Synthetic Condensate 000194
O60356	DEE660B4	Stress granule
P78352	B4E97D43	α-synuclein condensates
Q01844	19D3735D	EWSR1 condensates
P06748	D551D4B1	Synthetic Condensate 000051
P62140	91857CE7	Nucleolus
Q86V81	1AE015A9	ALYREF condensates
P33991	91857CE7	Nucleolus
Q62059	CE726F99	Postsynaptic density
P63089	CE726F99	Postsynaptic density
Q8BH59	CE726F99	Postsynaptic density
Q8BIK4	CE726F99	Postsynaptic density
P01106	7954D4A1	c‐Maf condensates
P54843	7954D4A1	c‐Maf condensates
Q8BJS8	7954D4A1	c‐Maf condensates
P09651	89D22CC2	Synthetic Condensate 000270
Q8BJS8	9E05DBF7	c‐Maf condensates
P01108	9E05DBF7	c‐Maf condensates
P21844	453FB656	Mast cell extracellular granules (MCEGs)
Q9NPI6	9EE57072	PCBP2 condensates
P26196	9EE57072	PCBP2 condensates
P31483	9EE57072	PCBP2 condensates
Q61990	9EE57072	PCBP2 condensates
P48431	CF22E771	Synthetic Condensate 000181
Q9H8W5	D5A5F0CB	TRIM45 bodies
P04637	904EB3AA	CEBPZ condensates
P63167	DEE660B4	Stress granule
Q8NDC0	DEE660B4	Stress granule
Q96SU4	DEE660B4	Stress granule
A6NDG6	DEE660B4	Stress granule
Q9Y2W1	DEE660B4	Stress granule
Q12899	DEE660B4	Stress granule
P37840	B4E97D43	α-synuclein condensates
P15089	453FB656	Mast cell extracellular granules (MCEGs)
P07356	D417733D	Plectin condensates
Q92481	EF01EA24	TFAP2β condensates
Q55804	F499BD52	BR-body
P07101	B4E97D43	α-synuclein condensates
P24529	97270867	α-synuclein condensates
D0PV95	AC87FF17	Synthetic Condensate 000021
Q5SNT2	8C2F96ED	Centrosome
P54843	9E05DBF7	c‐Maf condensates
Q62108	97270867	α-synuclein condensates
Q8K1A6	CE726F99	Postsynaptic density
A0MFS5	4F8E82B6	Chloroplast Stress granule
Q07955	81D2A7B6	Nuclear stress body
O04603	4F8E82B6	Chloroplast Stress granule
Q9H223	FB4E32DD	Presynaptic clusters and postsynaptic densities
P53621	FB4E32DD	Presynaptic clusters and postsynaptic densities
Q9QY24	D12E4DB9	Stress granule
Q9QZL0	D12E4DB9	Stress granule
A8I5R9	EA8B71D1	Pyrenoid
Q8ND56	232F8A39	P-body
Q542E3	453FB656	Mast cell extracellular granules (MCEGs)
Q69Z71	453FB656	Mast cell extracellular granules (MCEGs)
P26041	453FB656	Mast cell extracellular granules (MCEGs)
P97449	453FB656	Mast cell extracellular granules (MCEGs)
Q9D154	453FB656	Mast cell extracellular granules (MCEGs)
Q8VDN2	453FB656	Mast cell extracellular granules (MCEGs)
Q3TJX0	453FB656	Mast cell extracellular granules (MCEGs)
A4QPC5	453FB656	Mast cell extracellular granules (MCEGs)
Q5FW97	453FB656	Mast cell extracellular granules (MCEGs)
P47738	453FB656	Mast cell extracellular granules (MCEGs)
O88398	453FB656	Mast cell extracellular granules (MCEGs)
P48036	453FB656	Mast cell extracellular granules (MCEGs)
Q60963	453FB656	Mast cell extracellular granules (MCEGs)
Q3UDS0	453FB656	Mast cell extracellular granules (MCEGs)
Q99KC8	453FB656	Mast cell extracellular granules (MCEGs)
E9QJW9	453FB656	Mast cell extracellular granules (MCEGs)
A0A1L1SV25	453FB656	Mast cell extracellular granules (MCEGs)
Q3UN88	453FB656	Mast cell extracellular granules (MCEGs)
P52480	453FB656	Mast cell extracellular granules (MCEGs)
Q3TZH4	453FB656	Mast cell extracellular granules (MCEGs)
P27773	453FB656	Mast cell extracellular granules (MCEGs)
P06800	453FB656	Mast cell extracellular granules (MCEGs)
Q3TNK2	453FB656	Mast cell extracellular granules (MCEGs)
Q3TWF2	453FB656	Mast cell extracellular granules (MCEGs)
Q3U232	453FB656	Mast cell extracellular granules (MCEGs)
A0A0A0MQF6	453FB656	Mast cell extracellular granules (MCEGs)
P56480	453FB656	Mast cell extracellular granules (MCEGs)
Q8BW75	453FB656	Mast cell extracellular granules (MCEGs)
Q8R1F1	453FB656	Mast cell extracellular granules (MCEGs)
Q3TI99	453FB656	Mast cell extracellular granules (MCEGs)
B2RRX1	453FB656	Mast cell extracellular granules (MCEGs)
F6W6U3	453FB656	Mast cell extracellular granules (MCEGs)
Q3TC68	453FB656	Mast cell extracellular granules (MCEGs)
P05532	453FB656	Mast cell extracellular granules (MCEGs)
P68404	453FB656	Mast cell extracellular granules (MCEGs)
P08752	453FB656	Mast cell extracellular granules (MCEGs)
Q3TGW0	453FB656	Mast cell extracellular granules (MCEGs)
P28293	453FB656	Mast cell extracellular granules (MCEGs)
Q71LX8	453FB656	Mast cell extracellular granules (MCEGs)
Q8VDD5	453FB656	Mast cell extracellular granules (MCEGs)
Q3UWP8	453FB656	Mast cell extracellular granules (MCEGs)
Q5RKP0	453FB656	Mast cell extracellular granules (MCEGs)
Q5SUA5	453FB656	Mast cell extracellular granules (MCEGs)
Q3TEE6	453FB656	Mast cell extracellular granules (MCEGs)
Q3UBU0	453FB656	Mast cell extracellular granules (MCEGs)
Q9ES52	453FB656	Mast cell extracellular granules (MCEGs)
Q3TIP8	453FB656	Mast cell extracellular granules (MCEGs)
P40124	453FB656	Mast cell extracellular granules (MCEGs)
Q80U89	453FB656	Mast cell extracellular granules (MCEGs)
Q3US43	453FB656	Mast cell extracellular granules (MCEGs)
Q6PAC1	453FB656	Mast cell extracellular granules (MCEGs)
P09103	453FB656	Mast cell extracellular granules (MCEGs)
P63101	453FB656	Mast cell extracellular granules (MCEGs)
Q3TBM1	453FB656	Mast cell extracellular granules (MCEGs)
Q3U094	453FB656	Mast cell extracellular granules (MCEGs)
P97384	453FB656	Mast cell extracellular granules (MCEGs)
Q64727	453FB656	Mast cell extracellular granules (MCEGs)
Q3TF74	453FB656	Mast cell extracellular granules (MCEGs)
Q03265	453FB656	Mast cell extracellular granules (MCEGs)
Q9WVA4	453FB656	Mast cell extracellular granules (MCEGs)
Q99LB4	453FB656	Mast cell extracellular granules (MCEGs)
P09411	453FB656	Mast cell extracellular granules (MCEGs)
Q64475	453FB656	Mast cell extracellular granules (MCEGs)
A1A4T2	453FB656	Mast cell extracellular granules (MCEGs)
P63038	453FB656	Mast cell extracellular granules (MCEGs)
P06745	453FB656	Mast cell extracellular granules (MCEGs)
Q4FK57	453FB656	Mast cell extracellular granules (MCEGs)
Q9CPX4	453FB656	Mast cell extracellular granules (MCEGs)
Q3U7Z6	453FB656	Mast cell extracellular granules (MCEGs)
Q3TE63	453FB656	Mast cell extracellular granules (MCEGs)
P99024	453FB656	Mast cell extracellular granules (MCEGs)
P51881	453FB656	Mast cell extracellular granules (MCEGs)
P26443	453FB656	Mast cell extracellular granules (MCEGs)
P62806	453FB656	Mast cell extracellular granules (MCEGs)
Q3TBF1	453FB656	Mast cell extracellular granules (MCEGs)
F8WIV2	453FB656	Mast cell extracellular granules (MCEGs)
Q01853	453FB656	Mast cell extracellular granules (MCEGs)
E2FHV9	453FB656	Mast cell extracellular granules (MCEGs)
O48529	4F8E82B6	Chloroplast Stress granule
O80934	4F8E82B6	Chloroplast Stress granule
P10798	4F8E82B6	Chloroplast Stress granule
P16127	4F8E82B6	Chloroplast Stress granule
P17745	4F8E82B6	Chloroplast Stress granule
P21218	4F8E82B6	Chloroplast Stress granule
P25864	4F8E82B6	Chloroplast Stress granule
P25873	4F8E82B6	Chloroplast Stress granule
P38418	4F8E82B6	Chloroplast Stress granule
P50318	4F8E82B6	Chloroplast Stress granule
P56762	4F8E82B6	Chloroplast Stress granule
P56764	4F8E82B6	Chloroplast Stress granule
P56765	4F8E82B6	Chloroplast Stress granule
P56779	4F8E82B6	Chloroplast Stress granule
P56791	4F8E82B6	Chloroplast Stress granule
P56802	4F8E82B6	Chloroplast Stress granule
P56807	4F8E82B6	Chloroplast Stress granule
Q04836	4F8E82B6	Chloroplast Stress granule
Q07356	4F8E82B6	Chloroplast Stress granule
Q38814	4F8E82B6	Chloroplast Stress granule
Q38854	4F8E82B6	Chloroplast Stress granule
Q42545	4F8E82B6	Chloroplast Stress granule
Q43349	4F8E82B6	Chloroplast Stress granule
Q56X76	4F8E82B6	Chloroplast Stress granule
Q680K2	4F8E82B6	Chloroplast Stress granule
Q8GUG7	4F8E82B6	Chloroplast Stress granule
Q8L7L0	4F8E82B6	Chloroplast Stress granule
Q8L960	4F8E82B6	Chloroplast Stress granule
Q8LPS6	4F8E82B6	Chloroplast Stress granule
Q8S9L5	4F8E82B6	Chloroplast Stress granule
Q8VZF3	4F8E82B6	Chloroplast Stress granule
Q93WI0	4F8E82B6	Chloroplast Stress granule
Q94A41	4F8E82B6	Chloroplast Stress granule
Q94JY0	4F8E82B6	Chloroplast Stress granule
Q9C524	4F8E82B6	Chloroplast Stress granule
Q9CA67	4F8E82B6	Chloroplast Stress granule
Q9FEA2	4F8E82B6	Chloroplast Stress granule
Q9FG67	4F8E82B6	Chloroplast Stress granule
Q9FH02	4F8E82B6	Chloroplast Stress granule
Q9FN52	4F8E82B6	Chloroplast Stress granule
Q9FNB0	4F8E82B6	Chloroplast Stress granule
Q9FV53	4F8E82B6	Chloroplast Stress granule
Q9FV81	4F8E82B6	Chloroplast Stress granule
Q9LKA5	4F8E82B6	Chloroplast Stress granule
Q9LKR8	4F8E82B6	Chloroplast Stress granule
Q9LR75	4F8E82B6	Chloroplast Stress granule
Q9LS25	4F8E82B6	Chloroplast Stress granule
Q9LV03	4F8E82B6	Chloroplast Stress granule
Q9LV93	4F8E82B6	Chloroplast Stress granule
Q9LX31	4F8E82B6	Chloroplast Stress granule
Q9LY66	4F8E82B6	Chloroplast Stress granule
Q9M385	4F8E82B6	Chloroplast Stress granule
Q9M591	4F8E82B6	Chloroplast Stress granule
Q9S7D8	4F8E82B6	Chloroplast Stress granule
Q9S831	4F8E82B6	Chloroplast Stress granule
Q9SGS4	4F8E82B6	Chloroplast Stress granule
E9QJS7	453FB656	Mast cell extracellular granules (MCEGs)
Q8CEI0	453FB656	Mast cell extracellular granules (MCEGs)
O08553	453FB656	Mast cell extracellular granules (MCEGs)
Q64521	453FB656	Mast cell extracellular granules (MCEGs)
Q8CEH8	453FB656	Mast cell extracellular granules (MCEGs)
Q9CZU6	453FB656	Mast cell extracellular granules (MCEGs)
Q99KI0	453FB656	Mast cell extracellular granules (MCEGs)
P18760	453FB656	Mast cell extracellular granules (MCEGs)
Q811N6	453FB656	Mast cell extracellular granules (MCEGs)
P59999	453FB656	Mast cell extracellular granules (MCEGs)
Q4VA93	453FB656	Mast cell extracellular granules (MCEGs)
E9QKR0	453FB656	Mast cell extracellular granules (MCEGs)
D3YZJ1	453FB656	Mast cell extracellular granules (MCEGs)
Q3TXE5	453FB656	Mast cell extracellular granules (MCEGs)
D3Z5U5	453FB656	Mast cell extracellular granules (MCEGs)
P40142	453FB656	Mast cell extracellular granules (MCEGs)
Q8C3Z4	453FB656	Mast cell extracellular granules (MCEGs)
C8YIX4	453FB656	Mast cell extracellular granules (MCEGs)
Q8C605	453FB656	Mast cell extracellular granules (MCEGs)
Q3TRH8	453FB656	Mast cell extracellular granules (MCEGs)
Q80X90	453FB656	Mast cell extracellular granules (MCEGs)
O55226	453FB656	Mast cell extracellular granules (MCEGs)
Q3TML0	453FB656	Mast cell extracellular granules (MCEGs)
G3UX26	453FB656	Mast cell extracellular granules (MCEGs)
Q99PT1	453FB656	Mast cell extracellular granules (MCEGs)
P20060	453FB656	Mast cell extracellular granules (MCEGs)
Q3U505	453FB656	Mast cell extracellular granules (MCEGs)
C5H0E8	453FB656	Mast cell extracellular granules (MCEGs)
Q3U7R1	453FB656	Mast cell extracellular granules (MCEGs)
Q922A2	453FB656	Mast cell extracellular granules (MCEGs)
Q3TQ70	453FB656	Mast cell extracellular granules (MCEGs)
Q05144	453FB656	Mast cell extracellular granules (MCEGs)
Q31168	453FB656	Mast cell extracellular granules (MCEGs)
E9Q5F6	453FB656	Mast cell extracellular granules (MCEGs)
A0A0R4J119	453FB656	Mast cell extracellular granules (MCEGs)
P60766	453FB656	Mast cell extracellular granules (MCEGs)
Q4FJL0	453FB656	Mast cell extracellular granules (MCEGs)
P47753	453FB656	Mast cell extracellular granules (MCEGs)
P38647	453FB656	Mast cell extracellular granules (MCEGs)
Q9QUI0	453FB656	Mast cell extracellular granules (MCEGs)
Q3U8W0	453FB656	Mast cell extracellular granules (MCEGs)
Q9WTI7	453FB656	Mast cell extracellular granules (MCEGs)
Q5SX53	453FB656	Mast cell extracellular granules (MCEGs)
Q8C6F4	453FB656	Mast cell extracellular granules (MCEGs)
P84244	453FB656	Mast cell extracellular granules (MCEGs)
Q3TLT9	453FB656	Mast cell extracellular granules (MCEGs)
Q8K131	453FB656	Mast cell extracellular granules (MCEGs)
Q6ZQI3	453FB656	Mast cell extracellular granules (MCEGs)
Q3UJP4	453FB656	Mast cell extracellular granules (MCEGs)
Q3TKF6	453FB656	Mast cell extracellular granules (MCEGs)
Q52KG9	453FB656	Mast cell extracellular granules (MCEGs)
P14206	453FB656	Mast cell extracellular granules (MCEGs)
P97807	453FB656	Mast cell extracellular granules (MCEGs)
O35129	453FB656	Mast cell extracellular granules (MCEGs)
Q790Y8	453FB656	Mast cell extracellular granules (MCEGs)
P28660	453FB656	Mast cell extracellular granules (MCEGs)
D3YV43	453FB656	Mast cell extracellular granules (MCEGs)
Q3TIZ0	453FB656	Mast cell extracellular granules (MCEGs)
Q9CQV8	453FB656	Mast cell extracellular granules (MCEGs)
Q3UUX9	453FB656	Mast cell extracellular granules (MCEGs)
A0A1S6GWH5	453FB656	Mast cell extracellular granules (MCEGs)
P14152	453FB656	Mast cell extracellular granules (MCEGs)
Q8BFU2	453FB656	Mast cell extracellular granules (MCEGs)
Q9DB77	453FB656	Mast cell extracellular granules (MCEGs)
P97370	453FB656	Mast cell extracellular granules (MCEGs)
Q3UBZ3	453FB656	Mast cell extracellular granules (MCEGs)
Q61475	453FB656	Mast cell extracellular granules (MCEGs)
P15702	453FB656	Mast cell extracellular granules (MCEGs)
P40240	453FB656	Mast cell extracellular granules (MCEGs)
P63094	453FB656	Mast cell extracellular granules (MCEGs)
P16045	453FB656	Mast cell extracellular granules (MCEGs)
O89051	453FB656	Mast cell extracellular granules (MCEGs)
O55143	453FB656	Mast cell extracellular granules (MCEGs)
D4N6R6	453FB656	Mast cell extracellular granules (MCEGs)
Q3THG0	453FB656	Mast cell extracellular granules (MCEGs)
A2A513	453FB656	Mast cell extracellular granules (MCEGs)
Q4FJQ0	453FB656	Mast cell extracellular granules (MCEGs)
Q0VE46	453FB656	Mast cell extracellular granules (MCEGs)
Q3TRJ1	453FB656	Mast cell extracellular granules (MCEGs)
E9Q559	453FB656	Mast cell extracellular granules (MCEGs)
Q3TTY5	453FB656	Mast cell extracellular granules (MCEGs)
Q0PD67	453FB656	Mast cell extracellular granules (MCEGs)
P20491	453FB656	Mast cell extracellular granules (MCEGs)
Q5FWB6	453FB656	Mast cell extracellular granules (MCEGs)
P80315	453FB656	Mast cell extracellular granules (MCEGs)
Q9CVB6	453FB656	Mast cell extracellular granules (MCEGs)
Q3TJN9	453FB656	Mast cell extracellular granules (MCEGs)
O09044	453FB656	Mast cell extracellular granules (MCEGs)
Q3UW53	453FB656	Mast cell extracellular granules (MCEGs)
O54734	453FB656	Mast cell extracellular granules (MCEGs)
Q3T9Z7	453FB656	Mast cell extracellular granules (MCEGs)
Q9D8C2	453FB656	Mast cell extracellular granules (MCEGs)
Q9DCD0	453FB656	Mast cell extracellular granules (MCEGs)
A2A6U5	453FB656	Mast cell extracellular granules (MCEGs)
Q3THU8	453FB656	Mast cell extracellular granules (MCEGs)
Q9JLF6	453FB656	Mast cell extracellular granules (MCEGs)
P35700	453FB656	Mast cell extracellular granules (MCEGs)
Q9Z0L8	453FB656	Mast cell extracellular granules (MCEGs)
P54071	453FB656	Mast cell extracellular granules (MCEGs)
P26954	453FB656	Mast cell extracellular granules (MCEGs)
P35278	453FB656	Mast cell extracellular granules (MCEGs)
Q9D304	453FB656	Mast cell extracellular granules (MCEGs)
Q3UE51	453FB656	Mast cell extracellular granules (MCEGs)
P09528	453FB656	Mast cell extracellular granules (MCEGs)
Q3UDK4	453FB656	Mast cell extracellular granules (MCEGs)
Q8BFZ3	453FB656	Mast cell extracellular granules (MCEGs)
Q571M4	453FB656	Mast cell extracellular granules (MCEGs)
Q3TKB9	453FB656	Mast cell extracellular granules (MCEGs)
P61028	453FB656	Mast cell extracellular granules (MCEGs)
Q5SQX6	453FB656	Mast cell extracellular granules (MCEGs)
Q9D859	453FB656	Mast cell extracellular granules (MCEGs)
P01901	453FB656	Mast cell extracellular granules (MCEGs)
Q3UHW5	453FB656	Mast cell extracellular granules (MCEGs)
Q61599	453FB656	Mast cell extracellular granules (MCEGs)
A0A0B4J1P0	453FB656	Mast cell extracellular granules (MCEGs)
Q8BRU6	453FB656	Mast cell extracellular granules (MCEGs)
F6UKN5	453FB656	Mast cell extracellular granules (MCEGs)
A0A0B4J1E6	453FB656	Mast cell extracellular granules (MCEGs)
Q3U4F0	453FB656	Mast cell extracellular granules (MCEGs)
Q8C129	453FB656	Mast cell extracellular granules (MCEGs)
D3Z1S8	453FB656	Mast cell extracellular granules (MCEGs)
Q3UF03	453FB656	Mast cell extracellular granules (MCEGs)
Q8BH59	453FB656	Mast cell extracellular granules (MCEGs)
Q5SWR1	453FB656	Mast cell extracellular granules (MCEGs)
P01724	453FB656	Mast cell extracellular granules (MCEGs)
Q0VDM9	453FB656	Mast cell extracellular granules (MCEGs)
Q3U0T9	453FB656	Mast cell extracellular granules (MCEGs)
O35604	453FB656	Mast cell extracellular granules (MCEGs)
H7BXC3	453FB656	Mast cell extracellular granules (MCEGs)
Q6ZQ38	453FB656	Mast cell extracellular granules (MCEGs)
Q811E7	453FB656	Mast cell extracellular granules (MCEGs)
G3X9T7	453FB656	Mast cell extracellular granules (MCEGs)
Q9QWR8	453FB656	Mast cell extracellular granules (MCEGs)
Q9WTR1	453FB656	Mast cell extracellular granules (MCEGs)
A0A0R4J083	453FB656	Mast cell extracellular granules (MCEGs)
Q3UBE4	453FB656	Mast cell extracellular granules (MCEGs)
Q61414	453FB656	Mast cell extracellular granules (MCEGs)
H6TMF6	453FB656	Mast cell extracellular granules (MCEGs)
P50516	453FB656	Mast cell extracellular granules (MCEGs)
Q61425	453FB656	Mast cell extracellular granules (MCEGs)
Q8C3C9	453FB656	Mast cell extracellular granules (MCEGs)
O88668	453FB656	Mast cell extracellular granules (MCEGs)
P09055	453FB656	Mast cell extracellular granules (MCEGs)
P68040	453FB656	Mast cell extracellular granules (MCEGs)
P61205	453FB656	Mast cell extracellular granules (MCEGs)
Q3TJ51	453FB656	Mast cell extracellular granules (MCEGs)
Q3TU50	453FB656	Mast cell extracellular granules (MCEGs)
Q5UKY4	453FB656	Mast cell extracellular granules (MCEGs)
P55264	453FB656	Mast cell extracellular granules (MCEGs)
Q6SJQ0	453FB656	Mast cell extracellular granules (MCEGs)
Q91V08	453FB656	Mast cell extracellular granules (MCEGs)
Q91YQ5	453FB656	Mast cell extracellular granules (MCEGs)
P20489	453FB656	Mast cell extracellular granules (MCEGs)
Q3TIG9	453FB656	Mast cell extracellular granules (MCEGs)
Q3TK56	453FB656	Mast cell extracellular granules (MCEGs)
Q3UHT6	453FB656	Mast cell extracellular granules (MCEGs)
Q99M50	453FB656	Mast cell extracellular granules (MCEGs)
Q3TW82	453FB656	Mast cell extracellular granules (MCEGs)
P20108	453FB656	Mast cell extracellular granules (MCEGs)
Q3UJK5	453FB656	Mast cell extracellular granules (MCEGs)
Q8C3J5	453FB656	Mast cell extracellular granules (MCEGs)
Q3UNG2	453FB656	Mast cell extracellular granules (MCEGs)
P11983	453FB656	Mast cell extracellular granules (MCEGs)
Q9QUF7	453FB656	Mast cell extracellular granules (MCEGs)
Q3UBB0	453FB656	Mast cell extracellular granules (MCEGs)
Q8C2S9	453FB656	Mast cell extracellular granules (MCEGs)
Q3UIW3	453FB656	Mast cell extracellular granules (MCEGs)
E9PV41	453FB656	Mast cell extracellular granules (MCEGs)
Q6S390	453FB656	Mast cell extracellular granules (MCEGs)
A0A0R4J2B7	453FB656	Mast cell extracellular granules (MCEGs)
Q8BLF1	453FB656	Mast cell extracellular granules (MCEGs)
Q9D1D4	453FB656	Mast cell extracellular granules (MCEGs)
Q3TMA0	453FB656	Mast cell extracellular granules (MCEGs)
Q3URR4	453FB656	Mast cell extracellular granules (MCEGs)
Q9JM76	453FB656	Mast cell extracellular granules (MCEGs)
D3Z4A4	453FB656	Mast cell extracellular granules (MCEGs)
Q8VC94	453FB656	Mast cell extracellular granules (MCEGs)
Q9R1A1	453FB656	Mast cell extracellular granules (MCEGs)
D3YU75	453FB656	Mast cell extracellular granules (MCEGs)
P67778	453FB656	Mast cell extracellular granules (MCEGs)
Q3UF68	453FB656	Mast cell extracellular granules (MCEGs)
Q8BT06	453FB656	Mast cell extracellular granules (MCEGs)
Q8CBT5	453FB656	Mast cell extracellular granules (MCEGs)
E9Q3L2	453FB656	Mast cell extracellular granules (MCEGs)
E9Q1G8	453FB656	Mast cell extracellular granules (MCEGs)
Q9JIW9	453FB656	Mast cell extracellular granules (MCEGs)
P14824	453FB656	Mast cell extracellular granules (MCEGs)
P26043	453FB656	Mast cell extracellular granules (MCEGs)
Q91X42	453FB656	Mast cell extracellular granules (MCEGs)
Q8BVI9	453FB656	Mast cell extracellular granules (MCEGs)
Q9D103	453FB656	Mast cell extracellular granules (MCEGs)
P50446	453FB656	Mast cell extracellular granules (MCEGs)
Q8K183	453FB656	Mast cell extracellular granules (MCEGs)
P68254	453FB656	Mast cell extracellular granules (MCEGs)
E9Q1Z0	453FB656	Mast cell extracellular granules (MCEGs)
Q6IFZ6	453FB656	Mast cell extracellular granules (MCEGs)
A0A338P6X5	453FB656	Mast cell extracellular granules (MCEGs)
Q8VED5	453FB656	Mast cell extracellular granules (MCEGs)
P62259	453FB656	Mast cell extracellular granules (MCEGs)
P46425	453FB656	Mast cell extracellular granules (MCEGs)
A0A0G2JE99	453FB656	Mast cell extracellular granules (MCEGs)
F8WGM5	453FB656	Mast cell extracellular granules (MCEGs)
Q8BQX0	453FB656	Mast cell extracellular granules (MCEGs)
Q3UV17	453FB656	Mast cell extracellular granules (MCEGs)
Q91V41	453FB656	Mast cell extracellular granules (MCEGs)
P68510	453FB656	Mast cell extracellular granules (MCEGs)
Q9Z0P5	453FB656	Mast cell extracellular granules (MCEGs)
Q5SUV9	453FB656	Mast cell extracellular granules (MCEGs)
Q3TCL2	453FB656	Mast cell extracellular granules (MCEGs)
Q07797	453FB656	Mast cell extracellular granules (MCEGs)
Q9CXX1	453FB656	Mast cell extracellular granules (MCEGs)
Q641P0	453FB656	Mast cell extracellular granules (MCEGs)
Q9R0P3	453FB656	Mast cell extracellular granules (MCEGs)
Q3TZ44	453FB656	Mast cell extracellular granules (MCEGs)
Q99J93	453FB656	Mast cell extracellular granules (MCEGs)
Q8K2B3	453FB656	Mast cell extracellular granules (MCEGs)
Q91VB8	453FB656	Mast cell extracellular granules (MCEGs)
Q3TDT8	453FB656	Mast cell extracellular granules (MCEGs)
Q8BSH9	453FB656	Mast cell extracellular granules (MCEGs)
Q4VA90	453FB656	Mast cell extracellular granules (MCEGs)
B2KKU6	453FB656	Mast cell extracellular granules (MCEGs)
Q3TET0	453FB656	Mast cell extracellular granules (MCEGs)
F6X8L5	453FB656	Mast cell extracellular granules (MCEGs)
Q9DCX2	453FB656	Mast cell extracellular granules (MCEGs)
Q8K1X4	453FB656	Mast cell extracellular granules (MCEGs)
P00329	453FB656	Mast cell extracellular granules (MCEGs)
Q8BT60	453FB656	Mast cell extracellular granules (MCEGs)
Q7TMX2	453FB656	Mast cell extracellular granules (MCEGs)
Q91Y98	453FB656	Mast cell extracellular granules (MCEGs)
Q99JB2	453FB656	Mast cell extracellular granules (MCEGs)
Q9CPY7	453FB656	Mast cell extracellular granules (MCEGs)
Q3TMF4	453FB656	Mast cell extracellular granules (MCEGs)
Q546G4	453FB656	Mast cell extracellular granules (MCEGs)
P41241	453FB656	Mast cell extracellular granules (MCEGs)
Q8BGG7	453FB656	Mast cell extracellular granules (MCEGs)
Q9CZN7	453FB656	Mast cell extracellular granules (MCEGs)
Q99LL2	453FB656	Mast cell extracellular granules (MCEGs)
P04104	453FB656	Mast cell extracellular granules (MCEGs)
A0A0G2JDK2	453FB656	Mast cell extracellular granules (MCEGs)
Q9CZD3	453FB656	Mast cell extracellular granules (MCEGs)
Q9QZE5	453FB656	Mast cell extracellular granules (MCEGs)
P61804	453FB656	Mast cell extracellular granules (MCEGs)
A0A0U1RNT6	453FB656	Mast cell extracellular granules (MCEGs)
P84084	453FB656	Mast cell extracellular granules (MCEGs)
P70349	453FB656	Mast cell extracellular granules (MCEGs)
Q3UJU6	453FB656	Mast cell extracellular granules (MCEGs)
Q3TQP7	453FB656	Mast cell extracellular granules (MCEGs)
Q78XF5	453FB656	Mast cell extracellular granules (MCEGs)
A0A1D5RLP1	453FB656	Mast cell extracellular granules (MCEGs)
D3Z731	453FB656	Mast cell extracellular granules (MCEGs)
P62814	453FB656	Mast cell extracellular granules (MCEGs)
Q3UYF9	453FB656	Mast cell extracellular granules (MCEGs)
P05480	453FB656	Mast cell extracellular granules (MCEGs)
Q9D6F7	453FB656	Mast cell extracellular granules (MCEGs)
H3BK84	453FB656	Mast cell extracellular granules (MCEGs)
Q8BFR5	453FB656	Mast cell extracellular granules (MCEGs)
Q3UDG8	453FB656	Mast cell extracellular granules (MCEGs)
A0A0R4J0Z1	453FB656	Mast cell extracellular granules (MCEGs)
Q80VQ1	453FB656	Mast cell extracellular granules (MCEGs)
Q78ZJ8	453FB656	Mast cell extracellular granules (MCEGs)
Q542X7	453FB656	Mast cell extracellular granules (MCEGs)
P24369	453FB656	Mast cell extracellular granules (MCEGs)
Q8K3G7	453FB656	Mast cell extracellular granules (MCEGs)
A0A7N9VR94	453FB656	Mast cell extracellular granules (MCEGs)
Q921S5	453FB656	Mast cell extracellular granules (MCEGs)
Q497D7	453FB656	Mast cell extracellular granules (MCEGs)
Q4FJZ4	453FB656	Mast cell extracellular granules (MCEGs)
A0A0A6YY34	453FB656	Mast cell extracellular granules (MCEGs)
Q18PH8	453FB656	Mast cell extracellular granules (MCEGs)
E9PUB0	453FB656	Mast cell extracellular granules (MCEGs)
P05201	453FB656	Mast cell extracellular granules (MCEGs)
Q3UII2	453FB656	Mast cell extracellular granules (MCEGs)
Q3UB84	453FB656	Mast cell extracellular granules (MCEGs)
Q2HJ10	453FB656	Mast cell extracellular granules (MCEGs)
Q9D2R0	453FB656	Mast cell extracellular granules (MCEGs)
B7ZMR0	453FB656	Mast cell extracellular granules (MCEGs)
Q3TFE8	453FB656	Mast cell extracellular granules (MCEGs)
Q3TDE4	453FB656	Mast cell extracellular granules (MCEGs)
Q571D6	453FB656	Mast cell extracellular granules (MCEGs)
Q3UK44	453FB656	Mast cell extracellular granules (MCEGs)
Q9D679	453FB656	Mast cell extracellular granules (MCEGs)
Q8BGU5	453FB656	Mast cell extracellular granules (MCEGs)
Q91V35	453FB656	Mast cell extracellular granules (MCEGs)
A0A023J6F3	453FB656	Mast cell extracellular granules (MCEGs)
O70569	453FB656	Mast cell extracellular granules (MCEGs)
P50543	453FB656	Mast cell extracellular granules (MCEGs)
Q61703	453FB656	Mast cell extracellular granules (MCEGs)
Q9QUM9	453FB656	Mast cell extracellular granules (MCEGs)
H3BJ78	453FB656	Mast cell extracellular granules (MCEGs)
A0A0A6YY75	453FB656	Mast cell extracellular granules (MCEGs)
O54782	453FB656	Mast cell extracellular granules (MCEGs)
Q8CGK3	453FB656	Mast cell extracellular granules (MCEGs)
B9EJ86	453FB656	Mast cell extracellular granules (MCEGs)
Q9CWJ9	453FB656	Mast cell extracellular granules (MCEGs)
P24527	453FB656	Mast cell extracellular granules (MCEGs)
P08228	453FB656	Mast cell extracellular granules (MCEGs)
Q3TXJ4	453FB656	Mast cell extracellular granules (MCEGs)
Q64314	453FB656	Mast cell extracellular granules (MCEGs)
D3Z2H7	453FB656	Mast cell extracellular granules (MCEGs)
Q8BG60	453FB656	Mast cell extracellular granules (MCEGs)
Q8C290	453FB656	Mast cell extracellular granules (MCEGs)
Q3U2M0	453FB656	Mast cell extracellular granules (MCEGs)
Q60597	453FB656	Mast cell extracellular granules (MCEGs)
D3YUG6	453FB656	Mast cell extracellular granules (MCEGs)
O55029	453FB656	Mast cell extracellular granules (MCEGs)
Q9DCV1	453FB656	Mast cell extracellular granules (MCEGs)
Q9D8N0	453FB656	Mast cell extracellular granules (MCEGs)
O35379	453FB656	Mast cell extracellular granules (MCEGs)
Q3TPL8	453FB656	Mast cell extracellular granules (MCEGs)
F8WHP8	453FB656	Mast cell extracellular granules (MCEGs)
Q8R5J9	453FB656	Mast cell extracellular granules (MCEGs)
Q3U7N9	453FB656	Mast cell extracellular granules (MCEGs)
Q6TCI0	453FB656	Mast cell extracellular granules (MCEGs)
A0A1W2P8E1	453FB656	Mast cell extracellular granules (MCEGs)
B2RU54	453FB656	Mast cell extracellular granules (MCEGs)
Q99KL8	453FB656	Mast cell extracellular granules (MCEGs)
F8WJA1	453FB656	Mast cell extracellular granules (MCEGs)
Q3TJD4	453FB656	Mast cell extracellular granules (MCEGs)
Q9ESU7	453FB656	Mast cell extracellular granules (MCEGs)
P62331	453FB656	Mast cell extracellular granules (MCEGs)
A0A494B923	453FB656	Mast cell extracellular granules (MCEGs)
Q3TLX1	453FB656	Mast cell extracellular granules (MCEGs)
O08749	453FB656	Mast cell extracellular granules (MCEGs)
Q80UM7	453FB656	Mast cell extracellular granules (MCEGs)
S4R1N6	453FB656	Mast cell extracellular granules (MCEGs)
Q3UF82	453FB656	Mast cell extracellular granules (MCEGs)
Q8VH34	453FB656	Mast cell extracellular granules (MCEGs)
Q91VK4	453FB656	Mast cell extracellular granules (MCEGs)
Q5M9P3	453FB656	Mast cell extracellular granules (MCEGs)
A6BLY7	453FB656	Mast cell extracellular granules (MCEGs)
B9EKJ1	453FB656	Mast cell extracellular granules (MCEGs)
E9PWE9	453FB656	Mast cell extracellular granules (MCEGs)
Q7TMU1	453FB656	Mast cell extracellular granules (MCEGs)
O08807	453FB656	Mast cell extracellular granules (MCEGs)
D6RGM3	453FB656	Mast cell extracellular granules (MCEGs)
A0A3B2W7S7	453FB656	Mast cell extracellular granules (MCEGs)
Q9DBH5	453FB656	Mast cell extracellular granules (MCEGs)
P70460	453FB656	Mast cell extracellular granules (MCEGs)
X5J4T2	453FB656	Mast cell extracellular granules (MCEGs)
Q3THM1	453FB656	Mast cell extracellular granules (MCEGs)
Q3TQP6	453FB656	Mast cell extracellular granules (MCEGs)
B0LAE4	453FB656	Mast cell extracellular granules (MCEGs)
A0A0N4SUM3	453FB656	Mast cell extracellular granules (MCEGs)
O35405	453FB656	Mast cell extracellular granules (MCEGs)
A0A140LJG6	453FB656	Mast cell extracellular granules (MCEGs)
O88952	453FB656	Mast cell extracellular granules (MCEGs)
Q3TWZ3	453FB656	Mast cell extracellular granules (MCEGs)
Q8BX08	453FB656	Mast cell extracellular granules (MCEGs)
Q93092	453FB656	Mast cell extracellular granules (MCEGs)
P35802	453FB656	Mast cell extracellular granules (MCEGs)
Q3UC02	453FB656	Mast cell extracellular granules (MCEGs)
O55142	453FB656	Mast cell extracellular granules (MCEGs)
O88325	453FB656	Mast cell extracellular granules (MCEGs)
Q9DCL9	453FB656	Mast cell extracellular granules (MCEGs)
Q01768	453FB656	Mast cell extracellular granules (MCEGs)
Q3U2W7	453FB656	Mast cell extracellular granules (MCEGs)
Q6P5H2	453FB656	Mast cell extracellular granules (MCEGs)
P70677	453FB656	Mast cell extracellular granules (MCEGs)
B9EKE9	453FB656	Mast cell extracellular granules (MCEGs)
Q8BTY3	453FB656	Mast cell extracellular granules (MCEGs)
E9PYH2	453FB656	Mast cell extracellular granules (MCEGs)
P21956	453FB656	Mast cell extracellular granules (MCEGs)
P15119	453FB656	Mast cell extracellular granules (MCEGs)
Q9QXW9	453FB656	Mast cell extracellular granules (MCEGs)
A0A1W2P7L5	453FB656	Mast cell extracellular granules (MCEGs)
Q07417	453FB656	Mast cell extracellular granules (MCEGs)
Q6ZWY3	453FB656	Mast cell extracellular granules (MCEGs)
F8VQ94	453FB656	Mast cell extracellular granules (MCEGs)
Q9CR64	453FB656	Mast cell extracellular granules (MCEGs)
Q8CHK3	453FB656	Mast cell extracellular granules (MCEGs)
Q58ET1	453FB656	Mast cell extracellular granules (MCEGs)
A0A571BF54	453FB656	Mast cell extracellular granules (MCEGs)
A2A6H0	453FB656	Mast cell extracellular granules (MCEGs)
A0A3Q4EHJ0	453FB656	Mast cell extracellular granules (MCEGs)
Q544U5	453FB656	Mast cell extracellular granules (MCEGs)
Q3TKC2	453FB656	Mast cell extracellular granules (MCEGs)
E9Q0U7	453FB656	Mast cell extracellular granules (MCEGs)
F6RR81	453FB656	Mast cell extracellular granules (MCEGs)
Q6XJV4	453FB656	Mast cell extracellular granules (MCEGs)
Q8VCT4	453FB656	Mast cell extracellular granules (MCEGs)
Q3UH23	453FB656	Mast cell extracellular granules (MCEGs)
Q99N28	453FB656	Mast cell extracellular granules (MCEGs)
Q6ZPS9	453FB656	Mast cell extracellular granules (MCEGs)
A0A338P731	453FB656	Mast cell extracellular granules (MCEGs)
Q05CK5	453FB656	Mast cell extracellular granules (MCEGs)
Q32NZ6	453FB656	Mast cell extracellular granules (MCEGs)
A0A0J9YTU3	453FB656	Mast cell extracellular granules (MCEGs)
Q6P5E4	453FB656	Mast cell extracellular granules (MCEGs)
J3QMG3	453FB656	Mast cell extracellular granules (MCEGs)
J3QPW1	453FB656	Mast cell extracellular granules (MCEGs)
Q9JKF1	453FB656	Mast cell extracellular granules (MCEGs)
Q03701	904EB3AA	CEBPZ condensates
Q60864	453FB656	Mast cell extracellular granules (MCEGs)
Q5FWB7	453FB656	Mast cell extracellular granules (MCEGs)
P10126	453FB656	Mast cell extracellular granules (MCEGs)
P08249	453FB656	Mast cell extracellular granules (MCEGs)
Q5SW83	453FB656	Mast cell extracellular granules (MCEGs)
Q3TN39	453FB656	Mast cell extracellular granules (MCEGs)
Q8CAW4	453FB656	Mast cell extracellular granules (MCEGs)
P14719	453FB656	Mast cell extracellular granules (MCEGs)
Q3UMI7	453FB656	Mast cell extracellular granules (MCEGs)
D3Z6I8	453FB656	Mast cell extracellular granules (MCEGs)
Q7TMN7	453FB656	Mast cell extracellular granules (MCEGs)
Q9DC51	453FB656	Mast cell extracellular granules (MCEGs)
Q921M7	453FB656	Mast cell extracellular granules (MCEGs)
Q60648	453FB656	Mast cell extracellular granules (MCEGs)
A0A2X0SYS9	453FB656	Mast cell extracellular granules (MCEGs)
P04637	0BA9F057	p53 condensate
Q9UQ35	A0B10078	Nuclear Speckle
Q16630	A0B10078	Nuclear Speckle
Q43349	5050C028	CP29A condensate
Q14980	51029B16	mInsc-LGN-NuMA condensate
P81274	51029B16	mInsc-LGN-NuMA condensate
Q1MX18	51029B16	mInsc-LGN-NuMA condensate
Q01604	6F419402	Cactin condensate
Q9VR99	6F419402	Cactin condensate
Q8TC71	321ACA04	Mieap condensate
Q1MX18	B9AF1FB1	mInsc-Par6β-Par3 condensate
Q9BYG5	B9AF1FB1	mInsc-Par6β-Par3 condensate
O00254	B9AF1FB1	mInsc-Par6β-Par3 condensate
Q13283	2D4CEA55	Stress Granule
Q9UN86	2D4CEA55	Stress Granule
Q80TM2	453FB656	Mast cell extracellular granules (MCEGs)
Q91XV3	453FB656	Mast cell extracellular granules (MCEGs)
A8IP69	453FB656	Mast cell extracellular granules (MCEGs)
Q14BZ3	453FB656	Mast cell extracellular granules (MCEGs)
A0A0A0MQA5	453FB656	Mast cell extracellular granules (MCEGs)
Q3UCW4	453FB656	Mast cell extracellular granules (MCEGs)
Q3UE92	453FB656	Mast cell extracellular granules (MCEGs)
Q9Z1R9	453FB656	Mast cell extracellular granules (MCEGs)
Q8BVY8	453FB656	Mast cell extracellular granules (MCEGs)
P27601	453FB656	Mast cell extracellular granules (MCEGs)
Q8C6E3	453FB656	Mast cell extracellular granules (MCEGs)
A0A0A6YWC8	453FB656	Mast cell extracellular granules (MCEGs)
Q8R016	453FB656	Mast cell extracellular granules (MCEGs)
Q6P5F7	453FB656	Mast cell extracellular granules (MCEGs)
Q64281	453FB656	Mast cell extracellular granules (MCEGs)
P05202	453FB656	Mast cell extracellular granules (MCEGs)
F2Z471	453FB656	Mast cell extracellular granules (MCEGs)
B2RPR7	453FB656	Mast cell extracellular granules (MCEGs)
P06795	453FB656	Mast cell extracellular granules (MCEGs)
Q3TG92	453FB656	Mast cell extracellular granules (MCEGs)
Q3U9G9	453FB656	Mast cell extracellular granules (MCEGs)
B7ZCP4	453FB656	Mast cell extracellular granules (MCEGs)
Q3UQM7	453FB656	Mast cell extracellular granules (MCEGs)
P61750	453FB656	Mast cell extracellular granules (MCEGs)
A0A2R8VHP3	453FB656	Mast cell extracellular granules (MCEGs)
P60335	453FB656	Mast cell extracellular granules (MCEGs)
P30558	453FB656	Mast cell extracellular granules (MCEGs)
P21981	453FB656	Mast cell extracellular granules (MCEGs)
Q3URI3	453FB656	Mast cell extracellular granules (MCEGs)
Q3UJU5	453FB656	Mast cell extracellular granules (MCEGs)
A0A1B0GR78	453FB656	Mast cell extracellular granules (MCEGs)
Q641N3	453FB656	Mast cell extracellular granules (MCEGs)
Q3UK08	453FB656	Mast cell extracellular granules (MCEGs)
Q80UR6	453FB656	Mast cell extracellular granules (MCEGs)
A0A494BA97	453FB656	Mast cell extracellular granules (MCEGs)
A0A494B982	453FB656	Mast cell extracellular granules (MCEGs)
Q8K2Q7	453FB656	Mast cell extracellular granules (MCEGs)
P29351	453FB656	Mast cell extracellular granules (MCEGs)
A0A0R4J1S4	453FB656	Mast cell extracellular granules (MCEGs)
G3UWW8	453FB656	Mast cell extracellular granules (MCEGs)
Q80U36	453FB656	Mast cell extracellular granules (MCEGs)
A0A1L1SSF8	453FB656	Mast cell extracellular granules (MCEGs)
Q3U643	453FB656	Mast cell extracellular granules (MCEGs)
J3QNM3	453FB656	Mast cell extracellular granules (MCEGs)
Q8BYR2	9A00E86C	DDR1 condensate
P01108	7954D4A1	c‐Maf condensates
P49916	DEE660B4	Stress granule
P10896	4F8E82B6	Chloroplast Stress granule
P56801	4F8E82B6	Chloroplast Stress granule
Q8L7S8	4F8E82B6	Chloroplast Stress granule
Q9FLN4	4F8E82B6	Chloroplast Stress granule
Q9LYT7	4F8E82B6	Chloroplast Stress granule
Q9SIF2	4F8E82B6	Chloroplast Stress granule
Q9SJE1	4F8E82B6	Chloroplast Stress granule
Q9SL79	4F8E82B6	Chloroplast Stress granule
Q9SR19	4F8E82B6	Chloroplast Stress granule
Q9SVS0	4F8E82B6	Chloroplast Stress granule
Q9SYL9	4F8E82B6	Chloroplast Stress granule
Q9ZU32	4F8E82B6	Chloroplast Stress granule
Q9ZUU4	4F8E82B6	Chloroplast Stress granule
Q9ZW84	4F8E82B6	Chloroplast Stress granule
Q9U302	9DA71F79	Stress granule
P54132	B55775CA	SSB condensate
Q9D2Y4	D12E4DB9	Stress granule
Q9U302	EE0382A7	P-body
A0A0D9S7U2	8E814538	Nuclear speckle
O14965	DEE660B4	Stress granule
P97477	D12E4DB9	Stress granule
P63104	DEE660B4	Stress granule
Q91VJ5	D12E4DB9	Stress granule
D3ZYS7	B2E8AD81	Stress granule
P55009	B2E8AD81	Stress granule
P63102	B2E8AD81	Stress granule
A0A0H3C5T2	BRCBNA10	BR-body
A0A0H3CD37	BRCBNA10	BR-body
A0A0H3CAD2	BRCBNA10	BR-body
A0A0H3CE74	BRCBNA10	BR-body
A0A0H3CA42	BRCBNA10	BR-body
A0A0H3CBJ5	BRCBNA10	BR-body
B8GXA8	BRCBNA10	BR-body
A0A0H3CB60	BRCBNA10	BR-body
A0A0H3CB84	BRCBNA10	BR-body
A0A0H3C4Q0	BRCBNA10	BR-body
A0A0H3C7X1	BRCBNA10	BR-body
A0A0H3CD94	BRCBNA10	BR-body
A0A0H3IXN5	BRCBNA10	BR-body
A0A0H3CB73	BRCBNA10	BR-body
A0A0H3CE34	BRCBNA10	BR-body
B8GWZ3	BRCBNA10	BR-body
A0A0H3CA67	BRCBNA10	BR-body
A0A0H3CG38	BRCBNA10	BR-body
A0A0H3CAF3	BRCBNA10	BR-body
A0A0H3CE80	BRCBNA10	BR-body
A0A0H3C9G6	BRCBNA10	BR-body
A0A0H3CAV9	BRCBNA10	BR-body
A0A0H3CAM8	BRCBNA10	BR-body
A0A0H3CC87	BRCBNA10	BR-body
A0A0H3CAL7	BRCBNA10	BR-body
A0A0H3CAK0	BRCBNA10	BR-body
A0A0H3CDS9	BRCBNA10	BR-body
A0A0H3CCE1	BRCBNA10	BR-body
B8H607	BRCBNA10	BR-body
A0A0H3CE84	BRCBNA10	BR-body
A0A0H3CCT2	BRCBNA10	BR-body
A0A0H3CBR8	BRCBNA10	BR-body
A0A0H3C3Q3	BRCBNA10	BR-body
A0A0H3C7H6	BRCBNA10	BR-body
A0A0H3CA58	BRCBNA10	BR-body
A0A0H3C5U7	BRCBNA10	BR-body
A0A0H3C9K7	BRCBNA10	BR-body
A0A0H3C9N8	BRCBNA10	BR-body
A0A0H3C9I9	BRCBNA10	BR-body
A0A0H3CAF1	BRCBNA10	BR-body
A0A0H3CG88	BRCBNA10	BR-body
A0A0H3C5T6	BRCBNA10	BR-body
A0A0H3CCT7	BRCBNA10	BR-body
A0A0H3C4H2	BRCBNA10	BR-body
A0A0H3CCN8	BRCBNA10	BR-body
A0A0H3C924	BRCBNA10	BR-body
A0A0H3C6N5	BRCBNA10	BR-body
B8H4D3	BRCBNA10	BR-body
A0A0H3C565	BRCBNA10	BR-body
B8GW92	BRCBNA10	BR-body
A0A0H3C940	BRCBNA10	BR-body
B8GXK7	BRCBNA10	BR-body
A0A0H3C8F2	BRCBNA10	BR-body
B8GWL9	BRCBNA10	BR-body
A0A0H3CBQ4	BRCBNA10	BR-body
A0A0H3CE29	BRCBNA10	BR-body
A0A0H3C5D7	BRCBNA10	BR-body
B8GYI7	BRCBNA10	BR-body
A0A0H3CA03	BRCBNA10	BR-body
B8GWZ0	BRCBNA10	BR-body
A0A0H3CFG4	BRCBNA10	BR-body
A0A0H3C9C5	BRCBNA10	BR-body
B8H0R5	BRCBNA10	BR-body
A0A0H3C6K4	BRCBNA10	BR-body
A0A0H3CDZ7	BRCBNA10	BR-body
A0A0H3CC94	BRCBNA10	BR-body
A0A0H3CEH0	BRCBNA10	BR-body
B8GZS3	BRCBNA10	BR-body
A0A0H3CA89	BRCBNA10	BR-body
B8H630	BRCBNA10	BR-body
A0A0H3C705	BRCBNA10	BR-body
A0A0H3CA13	BRCBNA10	BR-body
A0A0H3C461	BRCBNA10	BR-body
A0A0H3C8M4	BRCBNA10	BR-body
A0A0H3C6J8	BRCBNA10	BR-body
A0A0H3C495	BRCBNA10	BR-body
A0A0H3CFJ6	BRCBNA10	BR-body
A0A0H3C4F3	BRCBNA10	BR-body
B8H4M5	BRCBNA10	BR-body
B8GYG5	BRCBNA10	BR-body
B8GZS7	BRCBNA10	BR-body
A0A0H3C9D7	BRCBNA10	BR-body
A0A0H3CAF0	BRCBNA10	BR-body
A0A0H3CAS3	BRCBNA10	BR-body
A0A0H3CD18	BRCBNA10	BR-body
B8GYL6	BRCBNA10	BR-body
B8H415	BRCBNA10	BR-body
A0A0H3CCM3	BRCBNA10	BR-body
B8H4E0	BRCBNA10	BR-body
A0A0H3CAL1	BRCBNA10	BR-body
A0A0H3C896	BRCBNA10	BR-body
A0A0H3C671	BRCBNA10	BR-body
B8H640	BRCBNA10	BR-body
B8GXF0	BRCBNA10	BR-body
A0A0H3C3N8	BRCBNA10	BR-body
B8H053	BRCBNA10	BR-body
B8H4A3	BRCBNA10	BR-body
B8H4E4	BRCBNA10	BR-body
B8H621	BRCBNA10	BR-body
A0A0H3CBT6	BRCBNA10	BR-body
A0A0H3C8K7	BRCBNA10	BR-body
B8H416	BRCBNA10	BR-body
A0A0H3CEJ3	BRCBNA10	BR-body
A0A0H3C981	BRCBNA10	BR-body
B8H4D7	BRCBNA10	BR-body
B8H5U4	BRCBNA10	BR-body
B8H4E6	BRCBNA10	BR-body
B8GXL9	BRCBNA10	BR-body
A0A0H3C5P8	BRCBNA10	BR-body
A0A0H3CB10	BRCBNA10	BR-body
A0A0H3CAE7	BRCBNA10	BR-body
A0A0H3CCY8	BRCBNA10	BR-body
A0AVK6	91857CE7	Nucleolus
A1Z1Q3	91857CE7	Nucleolus
A6NHQ2	91857CE7	Nucleolus
A9UHW6	91857CE7	Nucleolus
B2CW77	91857CE7	Nucleolus
O00221	91857CE7	Nucleolus
O00488	91857CE7	Nucleolus
O00712	91857CE7	Nucleolus
O14511	91857CE7	Nucleolus
O14907	91857CE7	Nucleolus
O14924	91857CE7	Nucleolus
O15105	91857CE7	Nucleolus
O15169	91857CE7	Nucleolus
O15297	91857CE7	Nucleolus
O43148	91857CE7	Nucleolus
O43679	91857CE7	Nucleolus
O43681	91857CE7	Nucleolus
O43745	91857CE7	Nucleolus
O43829	91857CE7	Nucleolus
O43929	91857CE7	Nucleolus
O60285	91857CE7	Nucleolus
O60315	91857CE7	Nucleolus
O60765	91857CE7	Nucleolus
O75164	91857CE7	Nucleolus
O75344	91857CE7	Nucleolus
O75386	91857CE7	Nucleolus
O75398	91857CE7	Nucleolus
O75626	91857CE7	Nucleolus
O76075	91857CE7	Nucleolus
O95751	91857CE7	Nucleolus
O96028	91857CE7	Nucleolus
P04080	91857CE7	Nucleolus
P05204	91857CE7	Nucleolus
P08651	91857CE7	Nucleolus
P09067	91857CE7	Nucleolus
P0C7T5	91857CE7	Nucleolus
P10070	91857CE7	Nucleolus
P10276	91857CE7	Nucleolus
P11309	91857CE7	Nucleolus
P11474	91857CE7	Nucleolus
P11802	91857CE7	Nucleolus
P17020	91857CE7	Nucleolus
P18847	91857CE7	Nucleolus
P20794	91857CE7	Nucleolus
P22674	91857CE7	Nucleolus
P22736	91857CE7	Nucleolus
P28356	91857CE7	Nucleolus
P28702	91857CE7	Nucleolus
P29350	91857CE7	Nucleolus
P30291	91857CE7	Nucleolus
P35398	91857CE7	Nucleolus
P36404	91857CE7	Nucleolus
P37275	91857CE7	Nucleolus
P42338	91857CE7	Nucleolus
P42681	91857CE7	Nucleolus
P46937	91857CE7	Nucleolus
P48552	91857CE7	Nucleolus
P50548	91857CE7	Nucleolus
P51513	91857CE7	Nucleolus
P51812	91857CE7	Nucleolus
P52737	91857CE7	Nucleolus
P52824	91857CE7	Nucleolus
P53803	91857CE7	Nucleolus
P54253	91857CE7	Nucleolus
P55212	91857CE7	Nucleolus
P55317	91857CE7	Nucleolus
P55771	91857CE7	Nucleolus
P55854	91857CE7	Nucleolus
P61081	91857CE7	Nucleolus
P61218	91857CE7	Nucleolus
P62068	91857CE7	Nucleolus
P63000	91857CE7	Nucleolus
P78337	91857CE7	Nucleolus
P78362	91857CE7	Nucleolus
P80217	91857CE7	Nucleolus
P98170	91857CE7	Nucleolus
Q03111	91857CE7	Nucleolus
Q03989	91857CE7	Nucleolus
Q05519	91857CE7	Nucleolus
Q06609	91857CE7	Nucleolus
Q07869	91857CE7	Nucleolus
Q07954	91857CE7	Nucleolus
Q12824	91857CE7	Nucleolus
Q12951	91857CE7	Nucleolus
Q12986	91857CE7	Nucleolus
Q13228	91857CE7	Nucleolus
Q13309	91857CE7	Nucleolus
Q13595	91857CE7	Nucleolus
Q14493	91857CE7	Nucleolus
Q15013	91857CE7	Nucleolus
Q15021	91857CE7	Nucleolus
Q15072	91857CE7	Nucleolus
Q15291	91857CE7	Nucleolus
Q15327	91857CE7	Nucleolus
Q15361	91857CE7	Nucleolus
Q15475	91857CE7	Nucleolus
Q15543	91857CE7	Nucleolus
Q15572	91857CE7	Nucleolus
Q15697	91857CE7	Nucleolus
Q15796	91857CE7	Nucleolus
Q15935	91857CE7	Nucleolus
Q16560	91857CE7	Nucleolus
Q16566	91857CE7	Nucleolus
Q16670	91857CE7	Nucleolus
Q2QGD7	91857CE7	Nucleolus
Q4FZB7	91857CE7	Nucleolus
Q53GS7	91857CE7	Nucleolus
Q53H47	91857CE7	Nucleolus
Q53HC9	91857CE7	Nucleolus
Q53HV7	91857CE7	Nucleolus
Q53T94	91857CE7	Nucleolus
Q569K4	91857CE7	Nucleolus
Q56P42	91857CE7	Nucleolus
Q5T124	91857CE7	Nucleolus
Q5TB30	91857CE7	Nucleolus
Q5VVJ2	91857CE7	Nucleolus
Q66K74	91857CE7	Nucleolus
Q68CL5	91857CE7	Nucleolus
Q6P2C8	91857CE7	Nucleolus
Q6P2H3	91857CE7	Nucleolus
Q6PI98	91857CE7	Nucleolus
Q6ZN30	91857CE7	Nucleolus
Q6ZNB5	91857CE7	Nucleolus
Q6ZUU3	91857CE7	Nucleolus
Q6ZVD7	91857CE7	Nucleolus
Q70IA6	91857CE7	Nucleolus
Q7L3S4	91857CE7	Nucleolus
Q7L590	91857CE7	Nucleolus
Q7Z3V5	91857CE7	Nucleolus
Q7Z591	91857CE7	Nucleolus
Q7Z624	91857CE7	Nucleolus
Q7Z7K6	91857CE7	Nucleolus
Q86TI0	91857CE7	Nucleolus
Q86TJ5	91857CE7	Nucleolus
Q86UD0	91857CE7	Nucleolus
Q86UE8	91857CE7	Nucleolus
Q86US8	91857CE7	Nucleolus
Q86UU0	91857CE7	Nucleolus
Q86XK2	91857CE7	Nucleolus
Q86Y91	91857CE7	Nucleolus
Q8IVF5	91857CE7	Nucleolus
Q8IX15	91857CE7	Nucleolus
Q8IXJ6	91857CE7	Nucleolus
Q8IXW5	91857CE7	Nucleolus
Q8N0Y2	91857CE7	Nucleolus
Q8N140	91857CE7	Nucleolus
Q8N7H5	91857CE7	Nucleolus
Q8N8Y5	91857CE7	Nucleolus
Q8NBT2	91857CE7	Nucleolus
Q8NCD3	91857CE7	Nucleolus
Q8NCU7	91857CE7	Nucleolus
Q8ND76	91857CE7	Nucleolus
Q8NE09	91857CE7	Nucleolus
Q8NFW8	91857CE7	Nucleolus
Q8WUJ3	91857CE7	Nucleolus
Q8WVC0	91857CE7	Nucleolus
Q8WVJ9	91857CE7	Nucleolus
Q8WYA1	91857CE7	Nucleolus
Q8WYK1	91857CE7	Nucleolus
Q92551	91857CE7	Nucleolus
Q92750	91857CE7	Nucleolus
Q92794	91857CE7	Nucleolus
Q92844	91857CE7	Nucleolus
Q92973	91857CE7	Nucleolus
Q969H6	91857CE7	Nucleolus
Q96DE0	91857CE7	Nucleolus
Q96EB6	91857CE7	Nucleolus
Q96ES7	91857CE7	Nucleolus
Q96FA3	91857CE7	Nucleolus
Q96IU4	91857CE7	Nucleolus
Q96JI7	91857CE7	Nucleolus
Q96JP5	91857CE7	Nucleolus
Q96K58	91857CE7	Nucleolus
Q96LX8	91857CE7	Nucleolus
Q96N77	91857CE7	Nucleolus
Q96PV7	91857CE7	Nucleolus
Q96QC0	91857CE7	Nucleolus
Q96QU8	91857CE7	Nucleolus
Q99527	91857CE7	Nucleolus
Q99590	91857CE7	Nucleolus
Q99941	91857CE7	Nucleolus
Q9BSF8	91857CE7	Nucleolus
Q9BSH5	91857CE7	Nucleolus
Q9BSK1	91857CE7	Nucleolus
Q9BUZ4	91857CE7	Nucleolus
Q9BV44	91857CE7	Nucleolus
Q9BW71	91857CE7	Nucleolus
Q9BXW9	91857CE7	Nucleolus
Q9C0J8	91857CE7	Nucleolus
Q9GZZ1	91857CE7	Nucleolus
Q9H0E7	91857CE7	Nucleolus
Q9H1E3	91857CE7	Nucleolus
Q9H2F5	91857CE7	Nucleolus
Q9H3N1	91857CE7	Nucleolus
Q9H410	91857CE7	Nucleolus
Q9H4L5	91857CE7	Nucleolus
Q9H4X1	91857CE7	Nucleolus
Q9H596	91857CE7	Nucleolus
Q9H9Q4	91857CE7	Nucleolus
Q9HAW0	91857CE7	Nucleolus
Q9NQU5	91857CE7	Nucleolus
Q9NQX1	91857CE7	Nucleolus
Q9NQZ8	91857CE7	Nucleolus
Q9NR55	91857CE7	Nucleolus
Q9NS73	91857CE7	Nucleolus
Q9NSG2	91857CE7	Nucleolus
Q9NSI6	91857CE7	Nucleolus
Q9NTI7	91857CE7	Nucleolus
Q9NUL7	91857CE7	Nucleolus
Q9NX04	91857CE7	Nucleolus
Q9NYG5	91857CE7	Nucleolus
Q9P021	91857CE7	Nucleolus
Q9P0K8	91857CE7	Nucleolus
Q9P2B7	91857CE7	Nucleolus
Q9UBX2	91857CE7	Nucleolus
Q9UBZ4	91857CE7	Nucleolus
Q9UBZ9	91857CE7	Nucleolus
Q9UGN5	91857CE7	Nucleolus
Q9UHB7	91857CE7	Nucleolus
Q9UHH9	91857CE7	Nucleolus
Q9UHK0	91857CE7	Nucleolus
Q9UHQ1	91857CE7	Nucleolus
Q9UJU3	91857CE7	Nucleolus
Q9UL54	91857CE7	Nucleolus
Q9ULD2	91857CE7	Nucleolus
Q9ULT8	91857CE7	Nucleolus
Q9ULU4	91857CE7	Nucleolus
Q9ULZ3	91857CE7	Nucleolus
Q9UNF1	91857CE7	Nucleolus
Q9UPQ8	91857CE7	Nucleolus
Q9Y237	91857CE7	Nucleolus
Q9Y388	91857CE7	Nucleolus
Q9Y3C6	91857CE7	Nucleolus
Q9Y421	91857CE7	Nucleolus
Q9Y473	91857CE7	Nucleolus
Q9Y484	91857CE7	Nucleolus
Q9Y4B6	91857CE7	Nucleolus
Q9Y530	91857CE7	Nucleolus
Q9Y5A7	91857CE7	Nucleolus
Q9Y5K5	91857CE7	Nucleolus
Q9Y5N6	91857CE7	Nucleolus
Q9Y5Q0	91857CE7	Nucleolus
Q9Y5Q9	91857CE7	Nucleolus
Q9Y6E0	91857CE7	Nucleolus
Q9Y6P5	91857CE7	Nucleolus
